id,P-001,P-005,P-012,P-014,P-016,P-018,P-019,P-024,P-026,P-028,P-033,P-034,P-037,P-038,P-042,P-052,P-054,P-059,P-072,P-073,P-079,P-087,P-090,P-091,path
ASV0001,0,0,0,0,0,0,0,0,0,0,0,0,0,0,0,0,0,0,0,0,0,0,0,0,Root;Bacteria;Firmicutes;Bacilli;Lactobacillales;Streptococcaceae;Streptococcus;unclassified_Streptococcus
ASV0002,0,0,0,0,0,0,0,0,0,0,0,0,0,0,0,0,0,0,0,0,0,0,0,0,Root;Bacteria;Bacteroidota;Bacteroidia;Bacteroidales;Bacteroidaceae;Bacteroides;unclassified_Bacteroides
ASV0003,1522,1238,699,373,372,1650,486,575,1757,1124,1562,646,928,1634,1286,738,917,544,559,9141,700,698,1528,1470,Root;Bacteria;Actinobacteriota;Actinomycetia;Actinomycetales;Bifidobacteriaceae;Bifidobacterium;unclassified_Bifidobacterium
ASV0004,1396,861,415,1000,642,1877,1384,1740,1244,1082,1515,607,1108,1341,1199,39,783,1255,782,8672,1089,1793,573,1762,Root;Bacteria;Firmicutes;Bacilli;Lactobacillales;Streptococcaceae;Lactococcus;unclassified_Lactococcus
ASV0005,1485,2229,1360,1225,1115,2876,1125,1234,1910,1779,1926,2312,1629,1752,1881,1701,1451,1447,2228,34524,2261,1983,2293,2359,Root;Bacteria;Actinobacteriota;Coriobacteriia;Coriobacteriales;Coriobacteriaceae;Collinsella;unclassified_Collinsella
ASV0006,0,0,0,0,0,0,0,0,0,0,0,0,0,0,0,0,0,0,0,0,0,0,0,0,Root;Bacteria;Bacteroidota;Bacteroidia;Bacteroidales;Bacteroidaceae;unclassified_Bacteroidaceae
ASV0007,0,0,0,0,0,0,0,0,0,0,0,0,0,0,0,0,0,0,0,0,0,0,0,0,Root;Bacteria;Firmicutes_C;Negativicutes;Veillonellales;Veillonellaceae;Veillonella;unclassified_Veillonella
ASV0008,0,0,0,0,0,0,0,0,0,0,0,0,0,0,0,0,0,0,0,0,0,0,0,0,Root;Bacteria;Actinobacteriota;Actinomycetia;Actinomycetales;Bifidobacteriaceae;Bifidobacterium;unclassified_Bifidobacterium
ASV0009,0,0,0,0,0,0,0,0,0,0,0,0,0,0,0,0,0,0,0,0,0,0,0,0,Root;Bacteria;Firmicutes_C;Negativicutes;Veillonellales;Megasphaeraceae;Megasphaera;unclassified_Megasphaera
ASV0010,0,0,0,0,0,0,0,0,0,0,0,0,0,0,0,0,0,0,0,0,0,0,0,0,Root;Bacteria;Bacteroidota;Bacteroidia;Bacteroidales;Bacteroidaceae;Bacteroides;unclassified_Bacteroides
ASV0011,0,0,0,0,0,0,0,0,0,0,0,0,0,0,0,0,0,0,0,0,0,0,0,0,Root;Bacteria;Actinobacteriota;Coriobacteriia;Coriobacteriales;Atopobiaceae;Olsenella;Olsenella_uli
ASV0012,531,488,256,320,220,774,516,490,754,300,508,478,413,604,634,373,538,464,598,5429,500,649,735,495,Root;Bacteria;Firmicutes_A;Clostridia;Oscillospirales;Oscillospiraceae;Flavonifractor;Flavonifractor_plautii
ASV0013,0,0,0,0,0,0,0,0,0,0,0,0,0,0,0,0,0,0,0,0,0,0,0,0,Root;Bacteria;Actinobacteriota;Actinomycetia;Actinomycetales;Bifidobacteriaceae;Bifidobacterium;unclassified_Bifidobacterium
ASV0014,1587,862,313,761,640,1093,1066,1492,1130,845,1596,786,516,907,968,550,1224,1039,848,8781,1020,1200,1248,1126,Root;Bacteria;Firmicutes_C;Negativicutes;Veillonellales;Veillonellaceae;Veillonella_A;Veillonella_A_magna
ASV0015,0,0,0,0,0,0,0,0,0,0,0,0,0,0,0,0,0,0,0,0,0,0,0,0,Root;Bacteria;Bacteroidota;Bacteroidia;Bacteroidales;Bacteroidaceae;Prevotella;Prevotella_sp900313215
ASV0016,0,0,0,0,0,0,0,0,0,0,0,0,0,0,0,0,0,0,0,0,0,0,0,0,Root;Bacteria;Proteobacteria;Gammaproteobacteria;Pseudomonadales;Moraxellaceae;Acinetobacter;unclassified_Acinetobacter
ASV0017,445,353,395,981,677,1074,1866,2595,1241,166,260,1261,604,1134,1147,1425,1902,1442,2250,9684,1194,2655,2142,213,Root;Bacteria;Bacteroidota;Bacteroidia;Bacteroidales;Bacteroidaceae;Bacteroides;unclassified_Bacteroides
ASV0018,0,0,0,0,0,0,0,0,0,0,0,0,0,0,0,0,0,0,0,0,0,0,0,0,Root;Bacteria;Firmicutes_A;Clostridia;Lachnospirales;Lachnospiraceae;unclassified_Lachnospiraceae
ASV0019,0,0,0,0,0,0,0,0,0,0,0,0,0,0,0,0,0,0,0,0,0,0,0,0,Root;Bacteria;Firmicutes_A;Clostridia;Tissierellales;Peptoniphilaceae;Levyella;Levyella_massiliensis
ASV0020,108,7,33,18,30,30,25,41,26,7,94,23,9,22,49,40,48,18,45,1375,94,64,60,10,Root;Bacteria;unclassified_Bacteria
ASV0021,108,139,18,133,51,29,7,0,10,88,110,101,21,2,8,0,5,0,160,1961,137,234,1,95,Root;Bacteria;Firmicutes_A;Clostridia;Peptostreptococcales;Peptostreptococcaceae;Clostridioides;unclassified_Clostridioides
ASV0022,0,0,0,0,0,0,0,0,0,0,0,0,0,0,0,0,0,0,0,0,0,0,0,0,Root;Bacteria;Bacteroidota;Bacteroidia;Bacteroidales;Bacteroidaceae;Prevotella;Prevotella_timonensis_A
ASV0023,262,200,243,345,360,314,515,671,432,171,295,549,88,323,277,498,451,512,612,8223,452,754,731,228,Root;Bacteria;Proteobacteria;Gammaproteobacteria;Enterobacterales;Enterobacteriaceae;Proteus;unclassified_Proteus
ASV0024,0,0,0,0,0,0,0,0,0,0,0,0,0,0,0,0,0,0,0,0,0,0,0,0,Root;Bacteria;Bacteroidota;Bacteroidia;Bacteroidales;Bacteroidaceae;Prevotella;unclassified_Prevotella
ASV0025,76,84,91,99,71,150,147,192,87,43,60,187,125,63,89,11,73,131,308,2820,157,354,107,84,Root;Bacteria;Firmicutes_A;Clostridia;Lachnospirales;Lachnospiraceae;Ruminococcus_B;Ruminococcus_B_gnavus
ASV0026,20,60,35,185,182,40,145,1,20,23,11,318,23,8,15,1,23,20,589,2769,282,472,3,45,Root;Bacteria;Firmicutes_A;Clostridia;Lachnospirales;Lachnospiraceae;Faecalimonas;Faecalimonas_phoceensis
ASV0027,0,0,0,0,0,0,0,0,0,0,0,0,0,0,0,0,0,0,0,0,0,0,0,0,Root;Bacteria;Actinobacteriota;Coriobacteriia;Coriobacteriales;Atopobiaceae;Olegusella;Olegusella_massiliensis
ASV0028,19,323,71,26,87,484,59,81,59,556,12,88,156,52,68,29,37,59,140,2511,174,96,65,470,Root;Bacteria;Firmicutes;Bacilli;Lactobacillales;Lactobacillaceae;Lacticaseibacillus;unclassified_Lacticaseibacillus
ASV0029,18,18,2,7,10,1,12,2,0,20,21,14,0,2,0,5,11,8,36,75,13,21,17,35,Root;Bacteria;Firmicutes_A;Clostridia;Clostridiales;Clostridiaceae;Clostridium;Clostridium_paraputrificum
ASV0030,0,0,0,0,0,0,0,0,0,0,0,0,0,0,0,0,0,0,0,0,0,0,0,0,Root;Bacteria;Firmicutes_A;Clostridia;Lachnospirales;Lachnospiraceae;Enterocloster;unclassified_Enterocloster
ASV0031,0,0,0,0,0,0,0,0,0,0,0,0,0,0,0,0,0,0,0,0,0,0,0,0,Root;Bacteria;Firmicutes_C;Negativicutes;Veillonellales;Dialisteraceae;Dialister;Dialister_invisus
ASV0032,0,0,0,0,0,0,0,0,0,0,0,0,0,0,0,0,0,0,0,0,0,0,0,0,Root;Bacteria;Firmicutes_A;Clostridia;Lachnospirales;Lachnospiraceae;Anaerobutyricum;Anaerobutyricum_hallii
ASV0033,0,0,0,0,0,0,0,0,0,0,0,0,0,0,0,0,0,0,0,0,0,0,0,0,Root;Bacteria;Proteobacteria;Gammaproteobacteria;Burkholderiales;Burkholderiaceae;Mesosutterella;unclassified_Mesosutterella
ASV0034,0,0,0,0,0,0,0,0,0,0,0,0,0,0,0,0,0,0,0,0,0,0,0,0,Root;Bacteria;Firmicutes_A;Clostridia;Clostridiales;Clostridiaceae;Clostridium;unclassified_Clostridium
ASV0035,0,0,0,0,0,0,0,0,0,0,0,0,0,0,0,0,0,0,0,0,0,0,0,0,Root;Bacteria;Firmicutes_A;Clostridia;Tissierellales;Peptoniphilaceae;Peptoniphilus_A;unclassified_Peptoniphilus_A
ASV0036,0,1,0,0,0,2,2,0,0,0,0,0,0,2,1,1,0,0,0,2,1,1,0,1,Root;Bacteria;Proteobacteria;Gammaproteobacteria;Xanthomonadales;Xanthomonadaceae;Stenotrophomonas;unclassified_Stenotrophomonas
ASV0037,0,0,0,0,0,0,0,0,0,0,0,0,0,0,0,0,0,0,0,0,0,0,0,0,Root;Bacteria;Firmicutes_A;Clostridia;Lachnospirales;Lachnospiraceae;Blautia_A;unclassified_Blautia_A
ASV0038,0,0,0,0,0,0,0,0,0,0,0,0,0,0,0,0,0,0,0,0,0,0,0,0,Root;Bacteria;Firmicutes_A;Clostridia;Oscillospirales;Acutalibacteraceae;Ruminococcus_E;unclassified_Ruminococcus_E
ASV0039,0,0,0,0,0,0,0,0,0,0,0,0,0,0,0,0,0,0,0,0,0,0,0,0,Root;Bacteria;Bacteroidota;Bacteroidia;Bacteroidales;Bacteroidaceae;Bacteroides;unclassified_Bacteroides
ASV0040,14,11,2,2,0,0,7,0,92,7,23,1,2,81,61,0,3,6,0,69,0,0,10,11,Root;Bacteria;Firmicutes;Bacilli;Lactobacillales;Lactobacillaceae;Lactobacillus;unclassified_Lactobacillus
ASV0041,0,0,0,0,0,0,0,0,0,0,0,0,0,0,0,0,0,0,0,0,0,0,0,0,Root;Bacteria;Actinobacteriota;Actinomycetia;Actinomycetales;Bifidobacteriaceae;Bifidobacterium;unclassified_Bifidobacterium
ASV0042,0,0,0,0,0,0,0,0,0,0,0,0,0,0,0,0,0,0,0,0,0,0,0,0,Root;Bacteria;Bacteroidota;Bacteroidia;Bacteroidales;Bacteroidaceae;Bacteroides;unclassified_Bacteroides
ASV0043,409,193,92,138,138,250,225,326,252,174,392,154,113,214,225,143,297,239,165,1938,245,277,306,258,Root;Bacteria;Firmicutes_C;Negativicutes;Veillonellales;Veillonellaceae;Veillonella_A;Veillonella_A_magna
ASV0044,14,10,8,5,9,14,9,14,5,6,5,33,13,5,9,18,18,11,28,340,9,27,35,6,Root;Bacteria;Firmicutes;Bacilli;Erysipelotrichales;Coprobacillaceae;Erysipelatoclostridium;Erysipelatoclostridium_ramosum
ASV0045,251,85,8,149,614,18,356,324,235,35,218,316,4,98,42,344,222,246,1062,2195,894,1078,331,39,Root;Bacteria;Proteobacteria;Gammaproteobacteria;Pseudomonadales;Moraxellaceae;Acinetobacter;unclassified_Acinetobacter
ASV0046,0,0,0,0,0,0,0,0,0,0,0,0,0,0,0,0,0,0,0,0,0,0,0,0,Root;Bacteria;Firmicutes_C;Negativicutes;Veillonellales;Megasphaeraceae;Megasphaera;unclassified_Megasphaera
ASV0047,0,0,0,0,0,0,0,0,0,0,0,0,0,0,0,0,0,0,0,0,0,0,0,0,Root;Bacteria;Firmicutes_A;Clostridia;Oscillospirales;Ruminococcaceae;Faecalibacterium;unclassified_Faecalibacterium
ASV0048,28,16,18,5,4,30,12,29,37,12,17,5,9,29,32,25,24,22,34,686,13,39,42,13,Root;Bacteria;Actinobacteriota;Actinomycetia;Actinomycetales;Bifidobacteriaceae;Bifidobacterium;Bifidobacterium_bifidum
ASV0049,0,0,0,0,0,0,0,0,0,0,0,0,0,0,0,0,0,0,0,0,0,0,0,0,Root;Bacteria;Actinobacteriota;Coriobacteriia;Coriobacteriales;Atopobiaceae;Lancefieldella;unclassified_Lancefieldella
ASV0050,14,2,5,22,142,3,9,51,7,3,10,83,5,0,0,532,100,17,128,548,245,55,213,0,Root;Bacteria;Firmicutes;Bacilli;Lactobacillales;Enterococcaceae;unclassified_Enterococcaceae
ASV0051,0,0,0,2,0,0,0,0,0,1,0,1,0,0,0,0,0,0,1,1,0,0,1,0,Root;Bacteria;Firmicutes_C;Negativicutes;Veillonellales;Negativicoccaceae;Negativicoccus;Negativicoccus_succinicivorans
ASV0052,0,0,0,0,0,0,0,0,0,0,0,0,0,0,0,0,0,0,0,0,0,0,0,0,Root;Bacteria;Firmicutes_C;Negativicutes;Veillonellales;Dialisteraceae;Dialister;unclassified_Dialister
ASV0053,0,0,0,0,0,0,0,0,0,0,0,0,0,0,0,0,0,0,0,0,0,0,0,0,Root;Bacteria;Bacteroidota;Bacteroidia;Bacteroidales;Bacteroidaceae;Prevotella;Prevotella_timonensis_A
ASV0054,0,0,0,0,0,0,0,0,0,0,0,0,0,0,0,0,0,0,0,0,0,0,0,0,Root;Bacteria;Proteobacteria;Gammaproteobacteria;Enterobacterales;Enterobacteriaceae;Morganella;unclassified_Morganella
ASV0055,0,0,0,0,0,0,0,0,0,0,0,0,0,0,0,0,0,0,0,0,0,0,0,0,Root;Bacteria;Bacteroidota;Bacteroidia;Bacteroidales;Bacteroidaceae;Prevotella;unclassified_Prevotella
ASV0056,2,118,35,26,15,27,0,2,14,40,6,107,26,26,15,0,0,0,88,102,28,22,1,62,Root;Bacteria;Firmicutes_A;Clostridia;Clostridiales;Clostridiaceae;Clostridium;Clostridium_neonatale
ASV0057,0,0,0,0,0,0,0,0,0,0,0,0,0,0,0,0,0,0,0,0,0,0,0,0,Root;Bacteria;Firmicutes;Bacilli;Lactobacillales;Streptococcaceae;Streptococcus;unclassified_Streptococcus
ASV0058,0,0,0,0,0,0,0,0,0,0,0,0,0,0,0,0,0,0,0,0,0,0,0,0,Root;Bacteria;Proteobacteria;Gammaproteobacteria;Burkholderiales;Burkholderiaceae;Sutterella;Sutterella_wadsworthensis
ASV0059,0,0,0,0,0,0,0,0,0,0,0,0,0,0,0,0,0,0,0,0,0,0,0,0,Root;Bacteria;Bacteroidota;Bacteroidia;Bacteroidales;Bacteroidaceae;Prevotella;unclassified_Prevotella
ASV0060,0,0,4,0,0,33,0,2,5,2,0,0,16,12,14,1,2,0,0,8,1,0,2,0,Root;Bacteria;Firmicutes_C;Negativicutes;Veillonellales;Veillonellaceae;Veillonella;unclassified_Veillonella
ASV0061,0,0,0,0,0,0,0,0,0,0,0,2,0,0,0,0,0,0,0,1,2,0,0,0,Root;Bacteria;Proteobacteria;Gammaproteobacteria;Pseudomonadales;Pseudomonadaceae;Pseudomonas_E;unclassified_Pseudomonas_E
ASV0062,0,0,0,0,0,0,0,0,0,0,0,0,0,0,0,0,0,0,0,0,0,0,0,0,Root;Bacteria;Firmicutes_A;Clostridia;Tissierellales;Peptoniphilaceae;Finegoldia;unclassified_Finegoldia
ASV0063,0,0,0,0,0,0,0,0,0,0,0,0,0,0,0,0,0,0,0,0,0,0,0,0,Root;Bacteria;Firmicutes_C;Negativicutes;Veillonellales;Veillonellaceae;Veillonella_A;unclassified_Veillonella_A
ASV0064,0,0,0,0,0,0,0,0,0,0,0,0,0,0,0,0,0,0,0,0,0,0,0,0,Root;Bacteria;Bacteroidota;Bacteroidia;Bacteroidales;Bacteroidaceae;Prevotella;Prevotella_buccalis
ASV0065,0,0,0,0,0,0,0,0,0,0,0,0,0,0,0,0,0,0,0,0,0,0,0,0,Root;Bacteria;Firmicutes_C;Negativicutes;Veillonellales;Megasphaeraceae;Anaeroglobus;Anaeroglobus_micronuciformis
ASV0066,29,124,28,27,18,118,0,0,19,90,46,72,53,26,31,0,1,0,66,666,44,74,0,139,Root;Bacteria;Firmicutes_A;Clostridia;Eubacteriales;Eubacteriaceae;Eubacterium;unclassified_Eubacterium
ASV0067,0,0,0,0,0,0,0,0,0,0,0,0,0,0,0,0,0,0,0,0,0,0,0,0,Root;Bacteria;Firmicutes_A;Clostridia;Peptostreptococcales;Peptostreptococcaceae;Intestinibacter;unclassified_Intestinibacter
ASV0068,3,0,0,5,0,0,3,0,0,0,2,13,0,0,0,0,4,0,2,123,7,3,5,0,Root;Bacteria;Firmicutes_A;Clostridia;Clostridiales;Clostridiaceae;Clostridium_P;Clostridium_P_perfringens
ASV0069,101,50,18,79,71,54,147,75,79,42,90,106,37,65,52,19,106,86,159,1021,124,155,140,39,Root;Bacteria;Firmicutes_A;Clostridia;Lachnospirales;Lachnospiraceae;unclassified_Lachnospiraceae
ASV0070,0,0,0,0,0,0,0,0,0,0,0,0,0,0,0,0,0,0,0,0,0,0,0,0,Root;unclassified_Root
ASV0071,0,0,0,0,0,0,0,0,0,0,0,0,0,0,0,0,0,0,0,0,0,0,0,0,Root;Bacteria;Firmicutes;Bacilli;Paenibacillales;Paenibacillaceae;Paenibacillus;unclassified_Paenibacillus
ASV0072,0,0,0,0,0,0,0,0,0,0,0,0,0,0,0,0,0,0,0,0,0,0,0,0,Root;Bacteria;Firmicutes_C;Negativicutes;Veillonellales;Megasphaeraceae;Megasphaera;Megasphaera_sp001546855
ASV0073,0,0,0,0,0,0,0,0,0,0,0,0,0,0,0,0,0,0,0,0,0,0,0,0,Root;Bacteria;Bacteroidota;Bacteroidia;Bacteroidales;Tannerellaceae;Parabacteroides;unclassified_Parabacteroides
ASV0074,0,0,0,0,0,0,0,0,0,0,0,0,0,0,0,0,0,0,0,0,0,0,0,0,Root;Bacteria;Proteobacteria;Gammaproteobacteria;Enterobacterales;Enterobacteriaceae;unclassified_Enterobacteriaceae
ASV0075,0,0,0,0,0,0,0,0,0,0,0,0,0,0,0,0,0,0,0,0,0,0,0,0,Root;Bacteria;Firmicutes_A;Clostridia;Clostridiales;Clostridiaceae;Clostridium;unclassified_Clostridium
ASV0076,0,0,0,0,0,0,0,0,0,0,0,0,0,0,0,0,0,0,0,0,0,0,0,0,Root;Bacteria;Actinobacteriota;Actinomycetia;Actinomycetales;Bifidobacteriaceae;Bifidobacterium;unclassified_Bifidobacterium
ASV0077,0,0,0,0,0,0,0,0,0,0,0,0,0,0,0,0,0,0,0,0,0,0,0,0,Root;Bacteria;Firmicutes_A;Clostridia;Tissierellales;Peptoniphilaceae;Anaerococcus;unclassified_Anaerococcus
ASV0078,0,0,0,0,0,0,0,0,0,0,0,0,0,0,0,0,0,0,0,0,0,0,0,0,Root;Bacteria;Actinobacteriota;Actinomycetia;Actinomycetales;Actinomycetaceae;Varibaculum;unclassified_Varibaculum
ASV0079,55,18,12,5,6,29,63,44,57,10,42,24,11,42,73,21,74,59,21,174,16,12,80,5,Root;Bacteria;Firmicutes;Bacilli;Lactobacillales;Enterococcaceae;unclassified_Enterococcaceae
ASV0080,0,0,0,0,0,0,0,0,0,0,0,0,0,0,0,0,0,0,0,0,0,0,0,0,Root;Bacteria;Deinococcota;Deinococci;Deinococcales;Deinococcaceae;Deinococcus;Deinococcus_radiodurans
ASV0081,0,0,0,0,0,0,0,0,0,0,0,0,0,0,0,0,0,0,0,0,0,0,0,0,Root;Bacteria;Firmicutes_A;Clostridia;Oscillospirales;Oscillospiraceae;unclassified_Oscillospiraceae
ASV0082,0,0,0,0,0,0,0,0,0,0,0,0,0,0,0,0,0,0,0,0,0,0,0,0,Root;Bacteria;Firmicutes;Bacilli;Bacillales;Bacillaceae_G;Bacillus_A;unclassified_Bacillus_A
ASV0083,0,0,0,0,0,0,0,0,0,0,0,0,0,0,0,0,0,0,0,0,0,0,0,0,Root;Bacteria;Bacteroidota;Bacteroidia;Bacteroidales;Bacteroidaceae;Prevotella;Prevotella_buccae
ASV0084,51,31,14,46,51,33,84,38,64,18,51,73,22,31,31,18,69,52,95,550,72,109,83,23,Root;Bacteria;Firmicutes_A;Clostridia;Lachnospirales;Lachnospiraceae;unclassified_Lachnospiraceae
ASV0085,0,0,0,0,0,0,0,0,0,0,0,0,0,0,0,0,0,0,0,0,0,0,0,0,Root;Bacteria;Firmicutes_A;Clostridia;Lachnospirales;Lachnospiraceae;Anaerobutyricum;Anaerobutyricum_soehngenii
ASV0086,0,0,0,0,0,0,0,0,0,0,0,0,0,0,0,0,0,0,0,0,0,0,0,0,Root;Bacteria;Firmicutes_C;Negativicutes;Veillonellales;Dialisteraceae;Dialister;unclassified_Dialister
ASV0087,0,0,0,0,0,0,0,0,0,0,0,0,0,0,0,0,0,0,0,0,0,0,0,0,Root;Bacteria;Bacteroidota;Bacteroidia;Bacteroidales;Bacteroidaceae;Prevotella;Prevotella_buccalis
ASV0088,0,0,0,0,0,0,0,0,0,0,0,0,0,0,0,0,0,0,0,0,0,0,0,0,Root;unclassified_Root
ASV0089,0,0,0,0,0,0,0,0,0,0,0,0,0,0,0,0,0,0,0,0,0,0,0,0,Root;Bacteria;Firmicutes;Bacilli;Lactobacillales;Lactobacillaceae;Weissella;unclassified_Weissella
ASV0090,0,0,0,0,0,0,0,0,0,0,0,0,0,0,0,0,0,0,0,0,1,0,0,0,Root;Bacteria;Firmicutes;Bacilli;Lactobacillales;Streptococcaceae;Streptococcus;Streptococcus_mutans
ASV0091,0,0,0,0,0,0,0,0,0,0,0,0,0,0,0,0,0,0,0,0,0,0,0,0,Root;Bacteria;Firmicutes_A;Clostridia;Lachnospirales;Lachnospiraceae;RUG115;RUG115_sp900066395
ASV0092,0,0,0,0,0,0,0,0,0,0,0,0,0,0,0,0,0,0,0,0,0,0,0,0,Root;Bacteria;Desulfobacterota_I;Desulfovibrionia;Desulfovibrionales;Desulfovibrionaceae;Desulfovibrio;unclassified_Desulfovibrio
ASV0093,0,0,0,0,0,0,0,0,0,0,0,0,0,0,0,0,0,0,0,0,0,0,0,0,Root;Bacteria;Actinobacteriota;Actinomycetia;Actinomycetales;Actinomycetaceae;Actinomyces;unclassified_Actinomyces
ASV0094,0,0,0,0,0,0,0,0,0,0,0,0,0,0,0,0,0,0,0,0,0,0,0,0,Root;Bacteria;Firmicutes_A;Clostridia;Lachnospirales;Lachnospiraceae;Anaerobutyricum;Anaerobutyricum_soehngenii
ASV0095,0,0,0,0,0,0,0,0,0,0,0,0,0,0,0,0,0,0,0,0,0,0,0,0,Root;unclassified_Root
ASV0096,0,0,0,0,0,0,0,0,0,0,0,0,0,0,0,0,0,0,0,0,0,0,0,0,Root;Bacteria;Bacteroidota;Bacteroidia;Bacteroidales;Bacteroidaceae;Prevotella;unclassified_Prevotella
ASV0097,0,0,0,0,0,0,0,0,1,0,2,0,0,0,2,0,1,0,0,3,0,0,0,0,Root;Bacteria;Proteobacteria;Gammaproteobacteria;Enterobacterales;Enterobacteriaceae;unclassified_Enterobacteriaceae
ASV0098,0,0,0,0,0,0,0,0,0,0,0,0,0,0,0,0,0,0,0,0,0,0,0,0,Root;Bacteria;Firmicutes_A;Clostridia;Oscillospirales;Butyricicoccaceae;unclassified_Butyricicoccaceae
ASV0099,0,0,0,0,0,0,0,0,0,0,0,0,0,0,0,0,0,0,0,0,0,0,0,0,Root;Bacteria;Firmicutes;Bacilli;Staphylococcales;Staphylococcaceae;Staphylococcus;unclassified_Staphylococcus
ASV0100,0,0,0,0,0,0,0,0,0,0,0,0,0,0,0,0,0,0,0,0,0,0,0,0,Root;Bacteria;Firmicutes_A;Clostridia;Tissierellales;Peptoniphilaceae;Anaerococcus;unclassified_Anaerococcus
ASV0101,0,0,0,0,0,0,0,0,0,0,0,0,0,0,0,0,0,0,0,0,0,0,0,0,Root;Bacteria;Firmicutes;Bacilli;Lactobacillales;Lactobacillaceae;Lactiplantibacillus;unclassified_Lactiplantibacillus
ASV0102,0,0,0,0,0,0,0,0,0,0,0,0,0,0,0,0,0,0,0,0,0,0,0,0,Root;Bacteria;Bacteroidota;Bacteroidia;Bacteroidales;Bacteroidaceae;Bacteroides;unclassified_Bacteroides
ASV0103,0,47,0,108,0,0,23,30,1,36,0,311,0,0,0,0,0,21,0,36,139,0,0,39,Root;Bacteria;Firmicutes;Bacilli;Bacillales_A;Planococcaceae;Lysinibacillus;unclassified_Lysinibacillus
ASV0104,0,0,0,0,0,0,0,0,0,0,0,0,0,0,0,0,0,0,0,0,0,0,0,0,Root;Bacteria;Proteobacteria;Gammaproteobacteria;Burkholderiales;Burkholderiaceae;Sutterella;unclassified_Sutterella
ASV0105,0,0,0,0,0,0,0,0,0,0,0,0,0,0,0,0,0,0,0,0,0,0,0,0,Root;Bacteria;Bacteroidota;Bacteroidia;Bacteroidales;Bacteroidaceae;unclassified_Bacteroidaceae
ASV0106,0,0,0,0,0,0,0,0,0,0,0,0,0,0,0,0,0,0,0,0,0,0,0,0,Root;Bacteria;Fusobacteriota;Fusobacteriia;Fusobacteriales;Fusobacteriaceae;Fusobacterium;unclassified_Fusobacterium
ASV0107,32,21,18,17,11,52,55,76,104,19,29,31,32,69,102,37,76,30,36,222,36,90,57,34,Root;Bacteria;Actinobacteriota;Coriobacteriia;Coriobacteriales;Eggerthellaceae;Eggerthella;Eggerthella_lenta
ASV0108,0,0,0,0,0,0,0,0,0,0,0,0,0,0,0,0,0,0,0,0,0,0,0,0,Root;Bacteria;Actinobacteriota;Coriobacteriia;Coriobacteriales;Eggerthellaceae;Eggerthella;unclassified_Eggerthella
ASV0109,0,0,0,0,0,0,0,0,0,0,0,0,0,0,0,0,0,0,0,0,0,0,0,0,Root;Bacteria;Firmicutes;Bacilli;unclassified_Bacilli
ASV0110,0,0,0,0,0,0,0,0,0,0,0,0,0,0,0,0,0,0,0,0,0,0,0,0,Root;Bacteria;unclassified_Bacteria
ASV0111,0,0,0,0,0,0,0,0,0,0,0,0,0,0,0,0,0,0,0,0,0,0,0,0,Root;Bacteria;Firmicutes_C;Negativicutes;Veillonellales;Veillonellaceae;Veillonella;unclassified_Veillonella
ASV0112,0,0,0,0,0,0,0,0,0,0,0,0,0,0,0,0,0,0,0,0,0,0,0,0,Root;Bacteria;Firmicutes_A;Clostridia;Lachnospirales;Lachnospiraceae;Faecalimonas;Faecalimonas_phoceensis
ASV0113,0,0,0,0,0,0,0,0,0,0,0,0,0,0,0,0,0,0,0,0,0,0,0,0,Root;Bacteria;Bacteroidota;Bacteroidia;Bacteroidales;Bacteroidaceae;Prevotella;Prevotella_sp900290275
ASV0114,0,0,0,0,0,0,0,0,0,0,0,0,0,0,0,0,0,0,0,0,0,0,0,0,Root;Bacteria;Bacteroidota;Bacteroidia;Bacteroidales;Bacteroidaceae;Prevotella;unclassified_Prevotella
ASV0115,0,0,0,0,0,0,0,0,0,0,0,0,0,0,0,0,0,0,0,0,0,0,0,0,Root;Bacteria;Actinobacteriota;Actinomycetia;Actinomycetales;Bifidobacteriaceae;Bifidobacterium;unclassified_Bifidobacterium
ASV0116,0,0,0,0,0,0,0,0,0,0,0,0,0,0,0,0,0,0,0,0,0,0,0,0,Root;Bacteria;Firmicutes_A;Clostridia;Lachnospirales;Lachnospiraceae;Sellimonas;Sellimonas_intestinalis
ASV0117,0,0,0,0,0,0,0,4,0,2,0,0,0,0,0,0,0,0,0,0,0,0,0,0,Root;Bacteria;Firmicutes;Bacilli;Lactobacillales;Enterococcaceae;unclassified_Enterococcaceae
ASV0118,0,0,0,0,0,0,0,0,0,0,0,0,0,0,0,0,0,0,0,0,0,0,0,0,Root;Bacteria;Firmicutes_A;Clostridia;Lachnospirales;Lachnospiraceae;Dorea_A;unclassified_Dorea_A
ASV0119,16,11,0,5,3,9,13,22,12,5,11,9,9,8,15,0,10,8,18,118,10,15,14,13,Root;Bacteria;Firmicutes_A;Clostridia;Lachnospirales;Lachnospiraceae;Ruminococcus_B;Ruminococcus_B_gnavus
ASV0120,0,0,0,0,0,0,0,0,0,0,0,0,0,0,0,0,0,0,0,0,0,0,0,0,Root;Bacteria;Firmicutes_C;Negativicutes;Veillonellales;Negativicoccaceae;Negativicoccus;Negativicoccus_succinicivorans
ASV0121,0,0,0,0,0,0,0,0,0,0,0,0,0,0,0,0,0,0,0,0,0,0,0,0,Root;Bacteria;Bacteroidota;Bacteroidia;Bacteroidales;Tannerellaceae;Parabacteroides;unclassified_Parabacteroides
ASV0122,20,13,2,0,5,12,11,22,17,3,13,0,7,16,14,0,7,12,14,114,11,16,8,9,Root;Bacteria;Firmicutes_A;Clostridia;Lachnospirales;Lachnospiraceae;Ruminococcus_B;Ruminococcus_B_gnavus
ASV0123,0,0,1,2,0,0,0,0,0,0,2,5,1,0,0,0,0,0,8,74,4,8,0,0,Root;Bacteria;Firmicutes_A;Clostridia;Lachnospirales;Lachnospiraceae;Enterocloster;Enterocloster_sp900538485
ASV0124,0,0,0,0,0,0,0,0,0,0,0,0,0,0,0,0,0,0,0,0,0,0,0,0,Root;Bacteria;Bacteroidota;Bacteroidia;Bacteroidales;Bacteroidaceae;Bacteroides;unclassified_Bacteroides
ASV0125,0,0,0,0,0,0,0,0,0,0,0,0,0,0,0,0,0,0,0,0,0,0,0,0,Root;Bacteria;Bacteroidota;Bacteroidia;Bacteroidales;Bacteroidaceae;Prevotella;unclassified_Prevotella
ASV0126,0,0,0,0,0,0,0,0,0,0,0,0,0,0,0,0,0,0,0,0,0,0,0,0,Root;Bacteria;Bacteroidota;Bacteroidia;Bacteroidales;Bacteroidaceae;Prevotella;Prevotella_oris
ASV0127,0,0,0,0,0,0,0,0,0,0,0,0,0,0,0,0,0,0,0,0,0,0,0,0,Root;Bacteria;Firmicutes;Bacilli;Lactobacillales;Enterococcaceae;unclassified_Enterococcaceae
ASV0128,3,0,0,0,9,0,0,8,0,0,0,0,0,0,0,80,305,2,3,0,33,1,474,0,Root;Bacteria;Firmicutes;Bacilli;Lactobacillales;Streptococcaceae;Streptococcus;unclassified_Streptococcus
ASV0129,0,0,0,0,0,0,0,0,0,0,0,0,0,0,0,0,0,0,0,0,0,0,0,0,Root;Bacteria;Firmicutes;Bacilli;Lactobacillales;Streptococcaceae;Lactococcus;unclassified_Lactococcus
ASV0130,0,0,0,0,0,0,0,0,0,0,0,0,0,0,0,0,0,0,0,0,0,0,0,0,Root;Bacteria;unclassified_Bacteria
ASV0131,0,0,0,0,0,0,0,0,0,0,0,0,0,0,0,0,0,0,0,0,0,0,0,0,Root;Bacteria;Firmicutes_A;Clostridia;Tissierellales;Peptoniphilaceae;Anaerococcus;unclassified_Anaerococcus
ASV0132,0,0,0,0,0,0,0,0,0,0,0,0,0,0,0,0,0,0,0,0,0,0,0,0,Root;Bacteria;Firmicutes;Bacilli;Erysipelotrichales;Coprobacillaceae;Erysipelatoclostridium;Erysipelatoclostridium_spiroforme
ASV0133,0,9,3,1,0,20,0,0,0,0,0,0,18,0,0,0,0,0,5,9,1,6,0,5,Root;Bacteria;Actinobacteriota;Actinomycetia;Propionibacteriales;Propionibacteriaceae;Propionibacterium;Propionibacterium_acidifaciens
ASV0134,0,0,0,0,0,0,0,0,0,0,0,0,0,0,0,0,0,0,0,0,0,0,0,0,Root;Bacteria;Bacteroidota;Bacteroidia;Bacteroidales;Bacteroidaceae;Bacteroides;unclassified_Bacteroides
ASV0135,0,0,0,0,0,0,0,0,0,0,0,0,0,0,0,0,0,0,0,0,0,0,0,0,Root;Bacteria;Bacteroidota;Bacteroidia;Bacteroidales;Bacteroidaceae;Prevotella;unclassified_Prevotella
ASV0136,0,0,0,0,0,0,0,0,0,0,0,0,0,0,0,0,0,0,0,0,0,0,0,0,Root;Bacteria;Firmicutes_A;Clostridia;Oscillospirales;Ruminococcaceae;Faecalibacterium;unclassified_Faecalibacterium
ASV0137,0,0,0,0,0,0,0,0,0,0,0,0,0,0,0,0,0,0,0,0,0,0,0,0,Root;Bacteria;Firmicutes;Bacilli;Lactobacillales;Enterococcaceae;Enterococcus_E;Enterococcus_E_cecorum
ASV0138,27,0,0,0,0,0,1,3,0,0,9,0,0,0,0,87,79,0,1,13,0,0,156,0,Root;Bacteria;Firmicutes;Bacilli;Lactobacillales;Lactobacillaceae;Limosilactobacillus;Limosilactobacillus_mucosae
ASV0139,30,6,5,16,13,20,29,20,21,7,14,28,8,13,10,4,23,16,23,196,27,29,28,6,Root;Bacteria;Firmicutes_A;Clostridia;Lachnospirales;Lachnospiraceae;unclassified_Lachnospiraceae
ASV0140,0,2,0,0,0,0,0,0,0,3,5,0,0,0,0,0,0,0,0,0,0,0,0,0,Root;Bacteria;Firmicutes_A;Clostridia;Clostridiales;Clostridiaceae;Clostridium;Clostridium_paraputrificum
ASV0141,0,0,0,0,0,0,0,0,0,0,0,0,0,0,0,0,0,0,0,0,0,0,0,0,Root;Bacteria;Firmicutes_A;Clostridia;Tissierellales;Peptoniphilaceae;Anaerococcus;Anaerococcus_vaginalis
ASV0142,8,8,19,31,18,44,24,25,16,6,0,45,27,9,5,5,9,30,53,612,40,73,25,9,Root;Bacteria;Firmicutes_A;Clostridia;Lachnospirales;Lachnospiraceae;Ruminococcus_B;Ruminococcus_B_gnavus
ASV0143,0,0,0,0,0,0,0,0,0,0,0,0,0,0,0,0,0,0,0,0,0,0,0,0,Root;Bacteria;Actinobacteriota;Actinomycetia;Actinomycetales;Actinomycetaceae;Pauljensenia;unclassified_Pauljensenia
ASV0144,0,0,0,0,0,0,0,0,0,0,0,0,0,0,0,0,0,0,0,0,0,0,0,0,Root;unclassified_Root
ASV0145,22,11,3,13,15,9,38,12,13,6,14,28,7,12,17,4,16,17,33,184,34,37,22,3,Root;Bacteria;Firmicutes_A;Clostridia;Lachnospirales;Lachnospiraceae;unclassified_Lachnospiraceae
ASV0146,29,35,6,11,7,30,24,36,37,20,24,19,18,18,22,26,54,35,27,263,13,26,56,34,Root;Bacteria;Actinobacteriota;Coriobacteriia;Coriobacteriales;Atopobiaceae;Parolsenella;Parolsenella_uli_B
ASV0147,0,0,0,0,0,0,0,0,0,0,0,0,0,0,0,0,0,0,0,0,0,0,0,0,Root;Bacteria;Bacteroidota;Bacteroidia;Bacteroidales;Bacteroidaceae;Prevotella;unclassified_Prevotella
ASV0148,0,0,0,0,0,0,0,0,0,0,0,0,0,0,0,0,0,0,0,0,0,0,0,0,Root;Bacteria;Firmicutes_A;Clostridia;Oscillospirales;Oscillospiraceae;CAG-83;unclassified_CAG-83
ASV0149,13,30,13,17,0,41,0,15,23,24,22,0,16,0,11,16,19,17,20,340,37,15,23,16,Root;Bacteria;Actinobacteriota;Coriobacteriia;Coriobacteriales;Coriobacteriaceae;Collinsella;unclassified_Collinsella
ASV0150,0,0,0,0,0,0,0,0,0,0,0,0,0,0,0,0,0,0,0,0,0,0,0,0,Root;Bacteria;Firmicutes;Bacilli;Lactobacillales;Lactobacillaceae;Limosilactobacillus;unclassified_Limosilactobacillus
ASV0151,0,0,0,0,0,0,0,0,0,0,0,0,0,0,0,0,0,0,0,0,0,0,0,0,Root;Bacteria;Firmicutes_A;Clostridia;Lachnospirales;Lachnospiraceae;Ruminococcus_B;Ruminococcus_B_gnavus
ASV0152,0,0,0,0,0,0,0,0,0,0,0,0,0,0,0,0,0,0,0,0,0,0,0,0,Root;Bacteria;Firmicutes;Bacilli;Lactobacillales;Lactobacillaceae;Ligilactobacillus;Ligilactobacillus_ruminis
ASV0153,0,0,0,0,0,0,0,0,0,0,0,0,0,0,0,0,0,0,0,0,0,0,0,0,Root;Bacteria;Firmicutes_A;Clostridia;Oscillospirales;Ruminococcaceae;Faecalibacterium;Faecalibacterium_prausnitzii_I
ASV0154,0,0,0,0,0,0,0,0,0,0,0,0,0,0,0,0,0,0,0,0,0,0,0,0,Root;Bacteria;Firmicutes_A;Clostridia;Lachnospirales;Lachnospiraceae;Dorea;Dorea_formicigenerans
ASV0155,0,0,0,0,0,0,0,0,0,0,0,0,0,0,0,0,0,0,0,0,0,0,0,0,Root;Bacteria;Proteobacteria;Gammaproteobacteria;Xanthomonadales;Xanthomonadaceae;Stenotrophomonas;unclassified_Stenotrophomonas
ASV0156,0,0,0,0,0,0,0,0,0,0,0,0,0,0,0,0,0,0,0,0,0,0,0,0,Root;Bacteria;Firmicutes_A;Clostridia;Lachnospirales;Lachnospiraceae;Clostridium_Q;Clostridium_Q_fessum
ASV0157,0,0,0,0,0,0,0,0,0,0,0,0,0,0,0,0,0,0,0,0,0,0,0,0,Root;Bacteria;Firmicutes;Bacilli;Staphylococcales;Staphylococcaceae;Staphylococcus;unclassified_Staphylococcus
ASV0158,0,3,21,1,1,0,0,0,0,4,0,5,0,0,0,0,0,0,0,0,78,0,0,0,Root;Bacteria;Proteobacteria;Gammaproteobacteria;Pseudomonadales;Moraxellaceae;Acinetobacter;unclassified_Acinetobacter
ASV0159,0,0,0,0,0,0,0,0,0,0,0,0,0,0,0,0,0,0,0,0,0,0,0,0,Root;Bacteria;Actinobacteriota;Actinomycetia;Actinomycetales;Bifidobacteriaceae;Bifidobacterium;unclassified_Bifidobacterium
ASV0160,2,0,0,1,0,1,4,3,1,0,1,0,0,2,2,0,7,1,0,24,1,2,11,0,Root;Bacteria;Firmicutes;Bacilli;Lactobacillales;Lactobacillaceae;Ligilactobacillus;unclassified_Ligilactobacillus
ASV0161,0,0,0,0,0,0,0,0,0,0,0,0,0,0,0,0,0,0,0,0,0,0,0,0,Root;Bacteria;Firmicutes;Bacilli;Erysipelotrichales;Erysipelotrichaceae;Clostridium_AQ;unclassified_Clostridium_AQ
ASV0162,7,21,6,4,0,27,0,0,5,17,7,13,13,0,9,0,0,0,16,119,12,11,0,31,Root;Bacteria;Firmicutes_A;Clostridia;Eubacteriales;Eubacteriaceae;Eubacterium;unclassified_Eubacterium
ASV0163,0,0,0,0,0,0,0,0,0,0,0,0,0,0,0,0,0,0,0,0,0,0,0,0,Root;Bacteria;Bacteroidota;Bacteroidia;Bacteroidales;Bacteroidaceae;Bacteroides;Bacteroides_uniformis
ASV0164,0,0,0,0,0,0,0,0,0,0,0,0,0,0,0,0,0,0,0,0,0,0,0,0,Root;Bacteria;Bacteroidota;Bacteroidia;Bacteroidales;Bacteroidaceae;Bacteroides;Bacteroides_stercoris
ASV0165,0,0,0,0,0,0,0,0,0,0,0,0,0,0,0,0,0,0,0,0,0,0,0,0,Root;Bacteria;Firmicutes_A;Clostridia;Peptostreptococcales;Peptostreptococcaceae;Terrisporobacter;Terrisporobacter_othiniensis
ASV0166,0,0,0,0,0,0,0,0,0,0,0,0,0,0,0,0,0,0,0,0,0,0,0,0,Root;Bacteria;Firmicutes_A;Clostridia;Lachnospirales;Lachnospiraceae;Fusicatenibacter;Fusicatenibacter_saccharivorans
ASV0167,0,0,0,0,0,0,0,0,0,0,0,0,0,0,0,0,0,0,0,0,0,0,0,0,Root;Bacteria;Firmicutes_A;Clostridia;Tissierellales;Peptoniphilaceae;Peptoniphilus_A;unclassified_Peptoniphilus_A
ASV0168,0,0,0,0,0,0,0,0,0,0,0,0,0,0,0,0,0,0,0,0,0,0,0,0,Root;Bacteria;Actinobacteriota;Actinomycetia;Propionibacteriales;Propionibacteriaceae;Acidipropionibacterium;unclassified_Acidipropionibacterium
ASV0169,19,22,0,0,0,0,0,0,0,0,0,0,0,21,0,30,0,0,0,358,0,0,29,21,Root;Bacteria;Actinobacteriota;Coriobacteriia;Coriobacteriales;Coriobacteriaceae;Collinsella;unclassified_Collinsella
ASV0170,0,0,0,0,0,0,0,0,0,0,0,0,0,0,0,0,0,0,0,0,0,0,0,0,Root;Bacteria;Firmicutes_A;Clostridia;Lachnospirales;Lachnospiraceae;unclassified_Lachnospiraceae
ASV0171,0,0,0,0,0,0,0,0,0,0,0,0,0,0,0,0,0,0,0,0,0,0,0,0,Root;Bacteria;Proteobacteria;Gammaproteobacteria;Enterobacterales;Enterobacteriaceae;Proteus;unclassified_Proteus
ASV0172,0,0,0,0,0,0,0,0,0,0,0,0,0,0,0,0,0,0,0,0,0,0,0,0,Root;Bacteria;Firmicutes_A;Clostridia;Clostridiales;Clostridiaceae;Clostridium;unclassified_Clostridium
ASV0173,0,0,0,0,0,0,0,0,0,0,0,0,0,0,0,0,0,0,0,0,0,0,0,0,Root;Bacteria;Bacteroidota;Bacteroidia;Bacteroidales;Bacteroidaceae;Prevotella;unclassified_Prevotella
ASV0174,0,0,0,0,0,0,0,0,0,0,0,0,0,0,0,0,0,0,0,0,0,0,0,0,Root;Bacteria;Firmicutes_A;Clostridia;Clostridiales;Clostridiaceae;Clostridium;unclassified_Clostridium
ASV0175,0,0,0,0,0,0,0,0,0,0,0,0,0,0,0,0,0,0,0,0,0,0,0,0,Root;Bacteria;Bacteroidota;Bacteroidia;Bacteroidales;Bacteroidaceae;Bacteroides;unclassified_Bacteroides
ASV0176,0,0,0,0,0,0,0,0,0,0,0,0,0,0,0,0,0,0,0,0,0,0,0,0,Root;Bacteria;Firmicutes_C;Negativicutes;Veillonellales;Dialisteraceae;Dialister;Dialister_micraerophilus
ASV0177,0,0,0,0,0,0,0,0,0,0,0,0,0,0,0,0,0,0,0,0,0,0,0,0,Root;Bacteria;Firmicutes_A;Clostridia;Lachnospirales;Lachnospiraceae;Eubacterium_I;Eubacterium_I_ramulus
ASV0178,0,0,0,0,0,0,0,0,0,0,0,0,0,0,0,0,0,0,0,0,0,0,0,0,Root;Bacteria;Firmicutes_A;Clostridia;Tissierellales;Peptoniphilaceae;Anaerococcus;Anaerococcus_vaginalis_B
ASV0179,0,0,0,0,0,0,0,0,0,0,0,0,0,0,0,0,0,0,0,0,0,0,0,0,Root;unclassified_Root
ASV0180,0,0,0,0,0,0,0,0,0,0,0,0,0,0,0,0,0,0,0,0,1,0,0,0,Root;Bacteria;Proteobacteria;Alphaproteobacteria;Rhodobacterales;Rhodobacteraceae;Cereibacter_A;unclassified_Cereibacter_A
ASV0181,0,0,0,0,0,0,0,0,0,0,0,0,0,0,0,0,0,0,0,0,0,0,0,0,Root;Bacteria;Firmicutes_C;Negativicutes;Veillonellales;Negativicoccaceae;Negativicoccus;Negativicoccus_succinicivorans
ASV0182,0,0,0,0,0,0,0,0,0,0,0,0,0,0,0,0,0,0,0,0,0,0,0,0,Root;Bacteria;Firmicutes;Bacilli;Bacillales_A;Planococcaceae;unclassified_Planococcaceae
ASV0183,0,0,0,0,0,0,0,0,0,0,0,0,0,0,0,0,0,0,0,0,0,0,0,0,Root;Bacteria;Firmicutes;Bacilli;Lactobacillales;Streptococcaceae;Streptococcus;unclassified_Streptococcus
ASV0184,0,0,0,0,0,0,0,0,0,0,0,0,0,0,0,0,0,0,0,0,0,0,0,0,Root;Bacteria;Firmicutes_A;Clostridia;Lachnospirales;Lachnospiraceae;Copromonas;unclassified_Copromonas
ASV0185,0,0,0,0,0,0,0,0,0,0,0,0,0,0,0,0,0,0,0,0,0,0,0,0,Root;Bacteria;Firmicutes_C;Negativicutes;Acidaminococcales;Acidaminococcaceae;Acidaminococcus;unclassified_Acidaminococcus
ASV0186,0,0,0,0,0,0,0,0,0,0,0,0,0,0,0,0,0,0,0,0,0,0,0,0,Root;Bacteria;Firmicutes_A;Clostridia;Lachnospirales;Anaerotignaceae;Anaerotignum;Anaerotignum_faecicola
ASV0187,0,0,0,0,0,0,0,0,0,0,0,0,0,0,0,0,0,0,0,0,0,0,0,0,Root;Bacteria;Firmicutes_A;Clostridia;Oscillospirales;Ruminococcaceae;Ruminiclostridium_E;Ruminiclostridium_E_siraeum
ASV0188,0,0,0,0,0,0,0,0,0,0,0,0,0,0,0,0,0,0,0,0,0,0,0,0,Root;Bacteria;Bacteroidota;Bacteroidia;Bacteroidales;Bacteroidaceae;Prevotella;Prevotella_hominis
ASV0189,0,0,0,0,0,0,0,0,0,0,0,0,0,0,0,0,0,0,0,0,0,0,0,0,Root;unclassified_Root
ASV0190,0,0,0,0,0,0,0,0,0,0,0,0,0,0,0,0,0,0,0,0,0,0,0,0,Root;Bacteria;Proteobacteria;Gammaproteobacteria;Burkholderiales;Burkholderiaceae;unclassified_Burkholderiaceae
ASV0191,0,0,0,0,0,0,0,0,0,0,0,0,0,0,0,0,0,0,0,0,0,0,0,0,Root;Bacteria;Firmicutes_A;Clostridia;Lachnospirales;Lachnospiraceae;unclassified_Lachnospiraceae
ASV0192,0,0,0,0,0,0,0,0,0,0,0,0,0,0,0,0,0,0,0,0,0,0,0,0,Root;Bacteria;Proteobacteria;Gammaproteobacteria;Xanthomonadales;Xanthomonadaceae;Stenotrophomonas;unclassified_Stenotrophomonas
ASV0193,0,0,0,0,0,0,0,0,0,0,0,0,0,0,0,0,0,0,0,0,0,0,0,0,Root;Bacteria;Actinobacteriota;Actinomycetia;Actinomycetales;Actinomycetaceae;Pauljensenia;Pauljensenia_radingae_A
ASV0194,0,0,0,0,0,0,0,0,0,0,0,0,0,0,0,0,0,0,0,0,0,0,0,0,Root;Bacteria;Firmicutes_A;Clostridia;Oscillospirales;Ruminococcaceae;Faecalibacterium;unclassified_Faecalibacterium
ASV0195,0,0,0,0,0,0,0,0,0,0,0,0,0,0,0,0,0,0,0,0,0,0,0,0,Root;Bacteria;Proteobacteria;Gammaproteobacteria;Pseudomonadales;Pseudomonadaceae;Pseudomonas_E;unclassified_Pseudomonas_E
ASV0196,30,0,0,0,0,0,3,7,9,1,44,0,0,8,9,9,29,7,1,51,0,0,19,0,Root;Bacteria;Actinobacteriota;Actinomycetia;Propionibacteriales;Propionibacteriaceae;Cutibacterium;Cutibacterium_avidum
ASV0197,0,0,0,0,0,0,0,0,0,0,0,0,0,0,0,0,0,0,0,0,0,0,0,0,Root;Bacteria;Actinobacteriota;Coriobacteriia;Coriobacteriales;Eggerthellaceae;Eggerthella;Eggerthella_lenta
ASV0198,0,0,0,0,0,0,0,0,0,0,0,0,0,0,0,0,0,0,0,0,0,0,0,0,Root;Bacteria;Proteobacteria;Gammaproteobacteria;Pseudomonadales;Pseudomonadaceae;Pseudomonas_E;unclassified_Pseudomonas_E
ASV0199,0,0,0,0,0,0,0,0,0,0,0,0,0,0,0,0,0,0,0,0,0,0,0,0,Root;Bacteria;Firmicutes_A;Clostridia;Lachnospirales;Lachnospiraceae;Blautia_A;unclassified_Blautia_A
ASV0200,0,0,0,0,0,0,0,0,0,0,0,0,0,0,0,0,0,0,0,0,0,0,0,0,Root;Bacteria;Bacteroidota;Bacteroidia;Bacteroidales;Bacteroidaceae;Bacteroides;Bacteroides_sp900766195
ASV0201,0,0,0,0,0,0,0,0,0,0,0,0,0,0,0,0,0,0,0,0,0,0,0,0,Root;Bacteria;Bacteroidota;Bacteroidia;Bacteroidales;Bacteroidaceae;Prevotella;unclassified_Prevotella
ASV0202,0,0,0,0,0,0,0,0,0,0,0,0,0,0,0,0,0,0,0,0,0,0,0,0,Root;Bacteria;Firmicutes_A;Clostridia;Lachnospirales;Lachnospiraceae;Bariatricus;unclassified_Bariatricus
ASV0203,0,0,0,0,0,0,0,0,0,0,0,0,0,0,0,0,0,0,0,0,0,0,0,0,Root;Bacteria;Bacteroidota;Bacteroidia;Bacteroidales;Tannerellaceae;Parabacteroides;unclassified_Parabacteroides
ASV0204,0,0,0,0,0,0,0,0,0,0,0,0,0,0,0,0,0,0,0,0,0,0,0,0,Root;Bacteria;Firmicutes;Bacilli;Lactobacillales;Lactobacillaceae;unclassified_Lactobacillaceae
ASV0205,0,0,0,0,0,0,0,0,0,0,0,0,0,0,0,0,0,0,0,0,0,0,0,0,Root;Bacteria;Firmicutes;Bacilli;Lactobacillales;Lactobacillaceae;Lacticaseibacillus;unclassified_Lacticaseibacillus
ASV0206,0,0,0,0,0,0,0,0,0,0,0,0,0,0,0,0,0,0,0,0,0,0,0,0,Root;Bacteria;Firmicutes_A;Clostridia;Clostridiales;Clostridiaceae;Clostridium_P;Clostridium_P_perfringens
ASV0207,15,12,0,0,0,0,0,5,0,12,0,11,0,19,0,0,0,0,8,96,0,0,0,0,Root;Bacteria;Actinobacteriota;Actinomycetia;Actinomycetales;Bifidobacteriaceae;Bifidobacterium;unclassified_Bifidobacterium
ASV0208,0,0,0,0,0,0,0,0,0,0,0,0,0,0,0,0,0,0,0,0,0,0,0,0,Root;Bacteria;Firmicutes_A;Clostridia;Lachnospirales;Lachnospiraceae;Clostridium_Q;Clostridium_Q_fessum
ASV0209,0,0,0,0,0,0,0,0,0,0,0,0,0,0,0,0,0,0,0,0,0,0,0,0,Root;Bacteria;unclassified_Bacteria
ASV0210,0,0,0,15,8,18,10,0,0,0,19,0,13,9,23,0,0,13,11,100,0,0,10,18,Root;Bacteria;Firmicutes;Bacilli;Lactobacillales;Streptococcaceae;Lactococcus;unclassified_Lactococcus
ASV0211,0,0,0,0,0,0,0,0,0,0,2,0,0,0,0,1,0,0,0,6,0,0,0,0,Root;Bacteria;Firmicutes;Bacilli;Lactobacillales;Lactobacillaceae;Limosilactobacillus;Limosilactobacillus_fermentum
ASV0212,0,0,0,0,0,0,0,0,0,0,0,0,0,0,0,0,0,0,0,0,0,0,0,0,Root;Bacteria;Firmicutes_A;Clostridia;Lachnospirales;Lachnospiraceae;Agathobacter;Agathobacter_rectalis
ASV0213,0,11,9,2,5,5,0,0,0,0,0,10,4,5,3,0,0,0,11,13,4,6,0,6,Root;Bacteria;Firmicutes_A;Clostridia;Clostridiales;Clostridiaceae;Clostridium;Clostridium_neonatale
ASV0214,0,0,0,0,0,0,0,0,0,0,0,0,0,0,0,0,0,0,0,0,0,0,0,0,Root;Bacteria;Firmicutes;Bacilli;Lactobacillales;Lactobacillaceae;Ligilactobacillus;unclassified_Ligilactobacillus
ASV0215,0,0,0,0,0,0,0,0,0,0,0,0,0,0,0,0,0,0,0,0,0,0,0,0,Root;Bacteria;Firmicutes_A;Clostridia;Clostridiales;Clostridiaceae;Clostridium;unclassified_Clostridium
ASV0216,0,0,0,0,0,0,0,0,0,0,0,0,0,0,0,0,0,0,0,0,0,0,0,0,Root;Bacteria;Firmicutes;Bacilli;Lactobacillales;Lactobacillaceae;Limosilactobacillus;unclassified_Limosilactobacillus
ASV0217,0,0,0,0,0,0,0,0,0,0,0,0,0,0,0,0,0,0,0,0,0,0,0,0,Root;Bacteria;Firmicutes_A;Clostridia;Clostridiales;Clostridiaceae;Clostridium_F;unclassified_Clostridium_F
ASV0218,0,0,0,0,0,0,0,0,0,0,0,0,0,0,0,0,0,0,0,0,0,0,0,0,Root;Bacteria;unclassified_Bacteria
ASV0219,0,0,0,0,0,0,0,0,0,0,0,0,0,0,0,0,0,0,0,0,0,0,0,0,Root;Bacteria;Firmicutes_A;Clostridia;Oscillospirales;Ruminococcaceae;Faecalibacterium;unclassified_Faecalibacterium
ASV0220,0,0,0,0,3,0,0,0,0,0,0,0,0,0,0,0,0,0,0,25,0,4,0,0,Root;Bacteria;Firmicutes_A;Clostridia;Lachnospirales;Lachnospiraceae;Enterocloster;Enterocloster_sp900538485
ASV0221,37,48,3,5,0,12,22,49,35,26,28,20,5,25,9,80,34,41,11,261,4,4,206,46,Root;Bacteria;Firmicutes_A;Clostridia;Clostridiales;Clostridiaceae;Clostridium;unclassified_Clostridium
ASV0222,0,0,0,0,0,0,0,0,0,0,0,0,0,0,0,0,0,0,0,0,0,0,0,0,Root;Bacteria;Firmicutes;Bacilli;Erysipelotrichales;Erysipelotrichaceae;Bulleidia;Bulleidia_sp900539965
ASV0223,0,0,0,0,0,0,0,0,0,0,0,0,0,0,0,0,0,0,0,0,0,0,0,0,Root;Bacteria;Firmicutes_A;Clostridia;Oscillospirales;Oscillospiraceae;Lawsonibacter;Lawsonibacter_sp014287875
ASV0224,0,0,0,0,0,0,0,0,0,0,0,0,0,0,0,0,0,0,0,0,0,0,0,0,Root;Bacteria;Firmicutes_A;Clostridia;Lachnospirales;Lachnospiraceae;Mediterraneibacter;Mediterraneibacter_faecis
ASV0225,3,0,0,2,0,1,0,3,0,2,0,0,1,2,0,0,0,0,3,25,6,3,4,1,Root;Bacteria;Actinobacteriota;Coriobacteriia;Coriobacteriales;Eggerthellaceae;Senegalimassilia;Senegalimassilia_anaerobia
ASV0226,0,0,0,0,0,0,0,0,0,0,0,0,0,0,0,0,0,0,0,0,0,0,0,0,Root;Bacteria;Actinobacteriota;Coriobacteriia;Coriobacteriales;Atopobiaceae;Lancefieldella;unclassified_Lancefieldella
ASV0227,0,0,0,0,0,0,0,0,0,0,0,0,0,0,0,0,0,0,0,0,0,0,0,0,Root;Bacteria;Bacteroidota;Bacteroidia;Bacteroidales;Bacteroidaceae;Prevotella;Prevotella_bergensis
ASV0228,0,0,0,0,0,0,0,0,0,0,0,0,0,0,0,0,0,0,0,0,0,0,0,0,Root;Bacteria;Firmicutes;Bacilli;Lactobacillales;Lactobacillaceae;Leuconostoc;unclassified_Leuconostoc
ASV0229,0,0,0,0,0,0,0,0,0,0,0,0,0,0,0,0,0,0,0,0,0,0,0,0,Root;Bacteria;Proteobacteria;Alphaproteobacteria;Caulobacterales;Caulobacteraceae;Brevundimonas;unclassified_Brevundimonas
ASV0230,0,0,0,0,0,0,0,0,0,0,0,0,0,0,0,0,0,0,0,0,0,0,0,0,Root;Bacteria;Firmicutes_A;Clostridia;Oscillospirales;Oscillospiraceae;Dysosmobacter;Dysosmobacter_sp001916835
ASV0231,0,0,0,0,0,0,0,0,0,0,0,0,0,0,0,0,0,0,0,0,0,0,0,0,Root;Bacteria;Firmicutes_A;Clostridia;Clostridiales;Clostridiaceae;Clostridium;unclassified_Clostridium
ASV0232,0,0,0,0,0,0,0,0,0,0,0,0,0,0,0,0,0,0,0,0,0,0,0,0,Root;Bacteria;unclassified_Bacteria
ASV0233,0,0,0,0,0,0,0,0,0,0,0,0,0,0,0,0,0,0,0,0,0,0,0,0,Root;Bacteria;Firmicutes_A;Clostridia;Clostridiales;Clostridiaceae;Clostridium;Clostridium_neonatale
ASV0234,0,0,0,0,0,0,0,0,0,0,0,0,0,0,0,0,0,0,0,0,0,0,0,0,Root;Bacteria;Firmicutes_A;Clostridia;Oscillospirales;Butyricicoccaceae;unclassified_Butyricicoccaceae
ASV0235,0,0,0,0,0,0,0,0,0,0,0,0,0,0,0,0,0,0,0,0,0,0,0,0,Root;Bacteria;Bacteroidota;Bacteroidia;Bacteroidales;Tannerellaceae;Parabacteroides;unclassified_Parabacteroides
ASV0236,0,0,0,0,0,0,0,0,0,0,0,0,0,0,0,0,0,0,0,0,0,0,0,0,Root;Bacteria;Firmicutes_A;Clostridia;Lachnospirales;Lachnospiraceae;CAG-317;CAG-317_sp000433215
ASV0237,0,0,0,0,0,0,0,0,0,0,0,0,0,0,0,0,0,0,0,0,0,0,0,0,Root;Bacteria;Firmicutes_A;Clostridia;Lachnospirales;Lachnospiraceae;Blautia_A;unclassified_Blautia_A
ASV0238,0,0,0,0,0,0,0,0,0,0,0,0,0,0,0,0,0,0,0,0,0,0,0,0,Root;Bacteria;Bacteroidota;Bacteroidia;Bacteroidales;Bacteroidaceae;Prevotella;unclassified_Prevotella
ASV0239,0,0,0,0,0,0,0,0,0,0,0,0,0,0,0,0,0,0,0,0,0,0,0,0,Root;Bacteria;Proteobacteria;Gammaproteobacteria;Enterobacterales;Pasteurellaceae;unclassified_Pasteurellaceae
ASV0240,0,0,0,0,0,0,0,0,0,0,0,0,0,0,0,0,0,0,0,0,0,0,0,0,Root;Bacteria;Bacteroidota;Bacteroidia;Bacteroidales;Bacteroidaceae;Prevotella;Prevotella_sp000479005
ASV0241,0,0,0,0,0,0,0,0,0,0,0,0,0,0,0,0,0,0,0,0,0,0,0,0,Root;Bacteria;Actinobacteriota;Actinomycetia;Propionibacteriales;Propionibacteriaceae;Propionibacterium;Propionibacterium_acidifaciens
ASV0242,0,0,0,0,0,0,0,0,0,0,0,0,0,0,0,0,0,0,0,0,0,0,0,0,Root;Bacteria;Bacteroidota;Bacteroidia;Bacteroidales;Bacteroidaceae;Prevotella;unclassified_Prevotella
ASV0243,0,0,0,0,0,0,0,0,0,0,0,0,0,0,0,0,0,0,0,0,0,0,0,0,Root;Bacteria;Firmicutes_A;Clostridia;Tissierellales;Peptoniphilaceae;Anaerococcus;Anaerococcus_lactolyticus
ASV0244,9,0,0,0,0,0,8,0,18,0,17,0,0,0,0,6,10,12,7,70,0,0,13,12,Root;Bacteria;Firmicutes_C;Negativicutes;Veillonellales;Veillonellaceae;Veillonella_A;Veillonella_A_magna
ASV0245,0,2,2,7,38,2,2,0,0,0,0,35,0,0,0,42,0,0,37,114,44,18,0,0,Root;Bacteria;Firmicutes;Bacilli;Lactobacillales;Enterococcaceae;unclassified_Enterococcaceae
ASV0246,0,0,0,0,0,0,0,0,0,0,0,0,0,0,0,0,0,0,0,0,0,0,0,0,Root;Bacteria;Proteobacteria;Gammaproteobacteria;unclassified_Gammaproteobacteria
ASV0247,0,0,0,0,0,0,0,0,0,0,0,0,0,0,0,0,0,0,0,0,0,0,0,0,Root;Bacteria;Firmicutes_A;Clostridia;Lachnospirales;Lachnospiraceae;Robinsoniella;unclassified_Robinsoniella
ASV0248,0,0,0,0,0,0,0,0,0,0,0,0,0,0,0,0,0,0,0,0,0,0,0,0,Root;Bacteria;Bacteroidota;Bacteroidia;Bacteroidales;Tannerellaceae;Parabacteroides;unclassified_Parabacteroides
ASV0249,0,0,0,0,0,0,0,0,0,0,0,0,0,0,0,0,0,0,0,0,0,0,0,0,Root;Bacteria;Firmicutes_A;Clostridia;Tissierellales;Peptoniphilaceae;Peptoniphilus_C;unclassified_Peptoniphilus_C
ASV0250,0,0,0,0,0,0,0,0,0,0,0,0,0,0,0,0,0,0,0,0,0,0,0,0,Root;Bacteria;Firmicutes_A;Clostridia;Clostridiales;Clostridiaceae;Clostridium_J;unclassified_Clostridium_J
ASV0251,0,2,7,0,0,31,0,3,5,0,0,0,18,13,17,0,0,0,0,6,1,3,0,3,Root;Bacteria;Firmicutes_C;Negativicutes;Veillonellales;Veillonellaceae;Veillonella;unclassified_Veillonella
ASV0252,15,0,6,2,6,8,9,5,17,7,8,11,8,4,6,0,8,15,13,307,9,6,63,11,Root;Bacteria;Firmicutes;Bacilli;Lactobacillales;Lactobacillaceae;Ligilactobacillus;Ligilactobacillus_saerimneri
ASV0253,0,0,0,0,0,0,0,0,0,0,0,0,0,0,0,0,0,0,0,0,0,0,0,0,Root;Bacteria;Actinobacteriota;Coriobacteriia;Coriobacteriales;Atopobiaceae;Parolsenella;Parolsenella_uli_B
ASV0254,0,0,0,0,0,0,0,0,0,0,0,0,0,0,0,0,0,0,0,0,0,0,0,0,Root;Bacteria;Bacteroidota;Bacteroidia;Bacteroidales;Tannerellaceae;Parabacteroides;unclassified_Parabacteroides
ASV0255,0,0,0,0,0,0,0,0,0,0,0,0,0,0,0,0,0,0,0,0,0,0,0,0,Root;Bacteria;Firmicutes_A;Clostridia;Lachnospirales;Lachnospiraceae;Clostridium_Q;unclassified_Clostridium_Q
ASV0256,0,0,0,0,0,0,0,0,0,0,0,0,0,0,0,0,0,0,0,0,0,0,0,0,Root;Bacteria;Firmicutes_A;Clostridia;Christensenellales;Christensenellaceae;Christensenella;Christensenella_hongkongensis
ASV0257,0,0,0,0,0,12,14,28,16,0,0,10,7,0,0,0,19,0,17,84,8,21,20,0,Root;Bacteria;Bacteroidota;Bacteroidia;Bacteroidales;Bacteroidaceae;Bacteroides;unclassified_Bacteroides
ASV0258,0,0,0,0,0,0,0,0,0,0,0,0,0,0,0,0,0,0,0,0,0,0,0,0,Root;Bacteria;Firmicutes_C;Negativicutes;Acidaminococcales;Acidaminococcaceae;Acidaminococcus;unclassified_Acidaminococcus
ASV0259,0,0,0,0,0,0,0,0,0,0,0,0,0,0,0,0,0,0,0,0,0,0,0,0,Root;Bacteria;Firmicutes_A;Clostridia;Oscillospirales;Ruminococcaceae;Gemmiger;unclassified_Gemmiger
ASV0260,0,0,0,0,0,0,0,0,0,0,0,0,0,0,0,0,0,0,0,0,0,0,0,0,Root;Bacteria;Firmicutes_C;Negativicutes;Veillonellales;Dialisteraceae;Dialister;unclassified_Dialister
ASV0261,0,0,0,0,0,0,0,0,0,0,0,0,0,0,0,0,0,0,0,0,0,0,0,0,Root;Bacteria;Proteobacteria;Gammaproteobacteria;Burkholderiales;Burkholderiaceae;Sutterella;Sutterella_parvirubra
ASV0262,0,0,0,0,0,0,0,0,0,0,0,0,0,0,0,0,0,0,0,0,0,0,0,0,Root;Bacteria;Bacteroidota;Bacteroidia;Bacteroidales;Bacteroidaceae;Prevotella;Prevotella_stercorea
ASV0263,0,0,0,0,0,0,0,0,0,0,0,0,0,0,0,0,0,0,0,0,0,0,0,0,Root;Bacteria;Bacteroidota;Bacteroidia;Bacteroidales;Bacteroidaceae;Bacteroides;unclassified_Bacteroides
ASV0264,0,0,0,0,0,0,0,0,0,0,0,0,0,0,0,0,0,0,0,0,0,0,0,0,Root;Bacteria;Firmicutes;Bacilli;Lactobacillales;Enterococcaceae;unclassified_Enterococcaceae
ASV0265,0,0,0,0,0,0,0,0,0,0,0,0,0,0,0,0,0,0,0,0,0,0,0,0,Root;Bacteria;Bacteroidota;Bacteroidia;Bacteroidales;Tannerellaceae;Parabacteroides;unclassified_Parabacteroides
ASV0266,0,0,0,0,0,0,0,0,0,0,0,0,0,0,0,0,0,0,0,0,0,0,0,0,Root;Bacteria;Bacteroidota;Bacteroidia;Bacteroidales;Bacteroidaceae;Bacteroides;Bacteroides_caccae
ASV0267,0,0,0,0,0,0,0,0,0,0,0,0,0,0,0,0,0,0,0,0,0,0,0,0,Root;Bacteria;Actinobacteriota;Coriobacteriia;Coriobacteriales;Atopobiaceae;Tractidigestivibacter;unclassified_Tractidigestivibacter
ASV0268,0,0,0,0,0,0,0,0,0,0,0,0,0,0,0,0,0,0,0,0,0,0,0,0,Root;Bacteria;Bacteroidota;Bacteroidia;Bacteroidales;Bacteroidaceae;Prevotella;unclassified_Prevotella
ASV0269,0,0,0,0,0,0,0,0,0,0,0,0,0,0,0,0,0,0,0,0,0,0,0,0,Root;unclassified_Root
ASV0270,0,0,0,0,0,0,0,0,0,0,0,0,0,0,0,0,0,0,0,0,0,0,0,0,Root;Bacteria;Firmicutes_A;Clostridia;Lachnospirales;Lachnospiraceae;unclassified_Lachnospiraceae
ASV0271,0,0,0,0,0,0,0,0,0,0,0,0,0,0,0,0,0,0,0,0,0,0,0,0,Root;Bacteria;Bacteroidota;Bacteroidia;Bacteroidales;Bacteroidaceae;Prevotella;Prevotella_timonensis_A
ASV0272,0,0,0,0,0,0,0,0,0,0,0,0,0,0,0,0,0,0,0,0,0,0,0,0,Root;Bacteria;Firmicutes_A;Clostridia;Lachnospirales;Lachnospiraceae;Copromonas;Copromonas_sp900066785
ASV0273,0,0,0,0,0,0,0,0,0,0,0,0,0,0,0,0,0,0,0,0,0,0,0,0,Root;Bacteria;Firmicutes_A;Clostridia;Lachnospirales;Lachnospiraceae;unclassified_Lachnospiraceae
ASV0274,0,0,0,0,0,0,0,0,0,0,0,0,0,0,0,0,0,0,0,0,0,0,0,0,Root;Bacteria;Firmicutes_A;Clostridia;Lachnospirales;Lachnospiraceae;Blautia_A;unclassified_Blautia_A
ASV0275,0,0,0,0,0,0,0,0,0,0,0,0,0,0,0,0,0,0,0,0,0,0,0,0,Root;Bacteria;Firmicutes_A;Clostridia;Lachnospirales;Lachnospiraceae;Coprococcus_A;unclassified_Coprococcus_A
ASV0276,0,0,0,0,0,0,0,0,0,0,0,0,0,0,0,0,0,0,0,0,0,0,0,0,Root;Bacteria;Firmicutes_A;Clostridia;Oscillospirales;Oscillospiraceae;Lawsonibacter;Lawsonibacter_sp014287875
ASV0277,0,0,0,0,0,0,0,0,0,0,0,0,0,0,0,0,0,0,0,0,0,0,0,0,Root;Bacteria;Firmicutes_A;Clostridia;Oscillospirales;Butyricicoccaceae;Agathobaculum;Agathobaculum_butyriciproducens
ASV0278,0,0,0,0,0,0,0,0,0,0,0,0,0,0,0,0,0,0,0,0,0,0,0,0,Root;Bacteria;Bacteroidota;Bacteroidia;Bacteroidales;Bacteroidaceae;Prevotella;Prevotella_hominis
ASV0279,0,0,0,0,0,0,0,0,0,0,0,0,0,0,0,0,0,0,0,0,0,0,0,0,Root;Bacteria;Actinobacteriota;Coriobacteriia;Coriobacteriales;Atopobiaceae;Lancefieldella;Lancefieldella_rimae
ASV0280,0,0,0,0,0,0,0,0,0,0,0,0,0,0,0,0,0,0,0,0,0,0,0,0,Root;Bacteria;Firmicutes;Bacilli;Lactobacillales;Enterococcaceae;unclassified_Enterococcaceae
ASV0281,0,0,0,0,0,0,0,0,0,0,0,0,0,0,0,0,0,0,0,0,0,0,0,0,Root;Bacteria;Proteobacteria;Gammaproteobacteria;Enterobacterales;Enterobacteriaceae;unclassified_Enterobacteriaceae
ASV0282,0,0,0,0,0,0,0,0,0,0,0,0,0,0,0,0,0,0,0,0,0,0,0,0,Root;Bacteria;Bacteroidota;Bacteroidia;Bacteroidales;unclassified_Bacteroidales
ASV0283,0,0,0,0,0,0,0,0,0,0,0,0,0,0,0,0,0,0,0,0,0,0,0,0,Root;Bacteria;Firmicutes;Bacilli;Erysipelotrichales;Coprobacillaceae;Catenibacterium;unclassified_Catenibacterium
ASV0284,0,0,0,0,0,0,0,0,0,0,0,0,0,0,0,0,0,0,0,0,0,0,0,0,Root;Bacteria;Proteobacteria;Gammaproteobacteria;Enterobacterales;Enterobacteriaceae;unclassified_Enterobacteriaceae
ASV0285,0,0,0,0,0,0,0,0,0,0,0,0,0,0,0,0,0,0,0,0,0,0,0,0,Root;Bacteria;Cyanobacteria;Vampirovibrionia;Gastranaerophilales;Gastranaerophilaceae;Zag111;Zag111_sp002102825
ASV0286,0,0,0,0,0,0,0,0,0,0,0,0,0,0,0,0,0,0,0,0,0,0,0,0,Root;Bacteria;Firmicutes_A;Clostridia;Peptostreptococcales;Peptostreptococcaceae;Terrisporobacter;unclassified_Terrisporobacter
ASV0287,0,0,0,0,0,0,0,0,0,0,0,0,0,0,0,0,0,0,0,0,0,0,0,0,Root;Bacteria;Firmicutes_C;Negativicutes;unclassified_Negativicutes
ASV0288,0,0,0,0,0,0,0,0,0,0,0,0,0,0,0,0,0,0,0,0,0,0,0,0,Root;Bacteria;Fusobacteriota;Fusobacteriia;Fusobacteriales;Fusobacteriaceae;Fusobacterium;unclassified_Fusobacterium
ASV0289,0,0,0,0,0,0,0,0,0,0,0,0,0,0,0,0,0,0,0,0,0,0,0,0,Root;Bacteria;Firmicutes;Bacilli;Lactobacillales;Streptococcaceae;Streptococcus;unclassified_Streptococcus
ASV0290,0,0,0,0,0,0,0,0,0,0,0,0,0,0,0,0,0,0,0,0,0,0,0,0,Root;Bacteria;Firmicutes_C;Negativicutes;Veillonellales;Megasphaeraceae;Megasphaera;unclassified_Megasphaera
ASV0291,0,0,0,0,0,0,0,0,0,0,0,0,0,0,0,0,0,0,0,0,0,0,0,0,Root;Bacteria;Actinobacteriota;Actinomycetia;Actinomycetales;Actinomycetaceae;Pauljensenia;unclassified_Pauljensenia
ASV0292,0,0,0,0,0,0,0,0,0,0,0,0,0,0,0,0,0,0,0,0,0,0,0,0,Root;Bacteria;Fusobacteriota;Fusobacteriia;Fusobacteriales;Fusobacteriaceae;Fusobacterium;unclassified_Fusobacterium
ASV0293,0,0,0,0,0,0,0,0,0,0,0,0,0,0,0,0,0,0,0,0,0,0,0,0,Root;Bacteria;Firmicutes_A;Clostridia;Oscillospirales;Ruminococcaceae;unclassified_Ruminococcaceae
ASV0294,0,0,0,0,0,0,0,0,0,0,0,0,0,0,0,0,0,0,0,0,0,0,0,0,Root;Bacteria;Firmicutes_A;Clostridia;Lachnospirales;Lachnospiraceae;Anaerostipes;unclassified_Anaerostipes
ASV0295,0,0,0,0,0,0,0,0,0,0,0,0,0,0,0,0,0,0,0,0,0,0,0,0,Root;Bacteria;Actinobacteriota;Coriobacteriia;Coriobacteriales;Atopobiaceae;Olsenella_F;Olsenella_F_massiliensis
ASV0296,0,0,0,0,0,0,0,0,0,0,0,0,0,0,0,0,0,0,0,0,0,0,0,0,Root;Bacteria;Firmicutes_C;Negativicutes;unclassified_Negativicutes
ASV0297,0,0,0,0,0,0,0,0,0,0,0,0,0,0,0,0,0,0,0,0,0,0,0,0,Root;Bacteria;Proteobacteria;Gammaproteobacteria;Burkholderiales;Burkholderiaceae;Variovorax;unclassified_Variovorax
ASV0298,0,0,0,0,0,0,0,0,0,0,0,0,0,0,0,0,0,0,0,0,0,0,0,0,Root;Bacteria;Actinobacteriota;Coriobacteriia;Coriobacteriales;Eggerthellaceae;Gordonibacter;Gordonibacter_pamelaeae
ASV0299,0,0,0,0,0,0,0,0,0,0,0,0,0,0,0,0,0,0,0,0,0,0,0,0,Root;Bacteria;Firmicutes;Bacilli;Erysipelotrichales;Coprobacillaceae;Faecalibacillus;unclassified_Faecalibacillus
ASV0300,0,0,0,0,0,0,0,0,0,0,0,0,0,0,0,0,0,0,0,0,0,0,0,0,Root;Bacteria;Bacteroidota;Bacteroidia;Bacteroidales;Bacteroidaceae;Bacteroides;unclassified_Bacteroides
ASV0301,0,0,0,0,0,0,0,0,0,0,0,0,0,0,0,0,0,0,0,0,0,0,0,0,Root;Bacteria;Fusobacteriota;Fusobacteriia;Fusobacteriales;Fusobacteriaceae;unclassified_Fusobacteriaceae
ASV0302,0,0,0,0,0,0,0,0,0,0,0,0,0,0,0,0,0,0,0,0,0,0,0,0,Root;Bacteria;Firmicutes_A;Clostridia;Peptostreptococcales;Peptostreptococcaceae;unclassified_Peptostreptococcaceae
ASV0303,0,0,0,0,0,0,0,0,0,0,0,0,0,0,0,0,0,0,0,0,0,0,0,0,Root;Bacteria;Firmicutes_A;Clostridia;Tissierellales;Peptoniphilaceae;Peptoniphilus_A;unclassified_Peptoniphilus_A
ASV0304,0,0,0,0,0,0,0,0,0,0,0,0,0,0,0,0,0,0,0,0,0,0,0,0,Root;Bacteria;Bacteroidota;Bacteroidia;Bacteroidales;Bacteroidaceae;unclassified_Bacteroidaceae
ASV0305,0,0,0,0,0,0,0,0,0,0,0,0,0,0,0,0,0,0,0,0,0,0,0,0,Root;Bacteria;Firmicutes_A;Clostridia;Lachnospirales;Lachnospiraceae;Anaerobutyricum;unclassified_Anaerobutyricum
ASV0306,0,0,0,0,0,0,0,0,0,0,0,0,0,0,0,0,0,0,0,0,0,0,0,0,Root;Bacteria;Firmicutes;Bacilli;Lactobacillales;Enterococcaceae;unclassified_Enterococcaceae
ASV0307,0,0,0,0,0,0,0,0,0,0,0,0,0,0,0,0,0,0,0,0,0,0,0,0,Root;Bacteria;Firmicutes_A;Clostridia;Lachnospirales;Lachnospiraceae;Copromonas;unclassified_Copromonas
ASV0308,0,1,0,0,2,0,1,0,0,0,0,0,1,0,0,0,1,0,0,25,5,2,2,0,Root;Bacteria;Firmicutes_A;Clostridia;Lachnospirales;Lachnospiraceae;Lacrimispora;unclassified_Lacrimispora
ASV0309,0,0,0,0,0,0,0,0,0,0,0,0,0,0,0,0,0,0,0,0,0,0,0,0,Root;Bacteria;Firmicutes_A;Clostridia;Peptostreptococcales;Peptostreptococcaceae;Paraclostridium;unclassified_Paraclostridium
ASV0310,0,0,0,0,0,0,0,0,0,0,0,0,0,0,0,0,0,0,0,0,0,0,0,0,Root;Bacteria;Firmicutes_A;Clostridia;Lachnospirales;Lachnospiraceae;Oliverpabstia;Oliverpabstia_intestinalis
ASV0311,0,0,0,0,0,0,0,0,0,0,0,0,0,0,0,0,0,0,0,0,0,0,0,0,Root;Bacteria;Firmicutes_A;Clostridia;Lachnospirales;Lachnospiraceae;unclassified_Lachnospiraceae
ASV0312,0,0,0,0,0,0,0,0,0,0,0,0,0,0,0,0,0,0,0,0,0,0,0,0,Root;Bacteria;Campylobacterota;Campylobacteria;Campylobacterales;Campylobacteraceae;Campylobacter_D;unclassified_Campylobacter_D
ASV0313,0,0,0,0,0,0,0,0,0,0,0,0,0,0,0,0,0,0,0,0,0,0,0,0,Root;Bacteria;Firmicutes_A;Clostridia;Oscillospirales;Oscillospiraceae;unclassified_Oscillospiraceae
ASV0314,0,0,0,0,0,0,0,0,0,0,0,0,0,0,0,0,0,0,0,0,0,0,0,0,Root;Bacteria;Firmicutes_A;Clostridia;Oscillospirales;Oscillospiraceae;Dysosmobacter;Dysosmobacter_welbionis
ASV0315,0,0,0,0,0,0,0,0,0,0,0,0,0,0,0,0,0,0,0,0,0,0,0,0,Root;Bacteria;Firmicutes_A;Clostridia;Oscillospirales;Butyricicoccaceae;Agathobaculum;Agathobaculum_sp003481705
ASV0316,0,0,0,0,0,0,0,0,0,0,0,0,0,0,0,0,0,0,0,0,0,0,0,0,Root;Bacteria;Firmicutes_A;Clostridia;Peptostreptococcales;Anaerovoracaceae;Mogibacterium;unclassified_Mogibacterium
ASV0317,0,0,0,0,0,0,0,0,0,0,0,0,0,0,0,0,0,0,0,0,0,0,0,0,Root;Bacteria;Actinobacteriota;Coriobacteriia;Coriobacteriales;Atopobiaceae;Olsenella_F;Olsenella_F_massiliensis
ASV0318,0,0,0,0,0,0,0,0,0,0,0,0,0,0,0,0,0,0,0,0,0,0,0,0,Root;Bacteria;Actinobacteriota;Coriobacteriia;Coriobacteriales;Eggerthellaceae;Slackia_A;Slackia_A_isoflavoniconvertens
ASV0319,0,0,0,0,0,0,0,0,0,0,0,0,0,0,0,0,0,0,0,0,0,0,0,0,Root;Bacteria;Firmicutes_A;Clostridia;Oscillospirales;Ruminococcaceae;Faecalibacterium;unclassified_Faecalibacterium
ASV0320,0,0,0,0,0,0,0,0,0,0,0,0,0,0,0,0,0,0,0,0,0,0,0,0,Root;Bacteria;Firmicutes_A;Clostridia;Clostridiales;Clostridiaceae;Clostridium;Clostridium_sp001916075
ASV0321,0,0,0,0,0,0,0,0,0,0,0,0,0,0,0,0,0,0,0,0,0,0,0,0,Root;Bacteria;Bacteroidota;Bacteroidia;Bacteroidales;Bacteroidaceae;Prevotella;unclassified_Prevotella
ASV0322,0,0,0,0,0,0,0,0,0,0,0,0,0,0,0,0,0,0,0,0,0,0,0,0,Root;Bacteria;Bacteroidota;Bacteroidia;Bacteroidales;Bacteroidaceae;Prevotella;unclassified_Prevotella
ASV0323,0,0,0,0,0,0,0,0,0,0,0,0,0,0,0,0,0,0,0,0,0,0,0,0,Root;Bacteria;Firmicutes_C;Negativicutes;Veillonellales;Dialisteraceae;Allisonella;Allisonella_histaminiformans
ASV0324,0,0,0,0,0,0,0,0,0,0,0,0,0,0,0,0,0,0,0,0,0,0,0,0,Root;Bacteria;Bacteroidota;Bacteroidia;Bacteroidales;Bacteroidaceae;UBA6382;UBA6382_sp002439755
ASV0325,0,0,0,0,0,0,0,0,0,0,0,0,0,0,0,0,0,0,0,0,0,0,0,0,Root;Bacteria;unclassified_Bacteria
ASV0326,0,0,0,0,0,0,0,0,0,0,0,0,0,0,0,0,0,0,0,0,0,0,0,0,Root;Bacteria;Firmicutes_A;Clostridia;Oscillospirales;Ruminococcaceae;Faecalibacterium;unclassified_Faecalibacterium
ASV0327,0,0,0,0,0,0,0,0,0,0,0,0,0,0,0,0,0,0,0,0,0,0,0,0,Root;Bacteria;Bacteroidota;Bacteroidia;Bacteroidales;Bacteroidaceae;Prevotella;unclassified_Prevotella
ASV0328,9,3,6,0,0,0,0,0,6,0,3,9,0,4,0,5,4,12,4,176,8,5,28,4,Root;Bacteria;Firmicutes;Bacilli;Lactobacillales;Lactobacillaceae;Ligilactobacillus;Ligilactobacillus_saerimneri
ASV0329,0,0,0,0,0,0,0,0,0,0,0,0,0,0,0,0,0,0,0,0,0,0,0,0,Root;Bacteria;Firmicutes_A;Clostridia;Lachnospirales;Lachnospiraceae;Acetatifactor;Acetatifactor_intestinalis
ASV0330,0,0,0,0,0,0,0,0,0,0,0,0,0,0,0,0,0,0,0,0,0,0,0,0,Root;Bacteria;Firmicutes;Bacilli;Erysipelotrichales;Erysipelotrichaceae;Holdemanella;unclassified_Holdemanella
ASV0331,0,0,0,0,0,0,0,0,0,0,0,0,0,0,0,0,0,0,0,0,0,0,0,0,Root;Bacteria;Firmicutes;Bacilli;Lactobacillales;Enterococcaceae;unclassified_Enterococcaceae
ASV0332,0,0,0,0,0,0,0,0,0,0,0,0,0,0,0,0,0,0,0,0,0,0,0,0,Root;Bacteria;Campylobacterota;Campylobacteria;Campylobacterales;Campylobacteraceae;Campylobacter_B;unclassified_Campylobacter_B
ASV0333,0,0,0,0,0,0,0,0,0,0,0,0,0,0,0,0,0,0,0,0,0,0,0,0,Root;Bacteria;Firmicutes;Bacilli;Lactobacillales;Lactobacillaceae;Limosilactobacillus;Limosilactobacillus_mucosae
ASV0334,0,0,0,0,0,0,0,0,0,0,0,0,0,0,0,0,0,0,0,0,0,0,0,0,Root;Bacteria;Firmicutes_A;Clostridia;Lachnospirales;Lachnospiraceae;Lachnospira;unclassified_Lachnospira
ASV0335,0,0,0,0,0,0,0,0,0,0,0,0,0,0,0,0,0,0,0,0,0,0,0,0,Root;Bacteria;Firmicutes_C;Negativicutes;Veillonellales;Dialisteraceae;Allisonella;Allisonella_pneumosintes
ASV0336,0,0,0,0,0,0,0,0,0,0,0,0,0,0,0,0,0,0,0,0,0,0,0,0,Root;Bacteria;Firmicutes_A;Clostridia;Lachnospirales;Lachnospiraceae;unclassified_Lachnospiraceae
ASV0337,0,0,0,0,0,0,0,0,0,0,0,0,0,0,0,0,0,0,0,0,0,0,0,0,Root;Bacteria;Firmicutes_A;Clostridia;Oscillospirales;Butyricicoccaceae;Agathobaculum;Agathobaculum_butyriciproducens
ASV0338,0,0,0,0,0,0,0,0,0,0,0,0,0,0,0,0,0,0,0,0,0,0,0,0,Root;Bacteria;Firmicutes_A;Clostridia;Lachnospirales;Lachnospiraceae;Acetatifactor;unclassified_Acetatifactor
ASV0339,0,0,0,0,0,0,0,0,0,0,0,0,0,0,0,0,0,0,0,0,0,0,0,0,Root;Bacteria;Firmicutes_A;Clostridia;Lachnospirales;Lachnospiraceae;Blautia_A;Blautia_A_sp905206915
ASV0340,0,0,0,0,0,0,0,0,0,0,0,0,0,0,0,0,0,0,0,0,0,0,0,0,Root;unclassified_Root
ASV0341,0,0,0,0,0,0,0,0,0,0,0,0,0,0,0,0,0,0,0,0,0,0,0,0,Root;Bacteria;Firmicutes_C;Negativicutes;Veillonellales;Dialisteraceae;Allisonella;Allisonella_pneumosintes
ASV0342,0,0,0,0,0,0,0,0,0,0,0,0,0,0,0,0,0,0,0,0,0,0,0,0,Root;Bacteria;Firmicutes_A;Clostridia;Oscillospirales;Oscillospiraceae;ER4;ER4_sp000765235
ASV0343,0,0,0,0,0,0,0,0,0,0,0,0,0,0,0,0,0,0,0,0,0,0,0,0,Root;Bacteria;Firmicutes_A;Clostridia;Clostridiales;Clostridiaceae;Hathewaya;Hathewaya_sp003288255
ASV0344,0,0,0,0,0,0,0,0,0,0,0,0,0,0,0,0,0,0,0,0,0,0,0,0,Root;Bacteria;Firmicutes_A;Clostridia;Oscillospirales;Acutalibacteraceae;UBA1417;UBA1417_sp003531055
ASV0345,0,0,0,0,0,0,0,0,0,0,0,0,0,0,0,0,0,0,0,0,0,0,0,0,Root;Bacteria;Bacteroidota;Bacteroidia;Bacteroidales;Bacteroidaceae;Phocaeicola;Phocaeicola_massiliensis
ASV0346,0,0,0,0,0,0,0,0,0,0,0,0,0,0,0,0,0,0,0,0,0,0,0,0,Root;Bacteria;Firmicutes;Bacilli;Lactobacillales;Enterococcaceae;Enterococcus_E;unclassified_Enterococcus_E
ASV0347,0,0,0,0,0,0,0,0,0,0,0,0,0,0,0,0,0,0,0,0,0,0,0,0,Root;Bacteria;Firmicutes_A;Clostridia;Lachnospirales;Lachnospiraceae;Mediterraneibacter;Mediterraneibacter_torques
ASV0348,0,0,0,0,0,0,0,0,0,0,0,0,0,0,0,0,0,0,0,0,0,0,0,0,Root;Bacteria;Proteobacteria;Gammaproteobacteria;Enterobacterales;Enterobacteriaceae;unclassified_Enterobacteriaceae
ASV0349,0,0,0,0,0,0,0,0,0,0,0,0,0,0,0,0,0,0,0,0,0,0,0,0,Root;Bacteria;Firmicutes_A;Clostridia;UBA1381;UBA1381;CAG-41;unclassified_CAG-41
ASV0350,0,0,0,0,0,0,0,0,0,0,0,0,0,0,0,0,0,0,0,0,0,0,0,0,Root;Bacteria;Firmicutes_A;Clostridia;Lachnospirales;Lachnospiraceae;Marvinbryantia;unclassified_Marvinbryantia
ASV0351,0,0,0,0,0,0,0,0,0,0,0,0,0,0,0,0,0,0,0,0,0,0,0,0,Root;Bacteria;Firmicutes;Bacilli;Lactobacillales;Lactobacillaceae;Limosilactobacillus;Limosilactobacillus_mucosae
ASV0352,0,0,0,0,0,0,0,0,0,0,0,0,0,0,0,0,0,0,0,0,0,0,0,0,Root;Bacteria;Bacteroidota;Bacteroidia;Bacteroidales;Bacteroidaceae;Alloprevotella;Alloprevotella_timonensis
ASV0353,0,0,0,0,0,0,0,0,0,0,0,0,0,0,0,0,0,0,0,0,0,0,0,0,Root;Bacteria;unclassified_Bacteria
ASV0354,0,0,0,0,0,0,0,0,0,0,0,0,0,0,0,0,0,0,0,0,0,0,0,0,Root;Bacteria;Fusobacteriota;Fusobacteriia;Fusobacteriales;Fusobacteriaceae;Fusobacterium_A;Fusobacterium_A_sp900549465
ASV0355,0,0,0,0,0,0,0,0,0,0,0,0,0,0,0,0,0,0,0,0,0,0,0,0,Root;Bacteria;Firmicutes_A;Clostridia;Lachnospirales;Lachnospiraceae;Anaerostipes;unclassified_Anaerostipes
ASV0356,0,0,0,0,0,0,0,0,0,0,0,0,0,0,0,0,0,0,0,0,0,0,0,0,Root;Bacteria;Firmicutes_A;Clostridia;Peptostreptococcales;Peptostreptococcaceae;Terrisporobacter;Terrisporobacter_othiniensis
ASV0357,0,0,0,0,0,0,0,0,0,0,0,0,0,0,0,0,0,0,0,0,0,0,0,0,Root;Bacteria;Actinobacteriota;Coriobacteriia;Coriobacteriales;Atopobiaceae;Tractidigestivibacter;Tractidigestivibacter_sp900605015
ASV0358,0,0,0,0,0,0,0,0,0,0,0,0,0,0,0,0,0,0,0,9,0,0,5,0,Root;Bacteria;Firmicutes;Bacilli;Lactobacillales;Enterococcaceae;unclassified_Enterococcaceae
ASV0359,0,0,0,0,0,0,0,0,0,0,0,0,0,0,0,0,0,0,0,0,0,0,0,0,Root;Bacteria;Firmicutes_A;Clostridia;Peptostreptococcales;Peptostreptococcaceae;Terrisporobacter;unclassified_Terrisporobacter
ASV0360,0,0,0,0,0,0,0,0,0,0,0,0,0,0,0,0,0,0,0,0,0,0,0,0,Root;Bacteria;Firmicutes_A;Clostridia;Peptostreptococcales;Peptostreptococcaceae;Terrisporobacter;Terrisporobacter_othiniensis
ASV0361,0,0,0,0,0,0,0,0,0,0,0,0,0,0,0,0,0,0,0,0,0,0,0,0,Root;Bacteria;Firmicutes_C;Negativicutes;Veillonellales;Veillonellaceae;Veillonella;unclassified_Veillonella
ASV0362,0,0,0,0,0,0,0,0,0,0,0,0,0,0,0,0,0,0,0,0,0,0,0,0,Root;Bacteria;Actinobacteriota;Actinomycetia;Actinomycetales;Actinomycetaceae;Pauljensenia;Pauljensenia_turicensis
ASV0363,0,0,0,0,0,0,0,0,0,0,0,0,0,0,0,0,0,0,0,0,0,0,0,0,Root;Bacteria;Firmicutes_C;Negativicutes;Veillonellales;Megasphaeraceae;Megasphaera;unclassified_Megasphaera
ASV0364,28,0,7,0,0,11,2,2,60,0,24,1,7,50,72,21,41,0,0,20,0,1,42,1,Root;Bacteria;Firmicutes;Bacilli;Lactobacillales;Lactobacillaceae;Limosilactobacillus;unclassified_Limosilactobacillus
ASV0365,0,0,0,0,0,0,0,0,0,0,0,0,0,0,0,0,0,0,0,0,0,0,0,0,Root;unclassified_Root
ASV0366,0,0,0,0,0,0,0,0,0,0,0,0,0,0,0,0,0,0,0,0,0,0,0,0,Root;Bacteria;Bacteroidota;Bacteroidia;Bacteroidales;Bacteroidaceae;Prevotella;Prevotella_pectinovora
ASV0367,0,0,0,0,0,0,0,0,0,0,0,0,0,0,0,0,0,0,0,0,0,0,0,0,Root;Bacteria;Bacteroidota;Bacteroidia;Bacteroidales;Bacteroidaceae;Bacteroides;unclassified_Bacteroides
ASV0368,0,0,0,0,0,0,0,0,0,0,0,0,0,0,0,0,0,0,0,0,0,0,0,0,Root;Bacteria;Firmicutes;Bacilli;Lactobacillales;Lactobacillaceae;Ligilactobacillus;Ligilactobacillus_ruminis
ASV0369,0,0,0,0,0,0,0,0,0,0,0,0,0,0,0,0,0,0,0,0,0,0,0,0,Root;Bacteria;Firmicutes_C;Negativicutes;Veillonellales;Megasphaeraceae;Megasphaera;unclassified_Megasphaera
ASV0370,0,0,0,0,0,0,0,0,0,0,0,0,0,0,0,0,0,0,0,0,0,0,0,0,Root;Bacteria;Firmicutes_A;Clostridia;TANB77;CAG-508;unclassified_CAG-508
ASV0371,0,0,0,0,0,0,0,0,0,0,0,0,0,0,0,0,0,0,0,0,0,0,0,0,Root;Bacteria;Bacteroidota;Bacteroidia;Bacteroidales;Bacteroidaceae;Prevotella;Prevotella_pectinovora
ASV0372,0,0,0,0,0,0,0,0,0,0,0,0,0,0,0,0,0,0,0,0,0,0,0,0,Root;Bacteria;unclassified_Bacteria
ASV0373,0,0,0,0,0,0,0,0,0,0,0,0,0,0,0,0,0,0,0,0,0,0,0,0,Root;Bacteria;Firmicutes;Bacilli;Lactobacillales;Lactobacillaceae;Lactobacillus;unclassified_Lactobacillus
ASV0374,0,0,0,0,0,0,0,0,0,0,0,0,0,0,0,0,0,0,0,0,0,0,0,0,Root;Bacteria;Proteobacteria;Gammaproteobacteria;Enterobacterales;Enterobacteriaceae;unclassified_Enterobacteriaceae
ASV0375,0,0,0,0,0,0,0,0,0,0,0,0,0,0,0,0,0,0,0,0,0,0,0,0,Root;Bacteria;Bacteroidota;Bacteroidia;Bacteroidales;unclassified_Bacteroidales
ASV0376,0,0,0,0,0,0,0,0,0,0,0,0,0,0,0,0,0,0,0,0,0,0,0,0,Root;Bacteria;Firmicutes_A;Clostridia;Lachnospirales;Lachnospiraceae;Blautia_A;Blautia_A_sp900066505
ASV0377,0,0,0,0,0,0,0,0,0,0,0,0,0,0,0,0,0,0,0,0,0,0,0,0,Root;Bacteria;Bacteroidota;Bacteroidia;Bacteroidales;Tannerellaceae;Parabacteroides;unclassified_Parabacteroides
ASV0378,0,0,0,0,0,0,0,0,0,0,0,0,0,0,0,0,0,0,0,0,0,0,0,0,Root;Bacteria;Firmicutes_A;Clostridia;Peptostreptococcales;Peptostreptococcaceae;Terrisporobacter;unclassified_Terrisporobacter
ASV0379,0,0,0,0,0,0,0,0,0,0,0,0,0,0,0,0,0,0,0,0,0,0,0,0,Root;Bacteria;Firmicutes;Bacilli;Lactobacillales;Enterococcaceae;unclassified_Enterococcaceae
ASV0380,0,0,0,0,0,0,0,0,0,0,0,0,0,0,0,0,0,0,0,0,0,0,0,0,Root;Bacteria;Firmicutes_A;Clostridia;Clostridiales;Clostridiaceae;Clostridium;unclassified_Clostridium
ASV0381,0,0,0,0,0,0,0,0,0,0,1,0,0,0,0,0,0,0,0,0,0,0,0,0,Root;Bacteria;Proteobacteria;Gammaproteobacteria;Xanthomonadales;Xanthomonadaceae;Stenotrophomonas;unclassified_Stenotrophomonas
ASV0382,0,0,0,0,0,0,0,0,0,0,0,0,0,0,0,0,0,0,0,0,0,0,0,0,Root;Bacteria;Bacteroidota;Bacteroidia;Bacteroidales;Bacteroidaceae;Bacteroides;unclassified_Bacteroides
ASV0383,0,0,0,0,0,0,0,0,0,0,0,0,0,0,0,0,0,0,0,0,0,0,0,0,Root;Bacteria;Firmicutes;Bacilli;Lactobacillales;Streptococcaceae;Streptococcus;unclassified_Streptococcus
ASV0384,0,0,0,0,0,0,0,0,0,0,0,0,0,0,0,0,0,0,0,0,0,0,0,0,Root;Bacteria;unclassified_Bacteria
ASV0385,0,0,0,0,0,0,0,0,0,0,0,0,0,0,0,0,0,0,0,0,0,0,0,0,Root;Bacteria;Firmicutes_A;Clostridia;Oscillospirales;Acutalibacteraceae;Ruminococcus_E;Ruminococcus_E_sp003526955
ASV0386,0,0,0,0,0,0,0,0,0,0,0,0,0,0,0,0,0,0,0,0,0,0,0,0,Root;Bacteria;Bacteroidota;Bacteroidia;Bacteroidales;Bacteroidaceae;Bacteroides;unclassified_Bacteroides
ASV0387,0,0,0,0,0,0,0,0,0,0,0,0,0,0,0,0,0,0,0,0,0,0,0,0,Root;Bacteria;Bacteroidota;Bacteroidia;Bacteroidales;Dysgonomonadaceae;Dysgonomonas;unclassified_Dysgonomonas
ASV0388,0,0,0,0,0,0,0,0,0,0,0,0,0,0,0,0,0,0,0,0,0,0,0,0,Root;Bacteria;Firmicutes_A;Clostridia;Lachnospirales;Lachnospiraceae;Blautia_A;unclassified_Blautia_A
ASV0389,0,0,0,0,0,0,0,0,0,0,0,0,0,0,0,0,0,0,0,0,0,0,0,0,Root;Bacteria;Firmicutes_A;Clostridia;Lachnospirales;Lachnospiraceae;Mediterraneibacter;Mediterraneibacter_lactaris
ASV0390,0,0,0,0,0,0,0,0,0,0,0,0,0,0,0,0,0,0,0,0,0,0,0,0,Root;Bacteria;Actinobacteriota;Actinomycetia;Actinomycetales;Bifidobacteriaceae;Bifidobacterium;unclassified_Bifidobacterium
ASV0391,0,0,0,0,0,0,0,0,0,0,0,0,0,0,0,0,0,0,0,0,0,0,0,0,Root;Bacteria;Firmicutes_A;Clostridia;Oscillospirales;Ruminococcaceae;Faecalibacterium;unclassified_Faecalibacterium
ASV0392,0,0,0,0,0,0,0,0,0,0,0,0,0,0,0,0,0,0,0,0,0,0,0,0,Root;Bacteria;Proteobacteria;Gammaproteobacteria;Enterobacterales;Enterobacteriaceae;unclassified_Enterobacteriaceae
ASV0393,0,0,0,0,0,0,0,0,0,0,0,0,0,0,0,0,0,0,0,0,0,0,0,0,Root;Bacteria;Bacteroidota;Bacteroidia;Flavobacteriales;Weeksellaceae;Chryseobacterium;unclassified_Chryseobacterium
ASV0394,0,0,0,0,0,0,0,0,0,0,0,0,0,0,0,2,3,0,0,1,0,0,12,0,Root;Bacteria;Firmicutes;Bacilli;Lactobacillales;Lactobacillaceae;Limosilactobacillus;Limosilactobacillus_ingluviei
ASV0395,0,0,0,0,0,0,0,0,0,0,0,0,0,0,0,0,0,0,0,0,0,0,0,0,Root;Bacteria;Firmicutes;Bacilli;Lactobacillales;Lactobacillaceae;Limosilactobacillus;unclassified_Limosilactobacillus
ASV0396,0,0,0,0,0,0,0,0,0,0,0,0,0,0,0,0,0,0,0,0,0,0,0,0,Root;Bacteria;Proteobacteria;Gammaproteobacteria;Burkholderiales;Burkholderiaceae;unclassified_Burkholderiaceae
ASV0397,0,0,0,0,0,0,0,0,0,0,0,0,0,0,0,0,0,0,0,0,0,0,0,0,Root;Bacteria;Proteobacteria;Gammaproteobacteria;Pseudomonadales;Pseudomonadaceae;Pseudomonas_E;unclassified_Pseudomonas_E
ASV0398,0,0,0,0,0,0,0,0,0,0,0,0,0,0,0,0,0,0,0,0,0,0,0,0,Root;Bacteria;Firmicutes;Bacilli;Lactobacillales;Lactobacillaceae;Leuconostoc;unclassified_Leuconostoc
ASV0399,0,0,0,0,0,0,0,0,0,0,0,0,0,0,0,0,0,0,0,0,0,0,0,0,Root;Bacteria;Firmicutes;Bacilli;Lactobacillales;Lactobacillaceae;Lactobacillus;unclassified_Lactobacillus
ASV0400,0,0,0,0,0,0,0,0,0,0,0,0,0,0,0,0,0,0,0,0,0,0,0,0,Root;Bacteria;Firmicutes_A;Clostridia;Lachnospirales;Lachnospiraceae;unclassified_Lachnospiraceae
ASV0401,0,0,0,0,0,0,0,0,0,0,0,0,0,0,0,0,0,0,0,0,0,0,0,0,Root;Bacteria;Actinobacteriota;Coriobacteriia;Coriobacteriales;Atopobiaceae;Lancefieldella;unclassified_Lancefieldella
ASV0402,0,0,0,0,0,0,0,0,0,0,0,0,0,0,0,0,0,0,0,0,0,0,0,0,Root;Bacteria;Firmicutes;Bacilli;Paenibacillales;Paenibacillaceae;Paenibacillus;unclassified_Paenibacillus
ASV0403,0,0,0,0,0,0,0,0,0,0,0,0,0,0,0,0,0,0,0,0,0,0,0,0,Root;Bacteria;Firmicutes_C;Negativicutes;Veillonellales;Veillonellaceae;Veillonella;unclassified_Veillonella
ASV0404,0,0,0,0,0,0,0,0,0,0,0,0,0,0,0,0,0,0,0,0,0,0,0,0,Root;Bacteria;Firmicutes_A;Clostridia;Peptostreptococcales;Peptostreptococcaceae;Paraclostridium;Paraclostridium_sordellii
ASV0405,0,0,0,0,0,0,0,0,0,0,0,0,0,0,0,0,0,0,0,0,0,0,0,0,Root;Bacteria;Bacteroidota;Bacteroidia;Bacteroidales;Bacteroidaceae;Prevotella;Prevotella_buccalis
ASV0406,0,0,0,0,0,0,0,0,0,0,0,0,0,0,0,0,0,0,0,0,0,0,0,0,Root;Bacteria;Firmicutes_A;Clostridia;Clostridiales;Clostridiaceae;Clostridium_P;Clostridium_P_perfringens
ASV0407,0,0,0,0,0,0,0,0,0,0,0,0,0,0,0,0,0,0,0,0,0,0,0,0,Root;Bacteria;Proteobacteria;Gammaproteobacteria;Enterobacterales;Enterobacteriaceae;unclassified_Enterobacteriaceae
ASV0408,0,0,0,0,0,0,0,0,0,0,0,0,0,0,0,0,0,0,0,0,0,0,0,0,Root;Bacteria;Firmicutes_A;Clostridia;Lachnospirales;Lachnospiraceae;Eubacterium_I;Eubacterium_I_ramulus
ASV0409,0,0,0,0,0,0,0,0,0,0,0,0,0,0,0,0,0,0,0,0,0,0,0,0,Root;Bacteria;unclassified_Bacteria
ASV0410,0,0,0,0,0,0,0,0,0,0,0,0,0,0,0,0,0,0,0,0,0,0,0,0,Root;Bacteria;Bacteroidota;Bacteroidia;Bacteroidales;Bacteroidaceae;Bacteroides;unclassified_Bacteroides
ASV0411,0,0,0,0,0,0,0,0,0,0,0,0,0,0,0,0,0,0,0,0,0,0,0,0,Root;Bacteria;Bacteroidota;Bacteroidia;Bacteroidales;Bacteroidaceae;Bacteroides;unclassified_Bacteroides
ASV0412,0,0,0,0,0,0,0,0,0,0,0,0,0,0,0,0,0,0,0,0,0,0,0,0,Root;Bacteria;Firmicutes_A;Clostridia;Lachnospirales;Lachnospiraceae;Choladocola;Choladocola_sp018223365
ASV0413,0,0,0,0,0,0,0,0,0,0,0,0,0,0,0,0,0,0,0,0,0,0,0,0,Root;Bacteria;Firmicutes_C;Negativicutes;Selenomonadales;Selenomonadaceae;Mitsuokella;Mitsuokella_multacida
ASV0414,0,0,0,0,0,0,0,0,0,0,0,0,0,0,0,0,0,0,0,0,0,0,0,0,Root;Bacteria;Actinobacteriota;Coriobacteriia;Coriobacteriales;Coriobacteriaceae;Collinsella;Collinsella_bouchesdurhonensis
ASV0415,0,0,0,0,0,0,0,0,0,0,0,0,0,0,0,0,0,0,0,0,0,0,0,0,Root;unclassified_Root
ASV0416,0,0,0,0,0,0,0,0,0,0,0,0,0,0,0,0,0,0,0,0,0,0,0,0,Root;Bacteria;Firmicutes_A;Clostridia;Lachnospirales;Lachnospiraceae;Anaerobutyricum;unclassified_Anaerobutyricum
ASV0417,0,0,0,0,0,0,0,0,0,0,0,0,0,0,0,0,0,0,0,0,0,0,0,0,Root;Bacteria;Firmicutes_C;Negativicutes;Veillonellales;Megasphaeraceae;Megasphaera;Megasphaera_stantonii
ASV0418,0,0,0,0,0,0,0,0,0,0,0,0,0,0,0,0,0,0,0,0,0,0,0,0,Root;Bacteria;Actinobacteriota;Coriobacteriia;Coriobacteriales;Eggerthellaceae;Slackia;Slackia_exigua
ASV0419,0,0,0,0,0,0,0,0,0,0,0,0,0,0,0,0,0,0,0,0,0,0,0,0,Root;Bacteria;Proteobacteria;Gammaproteobacteria;Burkholderiales;Burkholderiaceae;Ralstonia;unclassified_Ralstonia
ASV0420,0,0,0,0,0,0,0,0,0,0,0,0,0,0,0,0,0,0,0,0,0,0,0,0,Root;Bacteria;Cyanobacteria;Vampirovibrionia;Gastranaerophilales;Gastranaerophilaceae;unclassified_Gastranaerophilaceae
ASV0421,0,0,0,0,0,0,0,0,0,0,0,0,0,0,0,0,0,0,0,0,0,0,0,0,Root;Bacteria;Actinobacteriota;Actinomycetia;Actinomycetales;Micrococcaceae;Rothia;unclassified_Rothia
ASV0422,0,0,0,0,0,0,0,0,0,0,0,0,0,0,0,0,0,0,0,0,0,0,0,0,Root;Bacteria;Firmicutes_A;Clostridia;Peptostreptococcales;Peptostreptococcaceae;Terrisporobacter;Terrisporobacter_glycolicus
ASV0423,0,0,0,0,0,0,0,0,0,0,0,0,0,0,0,0,0,0,0,0,0,0,0,0,Root;Bacteria;Firmicutes_A;Clostridia;Clostridiales;Clostridiaceae;Clostridium_P;Clostridium_P_ventriculi
ASV0424,0,0,0,0,0,0,0,0,0,0,0,0,0,0,0,0,0,0,0,0,0,0,0,0,Root;Bacteria;Firmicutes_A;Clostridia;Peptostreptococcales;Peptostreptococcaceae;Clostridioides;unclassified_Clostridioides
ASV0425,0,0,0,0,0,0,0,0,0,0,0,0,0,0,0,0,0,0,0,0,0,0,0,0,Root;Bacteria;Firmicutes;Bacilli;Lactobacillales;Lactobacillaceae;Limosilactobacillus;unclassified_Limosilactobacillus
ASV0426,0,0,0,0,0,0,0,0,0,0,0,0,0,0,0,0,0,0,0,0,0,0,0,0,Root;Bacteria;Bacteroidota;Bacteroidia;Bacteroidales;Bacteroidaceae;Bacteroides;unclassified_Bacteroides
ASV0427,0,0,0,0,0,0,0,0,0,0,0,0,0,0,0,0,0,0,0,0,0,0,0,0,Root;Bacteria;Firmicutes_A;Clostridia;Oscillospirales;Ruminococcaceae;Faecalibacterium;unclassified_Faecalibacterium
ASV0428,0,0,0,0,0,0,0,0,0,0,0,0,0,0,0,0,0,0,0,0,0,0,0,0,Root;Bacteria;Firmicutes_A;Clostridia;Lachnospirales;Lachnospiraceae;Lachnospira;Lachnospira_rogosae_A
ASV0429,0,0,0,0,0,0,0,0,0,0,0,0,0,0,0,0,0,0,0,0,0,0,0,0,Root;Bacteria;Firmicutes_A;Clostridia;Clostridiales;Clostridiaceae;Clostridium_P;Clostridium_P_perfringens
ASV0430,0,0,0,0,0,0,0,0,0,0,0,0,0,0,0,0,0,0,0,0,0,0,0,0,Root;Bacteria;Bacteroidota;Bacteroidia;Bacteroidales;Bacteroidaceae;Bacteroides;unclassified_Bacteroides
ASV0431,0,0,0,0,0,0,0,0,0,0,0,0,0,0,0,0,0,0,0,0,0,0,0,0,Root;Bacteria;Firmicutes_A;Clostridia;Lachnospirales;Lachnospiraceae;Lachnoclostridium_B;Lachnoclostridium_B_sp900066555
ASV0432,0,0,0,0,0,0,0,0,0,0,0,0,0,0,0,0,0,0,0,0,0,0,0,0,Root;Bacteria;Firmicutes_A;Clostridia;Lachnospirales;Lachnospiraceae;Choladocola;Choladocola_sp003480725
ASV0433,0,0,0,0,0,0,0,0,0,0,0,0,0,0,0,0,0,0,0,0,0,0,0,0,Root;unclassified_Root
ASV0434,0,0,0,0,0,0,0,0,0,0,0,0,0,0,0,0,0,0,0,0,0,0,0,0,Root;Bacteria;Firmicutes_A;Clostridia;Oscillospirales;Ruminococcaceae;Ruthenibacterium;Ruthenibacterium_lactatiformans
ASV0435,0,0,0,0,0,0,0,0,0,0,0,0,0,0,0,0,0,0,0,0,0,0,0,0,Root;Bacteria;Proteobacteria;Gammaproteobacteria;Enterobacterales;Enterobacteriaceae;Providencia;unclassified_Providencia
ASV0436,0,0,0,0,0,0,0,0,0,0,0,0,0,0,0,0,0,0,0,0,0,0,0,0,Root;Bacteria;Firmicutes_A;Clostridia;Lachnospirales;Lachnospiraceae;unclassified_Lachnospiraceae
ASV0437,0,0,0,0,0,0,0,0,0,0,0,0,0,0,0,0,0,0,0,0,0,0,0,0,Root;Bacteria;Firmicutes;Bacilli;Lactobacillales;Enterococcaceae;unclassified_Enterococcaceae
ASV0438,0,0,0,0,0,0,0,0,0,0,0,0,0,0,0,0,0,0,0,0,0,0,0,0,Root;Bacteria;Firmicutes_C;Negativicutes;Veillonellales;Veillonellaceae;Veillonella_A;unclassified_Veillonella_A
ASV0439,0,0,0,0,0,0,0,0,0,0,0,0,0,0,0,0,0,0,0,0,0,0,0,0,Root;Bacteria;Firmicutes_A;Clostridia;Oscillospirales;Oscillospiraceae;unclassified_Oscillospiraceae
ASV0440,0,0,0,0,0,0,0,0,0,0,0,0,0,0,0,0,0,0,0,0,0,0,0,0,Root;Bacteria;Firmicutes;Bacilli;Lactobacillales;Lactobacillaceae;Limosilactobacillus;Limosilactobacillus_gastricus
ASV0441,0,0,0,0,0,0,0,0,0,0,0,0,0,0,0,0,0,0,0,0,0,0,0,0,Root;Bacteria;Proteobacteria;Alphaproteobacteria;Rhizobiales;Rhizobiaceae;unclassified_Rhizobiaceae
ASV0442,0,0,0,0,0,0,0,0,0,0,0,0,0,0,0,0,0,0,0,0,0,0,0,0,Root;Bacteria;Actinobacteriota;Coriobacteriia;Coriobacteriales;Atopobiaceae;Parafannyhessea;unclassified_Parafannyhessea
ASV0443,0,0,0,0,0,0,0,0,0,0,0,0,0,0,0,0,0,0,0,0,0,0,0,0,Root;Bacteria;Firmicutes_A;Clostridia;Oscillospirales;Ruminococcaceae;Ruthenibacterium;Ruthenibacterium_lactatiformans
ASV0444,0,0,0,0,0,0,0,0,0,0,0,0,0,0,0,0,0,0,0,0,0,0,0,0,Root;Bacteria;Firmicutes_A;Clostridia;Eubacteriales;Eubacteriaceae;Eubacterium;unclassified_Eubacterium
ASV0445,0,0,0,0,0,0,0,0,0,0,0,0,0,0,0,0,0,0,0,0,0,0,0,0,Root;Bacteria;Firmicutes_A;Clostridia;Clostridiales;Clostridiaceae;Clostridium;unclassified_Clostridium
ASV0446,0,0,0,0,0,0,0,0,0,0,0,0,0,0,0,0,0,0,0,0,0,0,0,0,Root;Bacteria;Firmicutes_A;Clostridia;Lachnospirales;Lachnospiraceae;Anaerostipes;unclassified_Anaerostipes
ASV0447,0,0,0,0,0,0,0,0,0,0,0,0,0,0,0,0,0,0,0,0,0,0,0,0,Root;Bacteria;Firmicutes;Bacilli;Lactobacillales;Enterococcaceae;unclassified_Enterococcaceae
ASV0448,0,0,0,0,0,0,0,0,0,0,0,0,0,0,0,0,0,0,0,0,0,0,0,0,Root;Bacteria;Firmicutes_A;Clostridia;Oscillospirales;Ruminococcaceae;unclassified_Ruminococcaceae
ASV0449,0,0,0,0,0,0,0,0,0,0,0,0,0,0,0,0,0,0,0,0,0,0,0,0,Root;Bacteria;Firmicutes_A;Clostridia;Lachnospirales;Lachnospiraceae;Lachnospira;unclassified_Lachnospira
ASV0450,0,0,0,0,0,0,0,0,0,0,0,0,0,0,0,0,0,0,0,0,0,0,0,0,Root;Bacteria;Proteobacteria;Gammaproteobacteria;Burkholderiales;Burkholderiaceae;Ralstonia;unclassified_Ralstonia
ASV0451,0,0,0,0,0,0,0,0,0,0,0,0,0,0,0,0,0,0,0,0,0,0,0,0,Root;Bacteria;Bacteroidota;Bacteroidia;Bacteroidales;Bacteroidaceae;Prevotella;unclassified_Prevotella
ASV0452,0,0,0,0,0,0,0,0,0,0,0,0,0,0,0,0,0,0,0,0,0,0,0,0,Root;Bacteria;Firmicutes_A;Clostridia;Lachnospirales;Lachnospiraceae;Blautia_A;unclassified_Blautia_A
ASV0453,0,0,0,0,0,0,0,0,0,0,0,0,0,0,0,0,0,0,0,0,0,0,0,0,Root;Bacteria;Bacteroidota;Bacteroidia;Bacteroidales;Bacteroidaceae;Prevotella;Prevotella_buccalis
ASV0454,0,0,0,0,0,0,0,0,0,0,0,0,0,0,0,0,0,0,0,0,0,0,0,0,Root;Bacteria;Bacteroidota;Bacteroidia;Bacteroidales;Bacteroidaceae;Prevotella;Prevotella_sp002251385
ASV0455,0,0,0,0,0,0,0,0,0,0,0,0,0,0,0,0,0,0,0,0,0,0,0,0,Root;Bacteria;Firmicutes;Bacilli;Lactobacillales;Lactobacillaceae;Ligilactobacillus;unclassified_Ligilactobacillus
ASV0456,0,0,0,0,0,0,0,0,0,0,0,0,0,0,0,0,0,0,0,0,0,0,0,0,Root;Bacteria;Firmicutes_A;Clostridia;Oscillospirales;Ruminococcaceae;Faecalibacterium;unclassified_Faecalibacterium
ASV0457,0,0,0,0,0,0,0,0,0,0,0,0,0,0,0,0,0,0,0,0,0,0,0,0,Root;Bacteria;Firmicutes_A;Clostridia;Lachnospirales;Lachnospiraceae;UBA3402;UBA3402_sp003478355
ASV0458,0,0,0,0,0,0,0,0,0,0,0,0,0,0,0,0,0,0,0,0,0,0,0,0,Root;Archaea;Methanobacteriota;Methanobacteria;Methanobacteriales;Methanobacteriaceae;Methanosphaera;Methanosphaera_stadtmanae
ASV0459,0,0,0,0,0,0,0,0,0,0,0,0,0,0,0,0,0,0,0,0,0,0,0,0,Root;Bacteria;Firmicutes_A;Clostridia;Lachnospirales;Lachnospiraceae;Anaerobutyricum;Anaerobutyricum_hallii
ASV0460,0,0,0,0,0,0,0,0,0,0,0,0,0,0,0,0,0,0,0,0,0,0,0,0,Root;Bacteria;Firmicutes_A;Clostridia;Clostridiales;Clostridiaceae;Clostridium_P;Clostridium_P_perfringens
ASV0461,0,0,0,0,0,0,0,0,0,0,0,0,0,0,0,0,0,0,0,0,0,0,0,0,Root;Bacteria;Firmicutes;Bacilli;Lactobacillales;Enterococcaceae;unclassified_Enterococcaceae
ASV0462,0,0,0,0,0,1,0,0,0,0,0,0,0,0,0,0,0,0,0,0,0,0,0,0,Root;Bacteria;Actinobacteriota;Coriobacteriia;Coriobacteriales;Coriobacteriaceae;Collinsella;Collinsella_vaginalis
ASV0463,0,0,0,0,0,0,0,0,0,0,0,0,0,0,0,0,0,0,0,0,0,0,0,0,Root;Bacteria;Firmicutes;Bacilli;Lactobacillales;Lactobacillaceae;Limosilactobacillus;Limosilactobacillus_gastricus
ASV0464,0,0,0,0,0,0,0,0,0,0,0,0,0,0,0,0,0,0,0,0,0,0,0,0,Root;Bacteria;Firmicutes_A;Clostridia;Oscillospirales;Ruminococcaceae;Neobittarella;Neobittarella_massiliensis
ASV0465,0,0,0,0,0,0,0,0,0,0,0,0,0,0,0,0,0,0,0,0,0,0,0,0,Root;Bacteria;Firmicutes;Bacilli;Lactobacillales;Lactobacillaceae;Lactobacillus;unclassified_Lactobacillus
ASV0466,0,0,0,0,0,0,0,0,0,0,0,0,0,0,0,0,0,0,0,0,0,0,0,0,Root;Bacteria;Firmicutes_A;Clostridia;Eubacteriales;Eubacteriaceae;Pseudoramibacter;Pseudoramibacter_alactolyticus
ASV0467,0,0,0,0,0,0,0,0,0,0,0,0,0,0,0,0,0,0,0,0,0,0,0,0,Root;Bacteria;Firmicutes_A;Clostridia;Peptostreptococcales;Peptostreptococcaceae;Clostridioides;unclassified_Clostridioides
ASV0468,0,0,0,0,0,0,0,0,0,0,0,0,0,0,0,0,0,0,0,0,0,0,0,0,Root;Bacteria;Firmicutes_A;Clostridia;Lachnospirales;Lachnospiraceae;Coprococcus;unclassified_Coprococcus
ASV0469,0,0,0,0,0,0,0,0,0,0,0,0,0,0,0,0,0,0,0,0,0,0,0,0,Root;Bacteria;Bacteroidota;Bacteroidia;Bacteroidales;Bacteroidaceae;Bacteroides;unclassified_Bacteroides
ASV0470,0,0,0,0,0,0,0,0,0,0,0,0,0,0,0,0,0,0,0,0,0,0,0,0,Root;Bacteria;Verrucomicrobiota;Verrucomicrobiae;Verrucomicrobiales;Akkermansiaceae;Akkermansia;unclassified_Akkermansia
ASV0471,0,0,0,0,0,0,0,0,0,0,0,0,0,0,0,0,0,0,0,0,0,0,0,0,Root;Bacteria;Firmicutes_A;Clostridia;Oscillospirales;Oscillospiraceae;Dysosmobacter;Dysosmobacter_sp001916835
ASV0472,0,0,0,0,0,0,0,0,0,0,0,0,0,0,0,0,0,0,0,0,0,0,0,0,Root;Bacteria;Firmicutes_A;Clostridia;Tissierellales;Peptoniphilaceae;Peptoniphilus_A;Peptoniphilus_A_lacrimalis
ASV0473,0,0,0,0,0,0,0,0,0,0,0,0,0,0,0,0,0,0,0,0,0,0,0,0,Root;Bacteria;Bacteroidota;Bacteroidia;Bacteroidales;Bacteroidaceae;Bacteroides;unclassified_Bacteroides
ASV0474,0,0,0,0,0,0,0,0,0,0,0,0,0,0,0,0,0,0,0,0,0,0,0,0,Root;Bacteria;Firmicutes_A;Clostridia;Peptostreptococcales;Peptostreptococcaceae;Clostridioides_A;unclassified_Clostridioides_A
ASV0475,0,0,0,0,0,0,0,0,0,0,0,0,0,0,0,0,0,0,0,0,0,0,0,0,Root;Bacteria;Firmicutes_A;Clostridia;Oscillospirales;Oscillospiraceae;CAG-83;CAG-83_sp900545585
ASV0476,0,0,0,0,0,0,0,0,0,0,0,0,0,0,0,0,0,0,0,0,0,0,0,0,Root;Bacteria;Firmicutes_A;Clostridia;Oscillospirales;Butyricicoccaceae;Butyricicoccus_A;Butyricicoccus_A_sp002395695
ASV0477,0,0,0,0,0,0,0,0,0,0,0,0,0,0,0,0,0,0,0,0,0,0,0,0,Root;Bacteria;Firmicutes_A;Clostridia;Lachnospirales;Lachnospiraceae;Blautia_A;unclassified_Blautia_A
ASV0478,0,0,0,0,0,0,0,0,0,0,0,0,0,0,0,0,0,0,0,0,0,0,0,0,Root;Bacteria;Firmicutes_A;Clostridia;Lachnospirales;Lachnospiraceae;Hungatella;Hungatella_effluvii
ASV0479,0,0,0,0,0,0,0,0,0,0,0,0,0,0,0,0,0,0,0,0,0,0,0,0,Root;Bacteria;Firmicutes_A;Clostridia;Lachnospirales;Lachnospiraceae;Dorea;Dorea_formicigenerans
ASV0480,0,0,0,0,0,0,0,0,0,0,0,0,0,0,0,0,0,0,0,0,0,0,0,0,Root;Bacteria;Bacteroidota;Bacteroidia;Bacteroidales;Bacteroidaceae;Prevotella;Prevotella_hominis
ASV0481,0,0,0,0,0,0,0,0,0,0,0,0,0,0,0,0,0,0,0,0,0,0,0,0,Root;Bacteria;Actinobacteriota;Coriobacteriia;Coriobacteriales;Coriobacteriaceae;Collinsella;unclassified_Collinsella
ASV0482,0,0,0,0,0,0,0,0,0,0,0,0,0,0,0,0,0,0,0,0,0,0,0,0,Root;Bacteria;Firmicutes_A;Clostridia;Lachnospirales;Lachnospiraceae;Anaerostipes;unclassified_Anaerostipes
ASV0483,0,0,0,0,0,0,0,0,0,0,0,0,0,0,0,0,0,0,0,0,0,0,0,0,Root;Bacteria;Firmicutes_A;Clostridia;Oscillospirales;Ruminococcaceae;Ruminococcus;unclassified_Ruminococcus
ASV0484,0,0,0,0,0,0,0,0,0,0,0,0,0,0,0,0,0,0,0,0,0,0,0,0,Root;Bacteria;Bacteroidota;Bacteroidia;Bacteroidales;Tannerellaceae;Parabacteroides;unclassified_Parabacteroides
ASV0485,0,0,0,0,0,0,0,0,0,0,0,0,0,0,0,0,0,0,0,0,0,0,0,0,Root;Bacteria;Bacteroidota;Bacteroidia;Bacteroidales;Tannerellaceae;Parabacteroides;unclassified_Parabacteroides
ASV0486,0,0,0,0,0,0,0,0,0,0,0,0,0,0,0,0,0,0,0,0,0,0,0,0,Root;Bacteria;Firmicutes_A;Clostridia;Lachnospirales;Lachnospiraceae;Eubacterium_G;unclassified_Eubacterium_G
ASV0487,0,0,0,0,0,0,0,0,0,0,0,0,0,0,0,0,0,0,0,0,0,0,0,0,Root;Bacteria;Bacteroidota;Bacteroidia;Bacteroidales;unclassified_Bacteroidales
ASV0488,0,0,0,0,0,0,0,0,0,0,0,0,0,0,0,0,0,0,0,0,0,0,0,0,Root;Bacteria;Actinobacteriota;Actinomycetia;Mycobacteriales;Mycobacteriaceae;Rhodococcus;unclassified_Rhodococcus
ASV0489,0,0,0,0,0,0,0,0,0,0,0,0,0,0,0,0,0,0,0,0,0,0,0,0,Root;Bacteria;Bacteroidota;Bacteroidia;Bacteroidales;Bacteroidaceae;Bacteroides;unclassified_Bacteroides
ASV0490,0,0,0,0,0,0,0,0,0,0,0,0,0,0,0,0,0,0,0,0,0,0,0,0,Root;Bacteria;Firmicutes_A;Clostridia;Lachnospirales;Lachnospiraceae;Eubacterium_G;unclassified_Eubacterium_G
ASV0491,0,0,0,0,0,0,0,0,0,0,0,0,0,0,0,0,0,0,0,0,0,0,0,0,Root;Bacteria;Firmicutes_A;Clostridia;Clostridiales;Clostridiaceae;Clostridium_P;Clostridium_P_perfringens
ASV0492,0,0,0,0,0,0,0,0,0,0,0,0,0,0,0,0,0,0,0,0,0,0,0,0,Root;Bacteria;Bacteroidota;Bacteroidia;Bacteroidales;unclassified_Bacteroidales
ASV0493,0,0,0,0,0,0,0,0,0,0,0,0,0,0,0,0,0,0,0,0,0,0,0,0,Root;Bacteria;Proteobacteria;Gammaproteobacteria;unclassified_Gammaproteobacteria
ASV0494,0,0,0,0,0,0,0,0,0,0,0,0,0,0,0,0,0,0,0,0,0,0,0,0,Root;Bacteria;Bacteroidota;Bacteroidia;Bacteroidales;UBA932;Cryptobacteroides;Cryptobacteroides_sp000435075
ASV0495,0,0,0,0,0,0,0,0,0,0,0,0,0,0,0,0,0,0,0,0,0,0,0,0,Root;Bacteria;Firmicutes_A;Clostridia;Lachnospirales;Lachnospiraceae;Blautia_A;unclassified_Blautia_A
ASV0496,0,0,0,0,0,0,0,0,0,0,0,0,0,0,0,0,0,0,0,0,0,0,0,0,Root;Bacteria;Firmicutes_A;Clostridia;Oscillospirales;Ruminococcaceae;Faecalibacterium;unclassified_Faecalibacterium
ASV0497,0,0,0,0,0,0,0,0,0,0,0,0,0,0,0,0,0,0,0,0,0,0,0,0,Root;Bacteria;Fusobacteriota;Fusobacteriia;Fusobacteriales;Fusobacteriaceae;Fusobacterium_A;unclassified_Fusobacterium_A
ASV0498,0,0,0,0,0,0,0,0,0,0,0,0,0,0,0,0,0,0,0,0,0,0,0,0,Root;Bacteria;Firmicutes_A;Clostridia;Lachnospirales;Lachnospiraceae;UBA3402;UBA3402_sp003478355
ASV0499,0,0,0,0,0,0,0,0,0,0,0,0,0,0,0,0,0,0,0,0,0,0,0,0,Root;Bacteria;Proteobacteria;Gammaproteobacteria;Enterobacterales;Pasteurellaceae;Haemophilus;unclassified_Haemophilus
ASV0500,0,0,0,0,0,0,0,0,0,0,0,0,0,0,0,0,0,0,0,0,0,0,0,0,Root;Bacteria;Firmicutes_C;Negativicutes;Veillonellales;Veillonellaceae;Veillonella_A;unclassified_Veillonella_A
ASV0501,0,0,0,0,0,0,0,0,0,0,0,0,0,0,0,0,0,0,0,0,0,0,0,0,Root;Bacteria;Actinobacteriota;Coriobacteriia;Coriobacteriales;Eggerthellaceae;unclassified_Eggerthellaceae
ASV0502,0,0,0,0,0,0,0,0,0,0,0,0,0,0,0,0,0,0,0,0,0,0,0,0,Root;Bacteria;Firmicutes_A;Clostridia;Lachnospirales;Lachnospiraceae;CAG-127;unclassified_CAG-127
ASV0503,0,0,0,0,0,0,0,0,0,0,0,0,0,0,0,0,0,0,0,0,0,0,0,0,Root;Bacteria;Firmicutes_A;Clostridia;Tissierellales;Tissierellaceae;Tissierella;unclassified_Tissierella
ASV0504,0,0,0,0,0,0,0,0,0,0,0,0,0,0,0,0,0,0,0,0,0,0,0,0,Root;Bacteria;Firmicutes;Bacilli;Paenibacillales;Paenibacillaceae;Paenibacillus;unclassified_Paenibacillus
ASV0505,0,0,0,0,0,0,0,0,0,0,0,0,0,0,0,0,0,0,0,0,0,0,0,0,Root;Bacteria;Firmicutes_A;Clostridia;Clostridiales;Clostridiaceae;Clostridium;Clostridium_baratii
ASV0506,0,0,0,0,0,0,0,0,0,0,0,0,0,0,0,0,0,0,0,0,0,0,0,0,Root;Bacteria;Firmicutes;Bacilli;Lactobacillales;Lactobacillaceae;Limosilactobacillus;unclassified_Limosilactobacillus
ASV0507,0,0,0,0,0,0,0,0,0,0,0,0,0,0,0,0,0,0,0,0,0,0,0,0,Root;Bacteria;Firmicutes;Bacilli;Lactobacillales;Aerococcaceae;Granulicatella;unclassified_Granulicatella
ASV0508,0,0,0,0,0,0,0,0,0,0,0,0,0,0,0,0,0,0,0,0,0,0,0,0,Root;Bacteria;Firmicutes_C;Negativicutes;Selenomonadales;Selenomonadaceae;Mitsuokella;Mitsuokella_multacida
ASV0509,0,0,0,0,0,0,0,0,0,0,0,0,0,0,0,0,0,0,0,0,0,0,0,0,Root;Bacteria;Bacteroidota;Bacteroidia;Bacteroidales;Bacteroidaceae;Phocaeicola;Phocaeicola_plebeius
ASV0510,0,0,0,0,0,0,0,0,0,0,0,0,0,0,0,0,0,0,0,0,0,0,0,0,Root;Bacteria;Firmicutes_A;Clostridia;Lachnospirales;Lachnospiraceae;Limivivens;Limivivens_sp900066135
ASV0511,0,0,0,0,0,0,0,0,0,0,0,0,0,0,0,0,0,0,0,0,0,0,0,0,Root;Bacteria;Firmicutes_C;Negativicutes;Acidaminococcales;Acidaminococcaceae;Phascolarctobacterium_A;unclassified_Phascolarctobacterium_A
ASV0512,0,0,0,0,0,0,0,0,0,0,0,0,0,0,0,0,0,0,0,0,0,0,0,0,Root;unclassified_Root
ASV0513,0,0,0,0,0,0,0,0,0,0,0,0,0,0,0,0,0,0,0,0,0,0,0,0,Root;Bacteria;Firmicutes_A;Clostridia;Lachnospirales;Lachnospiraceae;Blautia_A;unclassified_Blautia_A
ASV0514,0,0,0,0,0,0,0,0,0,0,0,0,0,0,0,0,0,0,0,0,0,0,0,0,Root;Bacteria;Firmicutes_A;Clostridia;Clostridiales;Clostridiaceae;Clostridium;Clostridium_moniliforme
ASV0515,0,0,0,0,0,0,16,11,16,0,0,0,0,7,2,0,0,37,0,4,0,0,4,0,Root;Bacteria;Firmicutes;Bacilli;Lactobacillales;Lactobacillaceae;Ligilactobacillus;Ligilactobacillus_agilis
ASV0516,0,0,0,0,0,0,0,0,0,0,0,0,0,0,0,0,0,0,0,0,0,0,0,0,Root;Bacteria;Firmicutes;Bacilli;Staphylococcales;Gemellaceae;Gemella;unclassified_Gemella
ASV0517,0,0,0,0,0,0,0,0,0,0,0,0,0,0,0,0,0,0,0,0,0,0,0,0,Root;Bacteria;Proteobacteria;Gammaproteobacteria;Enterobacterales;Pasteurellaceae;unclassified_Pasteurellaceae
ASV0518,0,0,0,0,0,0,0,0,0,0,0,0,0,0,0,0,0,0,0,0,0,0,0,0,Root;Bacteria;Firmicutes_C;Negativicutes;Veillonellales;Veillonellaceae;Veillonella_A;Veillonella_A_magna
ASV0519,0,0,0,0,0,0,0,0,0,0,0,0,0,0,0,0,0,0,0,0,0,0,0,0,Root;Bacteria;Firmicutes_A;Clostridia;Oscillospirales;Acutalibacteraceae;CAG-177;unclassified_CAG-177
ASV0520,0,0,0,0,0,0,0,0,0,0,0,0,0,0,0,0,0,0,0,0,0,0,0,0,Root;Bacteria;Firmicutes_A;Clostridia;Lachnospirales;Lachnospiraceae;Roseburia;unclassified_Roseburia
ASV0521,0,0,0,0,0,0,0,0,0,0,0,0,0,0,0,0,0,0,0,0,0,0,0,0,Root;Bacteria;Bacteroidota;Bacteroidia;Bacteroidales;Bacteroidaceae;Prevotella;unclassified_Prevotella
ASV0522,0,0,0,0,0,0,0,0,0,0,0,0,0,0,0,0,0,0,0,0,0,0,0,0,Root;Bacteria;Bacteroidota;Bacteroidia;Bacteroidales;Bacteroidaceae;unclassified_Bacteroidaceae
ASV0523,0,0,0,0,0,0,0,0,0,0,0,0,0,0,0,0,0,0,0,0,0,0,0,0,Root;Bacteria;Firmicutes_A;Clostridia;Lachnospirales;Lachnospiraceae;Agathobacter;unclassified_Agathobacter
ASV0524,0,0,0,0,0,0,0,0,0,0,0,0,0,0,0,0,0,0,0,0,0,0,0,0,Root;Bacteria;Firmicutes_A;Clostridia;Lachnospirales;Lachnospiraceae;Limivivens;Limivivens_sp900543575
ASV0525,0,0,0,0,0,0,0,0,0,0,0,0,0,0,0,0,0,0,0,0,0,0,0,0,Root;Bacteria;Proteobacteria;Gammaproteobacteria;Enterobacterales;Aeromonadaceae;Aeromonas;unclassified_Aeromonas
ASV0526,0,0,0,0,0,0,0,0,0,0,0,0,0,0,0,0,0,0,0,0,0,0,0,0,Root;Bacteria;Firmicutes;Bacilli;Lactobacillales;Streptococcaceae;Lactococcus;unclassified_Lactococcus
ASV0527,0,0,0,0,0,0,0,0,0,0,0,0,0,0,0,0,0,0,0,0,0,0,0,0,Root;Bacteria;Firmicutes;Bacilli;Paenibacillales;Paenibacillaceae;Paenibacillus;unclassified_Paenibacillus
ASV0528,0,0,0,0,0,0,0,0,0,0,0,0,0,0,0,0,0,0,0,0,0,0,0,0,Root;Bacteria;Bacteroidota;Bacteroidia;Bacteroidales;unclassified_Bacteroidales
ASV0529,0,0,0,0,0,0,0,0,0,0,0,0,0,0,0,0,0,0,0,0,0,0,0,0,Root;Bacteria;Proteobacteria;Gammaproteobacteria;Enterobacterales;Enterobacteriaceae;unclassified_Enterobacteriaceae
ASV0530,0,0,0,0,0,0,0,0,0,0,0,0,0,0,0,0,0,0,0,0,0,0,0,0,Root;Bacteria;Bacteroidota;Bacteroidia;Bacteroidales;Muribaculaceae;SFTJ01;SFTJ01_sp905210415
ASV0531,0,0,0,0,0,0,0,0,0,0,0,0,0,0,0,0,0,0,0,0,0,0,0,0,Root;Bacteria;Firmicutes_A;Clostridia;Lachnospirales;Lachnospiraceae;Copromonas;unclassified_Copromonas
ASV0532,0,0,0,0,0,0,0,0,0,0,0,0,0,0,0,0,0,0,0,0,0,0,0,0,Root;Bacteria;Firmicutes_A;Clostridia;Lachnospirales;Lachnospiraceae;Dorea;Dorea_formicigenerans
ASV0533,0,0,0,0,0,0,0,0,0,0,0,0,0,0,0,0,0,0,0,0,0,0,0,0,Root;Bacteria;Firmicutes;Bacilli;Erysipelotrichales;Erysipelotrichaceae;Holdemanella;Holdemanella_biformis
ASV0534,0,0,0,0,0,0,0,0,0,0,0,0,0,0,0,0,0,0,0,0,0,0,0,0,Root;Bacteria;Firmicutes_A;Clostridia;Oscillospirales;Acutalibacteraceae;Eubacterium_R;Eubacterium_R_sp900540235
ASV0535,0,0,0,0,0,0,0,0,0,0,0,0,0,0,0,0,0,0,0,0,0,0,0,0,Root;Bacteria;Bacteroidota;Bacteroidia;Bacteroidales;Bacteroidaceae;Bacteroides;unclassified_Bacteroides
ASV0536,0,0,0,0,0,0,0,0,0,0,0,0,0,0,0,0,0,0,0,0,0,0,0,0,Root;Bacteria;Firmicutes_A;Clostridia;Oscillospirales;unclassified_Oscillospirales
ASV0537,0,0,0,0,0,0,0,0,0,0,0,0,0,0,0,0,0,0,0,0,0,0,0,0,Root;Bacteria;Bacteroidota;Bacteroidia;Bacteroidales;Bacteroidaceae;Bacteroides;unclassified_Bacteroides
ASV0538,0,0,0,0,0,0,0,0,0,0,0,0,0,0,0,0,0,0,0,0,0,0,0,0,Root;Bacteria;Firmicutes;Bacilli;Paenibacillales;Paenibacillaceae;Paenibacillus;unclassified_Paenibacillus
ASV0539,0,0,0,0,0,0,0,0,0,0,0,0,0,0,0,0,0,0,0,0,0,0,0,0,Root;Bacteria;Actinobacteriota;Coriobacteriia;Coriobacteriales;Atopobiaceae;Atopobium;unclassified_Atopobium
ASV0540,0,0,0,0,0,0,0,0,0,0,0,0,0,0,0,0,0,0,0,0,0,0,0,0,Root;Bacteria;Proteobacteria;Gammaproteobacteria;Enterobacterales;Enterobacteriaceae;unclassified_Enterobacteriaceae
ASV0541,0,0,0,0,0,0,0,0,0,0,0,0,0,0,0,0,0,0,0,0,0,0,0,0,Root;Bacteria;Firmicutes_A;Clostridia;Lachnospirales;Lachnospiraceae;unclassified_Lachnospiraceae
ASV0542,0,0,0,0,0,0,0,0,0,0,0,0,0,0,0,0,0,0,0,0,0,0,0,0,Root;Bacteria;Firmicutes_A;Clostridia;Oscillospirales;Butyricicoccaceae;Agathobaculum;Agathobaculum_butyriciproducens
ASV0543,0,0,0,0,0,0,0,0,0,0,0,0,0,0,0,0,0,0,0,0,0,0,0,0,Root;Bacteria;Firmicutes_A;Clostridia;Clostridiales;Clostridiaceae;Clostridium;unclassified_Clostridium
ASV0544,0,0,0,0,0,0,0,0,0,0,0,0,0,0,0,0,0,0,0,0,0,0,0,0,Root;Bacteria;unclassified_Bacteria
ASV0545,0,0,0,0,0,0,0,0,0,0,0,0,0,0,0,0,0,0,0,0,0,0,0,0,Root;Bacteria;Bacteroidota;Bacteroidia;Bacteroidales;unclassified_Bacteroidales
ASV0546,0,0,0,0,0,0,0,0,0,0,0,0,0,0,0,0,0,0,0,0,0,0,0,0,Root;Bacteria;Firmicutes_C;Negativicutes;Veillonellales;Veillonellaceae;Veillonella_A;Veillonella_A_magna
ASV0547,0,0,0,0,0,0,0,0,0,0,0,0,0,0,0,0,0,0,0,0,0,0,0,0,Root;Bacteria;Firmicutes;Bacilli;Lactobacillales;Enterococcaceae;unclassified_Enterococcaceae
ASV0548,0,0,0,0,0,0,0,0,0,0,0,0,0,0,0,0,0,0,0,0,0,0,0,0,Root;Bacteria;Firmicutes_C;Negativicutes;Veillonellales;Veillonellaceae;Veillonella_A;Veillonella_A_magna
ASV0549,0,0,0,0,0,0,0,0,0,0,0,0,0,0,0,0,0,0,0,0,0,0,0,0,Root;Bacteria;Bacteroidota;Bacteroidia;Bacteroidales;Bacteroidaceae;Bacteroides;unclassified_Bacteroides
ASV0550,0,0,0,0,0,0,0,0,0,0,0,0,0,0,0,0,0,0,0,0,0,0,0,0,Root;Bacteria;Firmicutes;Bacilli;Erysipelotrichales;Erysipelotrichaceae;Clostridium_AQ;unclassified_Clostridium_AQ
ASV0551,0,0,0,0,0,0,0,0,0,0,0,0,0,0,0,0,0,0,0,0,0,0,0,0,Root;Bacteria;Firmicutes_A;Clostridia;Oscillospirales;Ruminococcaceae;Gemmiger;Gemmiger_qucibialis
ASV0552,0,0,0,0,0,0,0,0,0,0,0,0,0,0,0,0,0,0,0,0,0,0,0,0,Root;Bacteria;Bacteroidota;Bacteroidia;Bacteroidales;Muribaculaceae;SFTJ01;SFTJ01_sp905210415
ASV0553,0,0,0,0,0,0,0,0,0,0,0,0,0,0,0,0,0,0,0,0,0,0,0,0,Root;Bacteria;Firmicutes_A;Clostridia;Clostridiales;Clostridiaceae;MSJ-11;MSJ-11_sp018918285
ASV0554,0,0,0,0,0,0,0,0,0,0,0,0,0,0,0,0,0,0,0,0,0,0,0,0,Root;Bacteria;Bacteroidota;Bacteroidia;Bacteroidales;Bacteroidaceae;Prevotella;Prevotella_oris
ASV0555,0,0,0,0,0,0,0,0,0,0,0,0,0,0,0,0,0,0,0,0,0,0,0,0,Root;Bacteria;Proteobacteria;Gammaproteobacteria;Enterobacterales;Enterobacteriaceae;unclassified_Enterobacteriaceae
ASV0556,0,0,0,0,0,0,0,0,0,0,0,0,0,0,0,0,0,0,0,0,0,0,0,0,Root;unclassified_Root
ASV0557,0,0,0,0,0,0,0,0,0,0,0,0,0,0,0,0,0,0,0,0,0,0,0,0,Root;Bacteria;Firmicutes_A;Clostridia;Peptostreptococcales;Anaerovoracaceae;CAG-238;CAG-238_sp900542245
ASV0558,0,0,0,0,0,0,0,0,0,0,0,0,0,0,0,0,0,0,0,0,0,0,0,0,Root;Bacteria;Firmicutes;Bacilli;Paenibacillales;Paenibacillaceae;Paenibacillus;unclassified_Paenibacillus
ASV0559,0,0,0,0,0,0,0,0,0,0,0,0,0,0,0,0,0,0,0,0,0,0,0,0,Root;Bacteria;Firmicutes_A;Clostridia;Lachnospirales;Lachnospiraceae;unclassified_Lachnospiraceae
ASV0560,0,0,0,0,0,0,0,0,0,0,0,0,0,0,0,0,0,0,0,0,0,0,0,0,Root;Bacteria;Firmicutes_C;Negativicutes;Veillonellales;Veillonellaceae;Veillonella;unclassified_Veillonella
ASV0561,0,0,0,0,0,0,0,0,0,0,0,0,0,0,0,0,0,0,0,0,0,0,0,0,Root;Bacteria;Firmicutes;Bacilli;Bacillales;Bacillaceae_G;Bacillus_A;unclassified_Bacillus_A
ASV0562,0,0,0,0,0,0,0,0,0,0,0,0,0,0,0,0,0,0,0,0,0,0,0,0,Root;Bacteria;Desulfobacterota_I;Desulfovibrionia;Desulfovibrionales;Desulfovibrionaceae;Desulfovibrio;unclassified_Desulfovibrio
ASV0563,0,0,0,0,0,0,0,0,0,0,0,0,0,0,0,0,0,0,0,0,0,0,0,0,Root;Bacteria;Firmicutes;Bacilli;Lactobacillales;Lactobacillaceae;Limosilactobacillus;unclassified_Limosilactobacillus
ASV0564,0,0,0,0,0,0,0,0,0,0,0,0,0,0,0,0,0,0,0,0,0,0,0,0,Root;Bacteria;Campylobacterota;Campylobacteria;Campylobacterales;Campylobacteraceae;Campylobacter_D;unclassified_Campylobacter_D
ASV0565,0,0,0,0,0,0,0,0,0,0,0,0,0,0,0,0,0,0,0,0,0,0,0,0,Root;Bacteria;Firmicutes_C;Negativicutes;Selenomonadales;Selenomonadaceae;Mitsuokella;Mitsuokella_multacida
ASV0566,0,0,0,0,0,0,0,0,0,0,0,0,0,0,0,0,0,0,0,0,0,0,0,0,Root;unclassified_Root
ASV0567,0,0,0,0,0,0,0,0,0,0,0,0,0,0,0,0,0,0,0,0,0,0,0,0,Root;Bacteria;Bacteroidota;Bacteroidia;Bacteroidales;Bacteroidaceae;Bacteroides;unclassified_Bacteroides
ASV0568,0,0,0,0,0,0,0,0,0,0,0,0,0,0,0,0,0,0,0,0,0,0,0,0,Root;Bacteria;Firmicutes_A;Clostridia;Clostridiales;Clostridiaceae;Hathewaya;Hathewaya_sp003288255
ASV0569,0,0,0,0,0,0,0,0,0,0,0,0,0,0,0,0,0,0,0,0,0,0,0,0,Root;Bacteria;Actinobacteriota;Coriobacteriia;Coriobacteriales;Atopobiaceae;Parolsenella;unclassified_Parolsenella
ASV0570,0,0,0,0,0,0,0,0,0,0,0,0,0,0,0,0,0,0,0,0,0,0,0,0,Root;Bacteria;unclassified_Bacteria
ASV0571,0,0,0,0,0,0,0,0,0,0,0,0,0,0,0,0,0,0,0,0,0,0,0,0,Root;Bacteria;Desulfobacterota_I;Desulfovibrionia;Desulfovibrionales;Desulfovibrionaceae;Desulfovibrio;unclassified_Desulfovibrio
ASV0572,0,0,0,0,0,0,0,0,0,0,0,0,0,0,0,0,0,0,0,0,0,0,0,0,Root;Bacteria;Bacteroidota;Bacteroidia;Bacteroidales;Bacteroidaceae;Prevotella;Prevotella_sp002265625
ASV0573,0,0,0,0,0,0,0,0,0,0,0,0,0,0,0,0,0,0,0,0,0,0,0,0,Root;unclassified_Root
ASV0574,0,0,0,0,0,0,0,0,0,0,0,0,0,0,0,0,0,0,0,0,0,0,0,0,Root;Bacteria;Campylobacterota;Campylobacteria;Campylobacterales;Campylobacteraceae;Campylobacter_D;unclassified_Campylobacter_D
ASV0575,0,0,0,0,0,0,0,0,0,0,0,0,0,0,0,0,0,0,0,0,0,0,0,0,Root;Bacteria;Actinobacteriota;Coriobacteriia;Coriobacteriales;Eggerthellaceae;Senegalimassilia;Senegalimassilia_faecalis
ASV0576,0,0,0,0,0,0,0,0,0,0,0,0,0,0,0,0,0,0,0,0,0,0,0,0,Root;Bacteria;Bacteroidota;Bacteroidia;Bacteroidales;Bacteroidaceae;Prevotella;unclassified_Prevotella
ASV0577,0,0,0,0,0,0,0,0,0,0,0,0,0,0,0,0,0,0,0,0,0,0,0,0,Root;Bacteria;Firmicutes_A;Clostridia;Lachnospirales;Lachnospiraceae;Butyrivibrio_A;Butyrivibrio_A_crossotus
ASV0578,0,0,0,0,0,0,0,0,0,0,0,0,0,0,0,0,0,0,0,0,0,0,0,0,Root;Bacteria;Firmicutes;Bacilli;Lactobacillales;Lactobacillaceae;Leuconostoc_B;Leuconostoc_B_fallax
ASV0579,0,0,0,0,0,0,0,0,0,0,0,0,0,0,0,0,0,0,0,0,0,0,0,0,Root;Archaea;Thermoplasmatota;Thermoplasmata;Methanomassiliicoccales;Methanomethylophilaceae;Methanomethylophilus;Methanomethylophilus_alvus
ASV0580,0,0,0,0,0,0,0,0,0,0,0,0,0,0,0,0,0,0,0,0,0,0,0,0,Root;Bacteria;Firmicutes_A;Clostridia;Oscillospirales;Ruminococcaceae;Gemmiger;unclassified_Gemmiger
ASV0581,0,0,0,0,0,0,0,0,0,0,0,0,0,0,0,0,0,0,0,0,0,0,0,0,Root;Bacteria;Bacteroidota;Bacteroidia;Bacteroidales;Tannerellaceae;Parabacteroides;unclassified_Parabacteroides
ASV0582,0,0,0,0,0,0,0,0,0,0,0,0,0,0,0,0,0,0,0,0,0,0,0,0,Root;Bacteria;Firmicutes_A;Clostridia;Oscillospirales;Ruminococcaceae;Gemmiger;Gemmiger_variabilis_B
ASV0583,0,0,0,0,0,0,0,0,0,0,0,0,0,0,0,0,0,0,0,0,0,0,0,0,Root;Bacteria;Proteobacteria;Alphaproteobacteria;Rhizobiales_A;Rhizobiaceae_A;unclassified_Rhizobiaceae_A
ASV0584,0,0,0,0,0,0,0,0,0,0,0,0,0,0,0,0,0,0,0,0,0,0,0,0,Root;Bacteria;Firmicutes_C;Negativicutes;Veillonellales;Veillonellaceae;Veillonella_A;Veillonella_A_magna
ASV0585,0,0,0,0,0,0,0,0,0,0,0,0,0,0,0,0,0,0,0,0,0,0,0,0,Root;Bacteria;Firmicutes;Bacilli;Erysipelotrichales;Erysipelotrichaceae;Clostridium_AQ;unclassified_Clostridium_AQ
ASV0586,0,0,0,0,0,0,0,0,0,0,0,0,0,0,0,0,0,0,0,0,0,0,0,0,Root;Bacteria;Firmicutes;Bacilli;Erysipelotrichales;Coprobacillaceae;Catenibacterium;unclassified_Catenibacterium
ASV0587,0,0,0,0,0,0,0,0,0,0,0,0,0,0,0,0,0,0,0,0,0,0,0,0,Root;Bacteria;Bacteroidota;Bacteroidia;Bacteroidales;unclassified_Bacteroidales
ASV0588,0,0,0,0,0,0,0,0,0,0,0,0,0,0,0,0,0,0,0,0,0,0,0,0,Root;Bacteria;Bacteroidota;Bacteroidia;Bacteroidales;Bacteroidaceae;Prevotella;unclassified_Prevotella
ASV0589,0,0,0,0,0,0,0,0,0,0,0,0,0,0,0,0,0,0,0,0,0,0,0,0,Root;Bacteria;Proteobacteria;Gammaproteobacteria;Burkholderiales;Neisseriaceae;Neisseria;unclassified_Neisseria
ASV0590,0,0,0,0,0,0,0,0,0,0,0,0,0,0,0,0,0,0,0,0,0,0,0,0,Root;Bacteria;Actinobacteriota;Coriobacteriia;Coriobacteriales;Eggerthellaceae;Senegalimassilia;Senegalimassilia_anaerobia
ASV0591,0,0,0,0,0,0,0,0,0,0,0,0,0,0,0,0,0,0,0,0,0,0,0,0,Root;Bacteria;Firmicutes_A;Clostridia;Lachnospirales;Lachnospiraceae;Oliverpabstia;Oliverpabstia_faecicola
ASV0592,0,0,0,0,0,0,0,0,0,0,0,0,0,0,0,0,0,0,0,0,0,0,0,0,Root;Bacteria;Proteobacteria;Gammaproteobacteria;Pseudomonadales;Moraxellaceae;Acinetobacter;unclassified_Acinetobacter
ASV0593,0,0,0,0,0,0,0,0,0,0,0,0,0,0,0,0,0,0,0,0,0,0,0,0,Root;Bacteria;Firmicutes_C;Negativicutes;Veillonellales;Megasphaeraceae;Megasphaera;Megasphaera_stantonii
ASV0594,0,0,0,0,0,0,0,0,0,0,0,0,0,0,0,0,0,0,0,0,0,0,0,0,Root;Bacteria;Bacteroidota;Bacteroidia;Bacteroidales;Bacteroidaceae;Prevotella;Prevotella_stercorea
ASV0595,0,0,0,0,0,0,0,0,0,0,0,0,0,0,0,0,0,0,0,0,0,0,0,0,Root;Bacteria;Firmicutes_A;Clostridia;Lachnospirales;Lachnospiraceae;Blautia_A;unclassified_Blautia_A
ASV0596,0,0,0,0,0,0,0,0,0,0,0,0,0,0,0,0,0,0,0,0,0,0,0,0,Root;Bacteria;Firmicutes_A;Clostridia;Lachnospirales;Lachnospiraceae;Dorea;Dorea_formicigenerans
ASV0597,0,0,0,0,0,0,0,0,0,0,0,0,0,0,0,0,0,0,0,0,0,0,0,0,Root;Bacteria;Firmicutes;Bacilli;Haloplasmatales_A;Turicibacteraceae;Turicibacter;Turicibacter_sp001543345
ASV0598,0,0,0,0,0,0,0,0,0,0,0,0,0,0,0,0,0,0,0,0,0,0,0,0,Root;Bacteria;Firmicutes_A;Clostridia;Lachnospirales;Lachnospiraceae;Mediterraneibacter;unclassified_Mediterraneibacter
ASV0599,0,0,0,0,0,0,0,0,0,0,0,0,0,0,0,0,0,0,0,0,0,0,0,0,Root;Bacteria;Firmicutes_A;Clostridia;Lachnospirales;Lachnospiraceae;Lacrimispora;unclassified_Lacrimispora
ASV0600,0,0,0,0,0,0,0,0,0,0,0,0,0,0,0,0,0,0,0,0,0,0,0,0,Root;Bacteria;Firmicutes_A;Clostridia;Lachnospirales;Lachnospiraceae;Eubacterium_I;Eubacterium_I_ramulus_A
ASV0601,0,0,0,0,0,0,0,0,0,0,0,0,0,0,0,0,0,0,0,0,0,0,0,0,Root;Bacteria;Firmicutes_A;Clostridia;Lachnospirales;Lachnospiraceae;CAG-194;CAG-194_sp018917935
ASV0602,0,0,0,0,0,0,0,0,0,0,0,0,0,0,0,0,0,0,0,0,0,0,0,0,Root;Bacteria;Actinobacteriota;Coriobacteriia;Coriobacteriales;Atopobiaceae;Parolsenella;Parolsenella_catena
ASV0603,0,0,0,0,0,0,0,0,0,0,0,0,0,0,0,0,0,0,0,0,0,0,0,0,Root;Bacteria;Bacteroidota;Bacteroidia;Bacteroidales;Bacteroidaceae;Bacteroides;unclassified_Bacteroides
ASV0604,0,0,0,0,0,0,0,0,0,0,0,0,0,0,0,0,0,0,0,0,0,0,0,0,Root;Bacteria;unclassified_Bacteria
ASV0605,0,0,0,0,0,0,0,0,0,0,0,0,0,0,0,0,0,0,0,0,0,0,0,0,Root;Bacteria;Firmicutes_A;Clostridia;Oscillospirales;Oscillospiraceae;CAG-83;CAG-83_sp900549395
ASV0606,0,0,0,0,0,0,0,0,0,0,0,0,0,0,0,0,0,0,0,0,0,0,0,0,Root;Bacteria;unclassified_Bacteria
ASV0607,0,0,0,0,0,0,0,0,0,0,0,0,0,0,0,0,0,0,0,0,0,0,0,0,Root;Bacteria;Firmicutes_A;Clostridia;Lachnospirales;Lachnospiraceae;UMGS1375;UMGS1375_sp900066615
ASV0608,0,0,0,0,0,0,0,0,0,0,0,0,0,0,0,0,0,0,0,0,0,0,0,0,Root;Bacteria;Firmicutes;Bacilli;Lactobacillales;Enterococcaceae;unclassified_Enterococcaceae
ASV0609,0,0,0,0,0,0,0,0,0,0,0,0,0,0,0,0,0,0,0,0,0,0,0,0,Root;Bacteria;Firmicutes_A;Clostridia;Oscillospirales;Oscillospiraceae;unclassified_Oscillospiraceae
ASV0610,0,0,0,0,0,0,0,0,0,0,0,0,0,0,0,0,0,0,0,0,0,0,0,0,Root;Bacteria;Firmicutes_A;Clostridia;Lachnospirales;Lachnospiraceae;Schaedlerella;Schaedlerella_sp900066545
ASV0611,0,0,0,0,0,0,0,0,0,0,0,0,0,0,0,0,0,0,0,0,0,0,0,0,Root;Bacteria;unclassified_Bacteria
ASV0612,0,0,0,0,0,0,0,0,0,0,0,0,0,0,0,0,0,0,0,0,0,0,0,0,Root;Bacteria;Proteobacteria;Gammaproteobacteria;Xanthomonadales;Xanthomonadaceae;Stenotrophomonas;unclassified_Stenotrophomonas
ASV0613,0,0,0,0,0,0,0,0,0,0,0,0,0,0,0,0,0,0,0,0,0,0,0,0,Root;Bacteria;Bacteroidota;Bacteroidia;Bacteroidales;Bacteroidaceae;Prevotella;unclassified_Prevotella
ASV0614,0,0,0,0,0,0,0,0,0,0,0,0,0,0,0,0,0,0,0,0,0,0,0,0,Root;Bacteria;Firmicutes_C;Negativicutes;Acidaminococcales;Acidaminococcaceae;Phascolarctobacterium_A;unclassified_Phascolarctobacterium_A
ASV0615,0,0,0,0,0,0,0,0,0,0,0,0,0,0,0,0,0,0,0,0,0,0,0,0,Root;Bacteria;Firmicutes;Bacilli;unclassified_Bacilli
ASV0616,0,0,0,0,0,0,0,0,0,0,0,0,0,0,0,0,0,0,0,0,0,0,0,0,Root;Bacteria;Actinobacteriota;Coriobacteriia;Coriobacteriales;Eggerthellaceae;Gordonibacter;unclassified_Gordonibacter
ASV0617,0,0,0,0,0,0,0,0,0,0,0,0,0,0,0,0,0,0,0,0,0,0,0,0,Root;Bacteria;Actinobacteriota;Actinomycetia;Mycobacteriales;Mycobacteriaceae;Corynebacterium;unclassified_Corynebacterium
ASV0618,0,0,0,0,0,0,0,0,0,0,0,0,0,0,0,0,0,0,0,0,0,0,0,0,Root;Bacteria;Firmicutes_A;Clostridia;Lachnospirales;Lachnospiraceae;Dorea;Dorea_formicigenerans
ASV0619,0,0,0,0,0,0,0,0,0,0,0,0,0,0,0,0,0,0,0,0,0,0,0,0,Root;unclassified_Root
ASV0620,0,0,0,0,0,0,0,0,0,0,0,0,0,0,0,0,0,0,0,0,0,0,0,0,Root;Bacteria;Proteobacteria;Gammaproteobacteria;Enterobacterales;Pasteurellaceae;unclassified_Pasteurellaceae
ASV0621,0,0,0,0,0,0,0,0,0,0,0,0,0,0,0,0,0,0,0,0,0,0,0,0,Root;Bacteria;Firmicutes;Bacilli;Lactobacillales;Streptococcaceae;Streptococcus;unclassified_Streptococcus
ASV0622,0,0,0,0,0,0,0,0,0,0,0,0,0,0,0,0,0,0,0,0,0,0,0,0,Root;Bacteria;Firmicutes;Bacilli;DSM-16016;Caldibacillaceae;Bacillus_BK;Bacillus_BK_kwashiorkori
ASV0623,0,0,0,0,0,0,0,0,0,0,0,0,0,0,0,0,0,0,0,0,0,0,0,0,Root;Bacteria;Proteobacteria;Gammaproteobacteria;Burkholderiales;Burkholderiaceae;Paraburkholderia;unclassified_Paraburkholderia
ASV0624,0,0,0,0,0,0,0,0,0,0,0,0,0,0,0,0,0,0,0,0,0,0,0,0,Root;Bacteria;Fusobacteriota;Fusobacteriia;Fusobacteriales;Fusobacteriaceae;Fusobacterium_A;unclassified_Fusobacterium_A
ASV0625,0,0,0,0,0,0,0,0,0,0,0,0,0,0,0,0,0,0,0,0,0,0,0,0,Root;Bacteria;Firmicutes_A;Clostridia;Oscillospirales;unclassified_Oscillospirales
ASV0626,0,0,0,0,0,0,0,0,0,0,0,0,0,0,0,0,0,0,0,0,0,0,0,0,Root;Bacteria;Firmicutes_A;Clostridia;Lachnospirales;Lachnospiraceae;Choladocola;Choladocola_sp003481535
ASV0627,0,0,0,0,0,0,0,0,0,0,0,0,0,0,0,0,0,0,0,0,0,0,0,0,Root;Bacteria;Firmicutes_A;Clostridia;unclassified_Clostridia
ASV0628,0,0,0,0,0,0,0,0,0,0,0,0,0,0,0,0,0,0,0,0,0,0,0,0,Root;Bacteria;Firmicutes_A;Clostridia;Lachnospirales;Lachnospiraceae;Eisenbergiella;Eisenbergiella_porci
ASV0629,0,0,0,0,0,0,0,0,0,0,0,0,0,0,0,0,0,0,0,0,0,0,0,0,Root;unclassified_Root
ASV0630,0,0,0,0,0,0,0,0,0,0,0,0,0,0,0,0,0,0,0,0,0,0,0,0,Root;Bacteria;Firmicutes_C;Negativicutes;Veillonellales;Veillonellaceae;Veillonella;unclassified_Veillonella
ASV0631,0,0,0,0,0,0,0,0,0,0,0,0,0,0,0,0,0,0,0,0,0,0,0,0,Root;Bacteria;Firmicutes_C;Negativicutes;Veillonellales;Megasphaeraceae;Megasphaera;unclassified_Megasphaera
ASV0632,0,0,0,0,0,0,0,0,0,0,0,0,0,0,0,0,0,0,0,0,0,0,0,0,Root;Bacteria;Actinobacteriota;Coriobacteriia;Coriobacteriales;Eggerthellaceae;Raoultibacter;Raoultibacter_massiliensis
ASV0633,0,0,0,0,0,0,0,0,0,0,0,0,0,0,0,0,0,0,0,0,0,0,0,0,Root;Bacteria;Firmicutes_A;Clostridia;unclassified_Clostridia
ASV0634,0,0,0,0,0,0,0,0,0,0,0,0,0,0,0,0,0,0,0,0,0,0,0,0,Root;Bacteria;Actinobacteriota;Actinomycetia;Mycobacteriales;Mycobacteriaceae;Corynebacterium;unclassified_Corynebacterium
ASV0635,0,0,0,0,0,0,0,0,0,0,0,0,0,0,0,0,0,0,0,0,0,0,0,0,Root;Bacteria;Firmicutes_A;Clostridia;Oscillospirales;Oscillospiraceae;ER4;ER4_sp900317525
ASV0636,0,0,0,0,0,0,0,0,0,0,0,0,0,0,0,0,0,0,0,0,0,0,0,0,Root;Bacteria;Actinobacteriota;Coriobacteriia;Coriobacteriales;Eggerthellaceae;Eggerthella;unclassified_Eggerthella
ASV0637,0,0,0,0,0,0,0,0,0,0,0,0,0,0,0,0,0,0,0,0,0,0,0,0,Root;Bacteria;Firmicutes_A;Clostridia;Lachnospirales;Lachnospiraceae;Copromonas;unclassified_Copromonas
ASV0638,0,0,0,0,0,0,0,0,0,0,0,0,0,0,0,0,0,0,0,0,0,0,0,0,Root;Bacteria;Firmicutes_A;Clostridia;unclassified_Clostridia
ASV0639,0,0,0,0,0,0,0,0,0,0,0,0,0,0,0,0,0,0,0,0,0,0,0,0,Root;Bacteria;Proteobacteria;Gammaproteobacteria;Enterobacterales;unclassified_Enterobacterales
ASV0640,0,0,0,0,0,0,0,0,0,0,0,0,0,0,0,0,0,0,0,0,0,0,0,0,Root;Bacteria;Firmicutes;Bacilli;Lactobacillales;Streptococcaceae;Streptococcus;unclassified_Streptococcus
ASV0641,0,0,0,0,0,0,0,0,0,0,0,0,0,0,0,0,0,0,0,0,0,0,0,0,Root;Bacteria;Firmicutes_A;Clostridia;Peptostreptococcales;Anaerovoracaceae;Copromorpha;Copromorpha_sp900549125
ASV0642,0,0,0,0,0,0,0,0,0,0,0,0,0,0,0,0,0,0,0,0,0,0,0,0,Root;Bacteria;Firmicutes_A;Clostridia;unclassified_Clostridia
ASV0643,0,0,0,0,0,0,0,0,0,0,0,0,0,0,0,0,0,0,0,0,0,0,0,0,Root;Bacteria;Actinobacteriota;Coriobacteriia;Coriobacteriales;Eggerthellaceae;Eggerthella;unclassified_Eggerthella
ASV0644,0,0,0,0,0,0,0,0,0,0,0,0,0,0,0,0,0,0,0,0,0,0,0,0,Root;Bacteria;Firmicutes_C;Negativicutes;Veillonellales;Megasphaeraceae;Anaeroglobus;Anaeroglobus_geminatus
ASV0645,0,0,0,0,0,0,0,0,0,0,0,0,0,0,0,0,0,0,0,0,0,0,0,0,Root;Bacteria;Proteobacteria;Gammaproteobacteria;Burkholderiales;Burkholderiaceae;Duodenibacillus;Duodenibacillus_massiliensis
ASV0646,0,0,0,0,0,0,0,0,0,0,0,0,0,0,0,0,0,0,0,0,0,0,0,0,Root;Bacteria;Firmicutes_A;Clostridia;Oscillospirales;Butyricicoccaceae;unclassified_Butyricicoccaceae
ASV0647,0,0,0,0,0,0,0,0,0,0,0,0,0,0,0,0,0,0,0,0,0,0,0,0,Root;Bacteria;Firmicutes_A;Clostridia;Lachnospirales;Lachnospiraceae;Scatomonas;Scatomonas_sp003481995
ASV0648,0,0,0,0,0,0,0,0,0,0,0,0,0,0,0,0,0,0,0,0,0,0,0,0,Root;Bacteria;Firmicutes_A;Clostridia;Peptostreptococcales;Peptostreptococcaceae;Peptostreptococcus;unclassified_Peptostreptococcus
ASV0649,0,0,0,0,0,0,0,0,0,0,0,0,0,0,0,0,0,0,0,0,0,0,0,0,Root;Bacteria;Firmicutes;Bacilli;DSM-16016;Caldibacillaceae;Bacillus_BK;Bacillus_BK_kwashiorkori
ASV0650,0,0,0,0,0,0,0,0,0,0,0,0,0,0,0,0,0,0,0,0,0,0,0,0,Root;unclassified_Root
ASV0651,0,0,0,0,0,0,0,0,0,0,0,0,0,0,0,0,0,0,0,0,0,0,0,0,Root;Bacteria;Firmicutes;Bacilli;Paenibacillales;Paenibacillaceae;Paenibacillus;unclassified_Paenibacillus
ASV0652,0,0,0,0,0,0,0,0,0,0,0,0,0,0,0,0,0,0,0,0,0,0,0,0,Root;Bacteria;Actinobacteriota;Actinomycetia;Mycobacteriales;Mycobacteriaceae;Corynebacterium;unclassified_Corynebacterium
ASV0653,0,0,0,0,0,0,0,0,0,0,0,0,0,0,0,0,0,0,0,0,0,0,0,0,Root;Bacteria;unclassified_Bacteria
ASV0654,0,0,0,0,0,0,0,0,0,0,0,0,0,0,0,0,0,0,0,0,0,0,0,0,Root;Bacteria;Actinobacteriota;Actinomycetia;Actinomycetales;Actinomycetaceae;Actinomyces;Actinomyces_graevenitzii
ASV0655,0,0,0,0,0,0,0,0,0,0,0,0,0,0,0,0,0,0,0,0,0,0,0,0,Root;Bacteria;Proteobacteria;Gammaproteobacteria;Pseudomonadales;Pseudomonadaceae;Pseudomonas_E;unclassified_Pseudomonas_E
ASV0656,0,0,0,0,0,0,0,0,0,0,0,0,0,0,0,0,0,0,0,0,0,0,0,0,Root;Bacteria;Firmicutes_A;Clostridia;Lachnospirales;Lachnospiraceae;Anaerostipes;unclassified_Anaerostipes
ASV0657,0,0,0,0,0,0,0,0,0,0,0,0,0,0,0,0,0,0,0,0,0,0,0,0,Root;Bacteria;Actinobacteriota;Actinomycetia;Actinomycetales;Bifidobacteriaceae;Bifidobacterium;unclassified_Bifidobacterium
ASV0658,0,0,0,0,0,0,0,0,0,0,0,0,0,0,0,0,0,0,0,0,0,0,0,0,Root;Bacteria;Firmicutes_A;Clostridia;Oscillospirales;Ruminococcaceae;Faecalibacterium;Faecalibacterium_prausnitzii_H
ASV0659,0,0,0,0,0,0,0,0,0,0,0,0,0,0,0,0,0,0,0,0,0,0,0,0,Root;Bacteria;Actinobacteriota;Actinomycetia;Mycobacteriales;Mycobacteriaceae;Corynebacterium;unclassified_Corynebacterium
ASV0660,0,0,0,0,0,0,0,0,0,0,0,0,0,0,0,0,0,0,0,0,0,0,0,0,Root;Bacteria;Firmicutes_A;Clostridia;Lachnospirales;Lachnospiraceae;Eisenbergiella;Eisenbergiella_sp900066775
ASV0661,0,0,0,0,0,0,0,0,0,0,0,0,0,0,0,0,0,0,0,0,0,0,0,0,Root;Bacteria;Firmicutes_A;Clostridia;Oscillospirales;unclassified_Oscillospirales
ASV0662,0,0,0,0,0,0,0,0,0,0,0,0,0,0,0,0,0,0,0,0,0,0,0,0,Root;Bacteria;unclassified_Bacteria
ASV0663,0,0,0,0,0,0,0,0,0,0,0,0,0,0,0,0,0,0,0,0,0,0,0,0,Root;Bacteria;Actinobacteriota;Actinomycetia;Actinomycetales;Actinomycetaceae;Pauljensenia;unclassified_Pauljensenia
ASV0664,0,0,0,0,0,0,0,0,0,0,0,0,0,0,0,0,0,0,0,0,0,0,0,0,Root;Bacteria;Firmicutes_A;Clostridia;Oscillospirales;Oscillospiraceae;Faecousia;unclassified_Faecousia
ASV0665,0,0,0,0,0,0,0,0,0,0,0,0,0,0,0,0,0,0,0,0,0,0,0,0,Root;Bacteria;Firmicutes;Bacilli;Bacillales;Bacillaceae_G;Bacillus_A;unclassified_Bacillus_A
ASV0666,0,0,0,0,0,0,0,0,0,0,0,0,0,0,0,0,0,0,0,0,0,0,0,0,Root;Bacteria;Bacteroidota;Bacteroidia;Bacteroidales;Bacteroidaceae;Prevotella;Prevotella_bivia
ASV0667,0,0,0,0,0,0,0,0,0,0,0,0,0,0,0,0,0,0,0,0,0,0,0,0,Root;Bacteria;Firmicutes_A;Clostridia;Lachnospirales;Lachnospiraceae;unclassified_Lachnospiraceae
ASV0668,0,0,0,0,0,0,0,0,0,0,0,0,0,0,0,0,0,0,0,0,0,0,0,0,Root;Bacteria;Firmicutes_C;Negativicutes;Veillonellales;Veillonellaceae;Veillonella;unclassified_Veillonella
ASV0669,0,0,0,0,0,0,0,0,0,0,0,0,0,0,0,0,0,0,0,0,0,0,0,0,Root;Bacteria;Proteobacteria;Gammaproteobacteria;Enterobacterales;Pasteurellaceae;Haemophilus_D;unclassified_Haemophilus_D
ASV0670,0,0,0,0,0,0,0,0,0,0,0,0,0,0,0,0,0,0,0,0,0,0,0,0,Root;Bacteria;Firmicutes_A;Clostridia;Lachnospirales;Lachnospiraceae;CAG-45;CAG-45_sp000438375
ASV0671,0,0,0,0,0,0,0,0,0,0,0,0,0,0,0,0,0,0,0,0,0,0,0,0,Root;Bacteria;Actinobacteriota;Actinomycetia;Actinomycetales;Bifidobacteriaceae;Bifidobacterium;unclassified_Bifidobacterium
ASV0672,0,0,0,0,0,0,0,0,0,0,0,0,0,0,0,0,0,0,0,0,0,0,0,0,Root;Bacteria;Firmicutes_A;Clostridia;Lachnospirales;Lachnospiraceae;unclassified_Lachnospiraceae
ASV0673,0,0,0,0,0,0,0,0,0,0,0,0,0,0,0,0,0,0,0,0,0,0,0,0,Root;Bacteria;Proteobacteria;Gammaproteobacteria;Pseudomonadales;Pseudomonadaceae;Pseudomonas_E;unclassified_Pseudomonas_E
ASV0674,0,0,0,0,0,0,0,0,0,0,0,0,0,0,0,0,0,0,0,0,0,0,0,0,Root;Bacteria;Firmicutes_A;Clostridia;Oscillospirales;Oscillospiraceae;unclassified_Oscillospiraceae
ASV0675,0,0,0,0,0,0,0,0,0,0,0,0,0,0,0,0,0,0,0,0,0,0,0,0,Root;Bacteria;Firmicutes_A;Clostridia;Lachnospirales;Lachnospiraceae;unclassified_Lachnospiraceae
ASV0676,0,0,0,0,0,0,0,0,0,0,0,0,0,0,0,0,0,0,0,0,0,0,0,0,Root;Bacteria;Firmicutes_C;Negativicutes;Selenomonadales;Selenomonadaceae;Megamonas;Megamonas_hypermegale
ASV0677,0,0,0,0,0,0,0,0,0,0,0,0,0,0,0,0,0,0,0,0,0,0,0,0,Root;Bacteria;Campylobacterota;Campylobacteria;Campylobacterales;Helicobacteraceae;unclassified_Helicobacteraceae
ASV0678,0,0,0,0,0,0,0,0,0,0,0,0,0,0,0,0,0,0,0,0,0,0,0,0,Root;Bacteria;Firmicutes_A;Clostridia;Lachnospirales;Lachnospiraceae;Blautia_A;unclassified_Blautia_A
ASV0679,0,0,0,0,0,0,0,0,0,0,0,0,0,0,0,0,0,0,0,0,0,0,0,0,Root;Bacteria;Firmicutes_A;Clostridia;Lachnospirales;Lachnospiraceae;Dorea_A;unclassified_Dorea_A
ASV0680,0,0,0,0,0,0,0,0,0,0,0,0,0,0,0,0,0,0,0,0,0,0,0,0,Root;Bacteria;Firmicutes_A;Clostridia;Lachnospirales;Lachnospiraceae;Blautia_A;unclassified_Blautia_A
ASV0681,0,0,0,0,0,0,0,0,0,0,0,0,0,0,0,0,0,0,0,0,0,0,0,0,Root;Bacteria;Firmicutes_A;Clostridia;Clostridiales;Clostridiaceae;Hathewaya;Hathewaya_sp003288255
ASV0682,0,0,0,0,0,0,0,0,0,0,0,0,0,0,0,0,0,0,0,0,0,0,0,0,Root;Bacteria;Firmicutes;Bacilli;Lactobacillales;Streptococcaceae;Streptococcus;unclassified_Streptococcus
ASV0683,0,0,0,0,0,0,0,0,0,0,0,0,0,0,0,0,0,0,0,0,0,0,0,0,Root;Bacteria;Bacteroidota;Bacteroidia;Bacteroidales;Tannerellaceae;Parabacteroides;unclassified_Parabacteroides
ASV0684,0,0,0,0,0,0,0,0,0,0,0,0,0,0,0,0,0,0,0,0,0,0,0,0,Root;Bacteria;Firmicutes_A;Clostridia;Tissierellales;Peptoniphilaceae;Peptoniphilus_A;unclassified_Peptoniphilus_A
ASV0685,0,0,0,0,0,0,0,0,0,0,0,0,0,0,0,0,0,0,0,0,0,0,0,0,Root;Bacteria;Firmicutes_A;Clostridia;Lachnospirales;Anaerotignaceae;Fimicola;Fimicola_cottocaccae
ASV0686,0,0,0,0,0,0,0,0,0,0,0,0,0,0,0,0,0,0,0,0,0,0,0,0,Root;Bacteria;Firmicutes;Bacilli;Lactobacillales;Streptococcaceae;Streptococcus;unclassified_Streptococcus
ASV0687,0,0,0,0,0,0,0,0,0,0,0,0,0,0,0,0,0,0,0,0,0,0,0,0,Root;Bacteria;Firmicutes_A;Clostridia;Lachnospirales;Lachnospiraceae;Enterocloster;Enterocloster_sp001517625
ASV0688,0,0,0,0,0,0,0,0,0,0,0,0,0,0,0,0,0,0,0,0,0,0,0,0,Root;Bacteria;Firmicutes;Bacilli;Lactobacillales;Enterococcaceae;unclassified_Enterococcaceae
ASV0689,0,0,0,0,0,0,0,0,0,0,0,0,0,0,0,0,0,0,0,0,0,0,0,0,Root;Bacteria;Proteobacteria;Gammaproteobacteria;Pseudomonadales;Moraxellaceae;Acinetobacter;unclassified_Acinetobacter
ASV0690,0,0,0,0,0,0,0,0,0,0,0,0,0,0,0,0,0,0,0,0,0,0,0,0,Root;Bacteria;Firmicutes_A;Clostridia;Lachnospirales;Anaerotignaceae;Anaerotignum;unclassified_Anaerotignum
ASV0691,0,0,0,0,0,0,0,0,0,0,0,0,0,0,0,0,0,0,0,0,0,0,0,0,Root;Bacteria;Firmicutes_A;Clostridia;Oscillospirales;Oscillospiraceae;unclassified_Oscillospiraceae
ASV0692,0,0,0,0,0,0,0,0,0,0,0,0,0,0,0,0,0,0,0,0,0,0,0,0,Root;Bacteria;Firmicutes_A;Clostridia;unclassified_Clostridia
ASV0693,0,0,0,0,0,0,0,0,0,0,0,0,0,0,0,0,0,0,0,0,0,0,0,0,Root;Bacteria;Firmicutes;Bacilli;Lactobacillales;Aerococcaceae;Granulicatella;Granulicatella_elegans
ASV0694,0,0,0,0,0,0,0,0,0,0,0,0,0,0,0,0,0,0,0,0,0,0,0,0,Root;Bacteria;Firmicutes_A;Clostridia;Tissierellales;Peptoniphilaceae;Fenollaria;unclassified_Fenollaria
ASV0695,0,0,0,0,0,0,0,0,0,0,0,0,0,0,0,0,0,0,0,0,0,0,0,0,Root;Bacteria;Firmicutes_A;Clostridia;Oscillospirales;Butyricicoccaceae;unclassified_Butyricicoccaceae
ASV0696,0,0,0,0,0,0,0,0,0,0,0,0,0,0,0,0,0,0,0,0,0,0,0,0,Root;Bacteria;Proteobacteria;Alphaproteobacteria;Rhizobiales;Xanthobacteraceae;Xanthobacter;unclassified_Xanthobacter
ASV0697,0,0,0,0,0,0,0,0,0,0,0,0,0,0,0,0,0,0,1,0,0,0,0,0,Root;Bacteria;Firmicutes;Bacilli;unclassified_Bacilli
ASV0698,0,0,0,0,0,0,0,0,0,0,0,0,0,0,0,0,0,0,0,0,0,0,0,0,Root;Bacteria;Firmicutes_A;Clostridia;Oscillospirales;Oscillospiraceae;Faecousia;unclassified_Faecousia
ASV0699,0,0,0,0,0,0,0,0,0,0,0,0,0,0,0,0,0,0,0,0,0,0,0,0,Root;Bacteria;Proteobacteria;Gammaproteobacteria;Pseudomonadales;Moraxellaceae;Acinetobacter;unclassified_Acinetobacter
ASV0700,0,0,0,0,0,0,0,0,0,0,0,0,0,0,0,0,0,0,0,0,0,0,0,0,Root;Bacteria;Proteobacteria;Alphaproteobacteria;Rhizobiales_A;Rhizobiaceae_A;unclassified_Rhizobiaceae_A
ASV0701,0,0,0,0,0,0,0,0,0,0,0,0,0,0,0,0,0,0,0,0,0,0,0,0,Root;Bacteria;Firmicutes;Bacilli;Erysipelotrichales;Coprobacillaceae;Catenibacterium;unclassified_Catenibacterium
ASV0702,0,0,0,0,0,0,0,0,0,0,0,0,0,0,0,0,0,0,0,0,0,0,0,0,Root;Bacteria;Firmicutes_A;Clostridia;Lachnospirales;Lachnospiraceae;Eubacterium_I;unclassified_Eubacterium_I
ASV0703,0,0,0,0,0,0,0,0,0,0,0,0,0,0,0,0,0,0,0,0,0,0,0,0,Root;Bacteria;Firmicutes_A;Clostridia;Lachnospirales;Lachnospiraceae;Eubacterium_F;Eubacterium_F_sp003491505
ASV0704,0,0,0,0,0,0,0,0,0,0,0,0,0,0,0,0,0,0,0,1,0,0,0,0,Root;Bacteria;Firmicutes;Bacilli;unclassified_Bacilli
ASV0705,0,0,0,0,0,0,0,0,0,0,0,0,0,0,0,0,0,0,0,0,0,0,0,0,Root;Bacteria;Firmicutes_A;Clostridia;Lachnospirales;Lachnospiraceae;unclassified_Lachnospiraceae
ASV0706,0,0,0,0,0,0,0,0,0,0,0,0,0,0,0,0,0,0,0,0,0,0,0,0,Root;Bacteria;Firmicutes;Bacilli;Bacillales_B;DSM-18226;unclassified_DSM-18226
ASV0707,0,0,0,0,0,0,0,0,0,0,0,0,0,0,0,0,0,0,0,0,0,0,0,0,Root;Bacteria;Firmicutes_A;Clostridia;unclassified_Clostridia
ASV0708,0,0,0,0,0,0,0,0,0,0,0,0,0,0,0,0,0,0,0,0,0,0,0,0,Root;unclassified_Root
ASV0709,0,0,0,0,0,0,0,0,0,0,0,0,0,0,0,0,0,0,0,0,0,0,0,0,Root;Bacteria;Firmicutes;Bacilli;Lactobacillales;Carnobacteriaceae;Dolosigranulum;Dolosigranulum_pigrum
ASV0710,0,0,0,0,0,0,0,0,0,0,0,0,0,0,0,0,0,0,0,0,0,0,0,0,Root;Bacteria;Bacteroidota;Bacteroidia;Bacteroidales;Bacteroidaceae;Alloprevotella;Alloprevotella_sp004558535
ASV0711,0,0,0,0,0,0,0,0,0,0,0,0,0,0,0,0,0,0,0,0,0,0,0,0,Root;Bacteria;Firmicutes_A;Clostridia;Lachnospirales;Lachnospiraceae;Roseburia;unclassified_Roseburia
ASV0712,0,0,0,0,0,0,0,0,0,0,0,0,0,0,0,0,0,0,0,0,0,0,0,0,Root;unclassified_Root
ASV0713,0,0,0,0,0,0,0,0,0,0,0,0,0,0,0,0,0,0,0,0,0,0,0,0,Root;Bacteria;Firmicutes_A;Clostridia;Oscillospirales;Oscillospiraceae;Dysosmobacter;unclassified_Dysosmobacter
ASV0714,0,0,0,0,0,0,0,0,0,0,0,0,0,0,0,0,0,0,0,0,0,0,0,0,Root;Bacteria;Actinobacteriota;Actinomycetia;Actinomycetales;Bifidobacteriaceae;Bifidobacterium;unclassified_Bifidobacterium
ASV0715,0,0,0,0,0,0,0,0,0,0,0,0,0,0,0,0,0,0,0,0,0,0,0,0,Root;Bacteria;Bacteroidota;Bacteroidia;Cytophagales;Hymenobacteraceae;Hymenobacter;unclassified_Hymenobacter
ASV0716,0,0,0,0,0,0,0,0,0,0,0,0,0,0,0,0,0,0,0,0,0,0,0,0,Root;Bacteria;Firmicutes_A;Clostridia;Oscillospirales;Acutalibacteraceae;UMGS1071;UMGS1071_sp900548305
ASV0717,0,0,0,0,0,0,0,0,0,0,0,0,0,0,0,0,0,0,0,0,0,0,0,0,Root;unclassified_Root
ASV0718,0,0,0,0,0,0,0,0,0,0,0,0,0,0,0,0,0,0,0,0,0,0,0,0,Root;Bacteria;Firmicutes_A;Clostridia;Lachnospirales;Lachnospiraceae;Anaerobutyricum;Anaerobutyricum_hallii
ASV0719,0,0,0,0,0,0,0,0,0,0,0,0,0,0,0,0,0,0,0,0,0,0,0,0,Root;unclassified_Root
ASV0720,0,0,0,0,0,0,0,0,0,0,0,0,0,0,0,0,0,0,0,0,0,0,0,0,Root;Bacteria;Firmicutes_A;Clostridia;Lachnospirales;Lachnospiraceae;Lacrimispora;unclassified_Lacrimispora
ASV0721,0,0,0,0,0,0,0,0,0,0,0,0,0,0,0,0,0,0,0,0,0,0,0,0,Root;Bacteria;Firmicutes_A;Clostridia;Lachnospirales;Lachnospiraceae;unclassified_Lachnospiraceae
ASV0722,0,0,0,0,0,0,0,0,0,0,0,0,0,0,0,0,0,0,0,0,0,0,0,0,Root;Bacteria;Proteobacteria;Gammaproteobacteria;Burkholderiales;Burkholderiaceae;Burkholderia;unclassified_Burkholderia
ASV0723,0,0,0,0,0,0,0,0,0,0,0,0,0,0,0,0,0,0,0,0,0,0,0,0,Root;Bacteria;Firmicutes_A;Clostridia;Oscillospirales;Ruminococcaceae;Faecalibacterium;unclassified_Faecalibacterium
ASV0724,0,0,0,0,0,0,0,0,0,0,0,0,0,0,0,0,0,0,0,0,0,0,0,0,Root;Bacteria;Firmicutes_A;Clostridia;Tissierellales;Peptoniphilaceae;Anaerococcus;Anaerococcus_vaginimassiliensis
ASV0725,0,0,0,0,0,0,0,0,0,0,0,0,0,0,0,0,0,0,0,0,0,0,0,0,Root;Bacteria;Firmicutes_A;Clostridia;Lachnospirales;Lachnospiraceae;Blautia_A;unclassified_Blautia_A
ASV0726,0,0,0,0,0,0,0,0,0,0,0,0,0,0,0,0,0,0,0,0,0,0,0,0,Root;Bacteria;Firmicutes_A;Clostridia;Lachnospirales;Lachnospiraceae;unclassified_Lachnospiraceae
ASV0727,0,0,0,0,0,0,0,0,0,0,0,0,0,0,0,0,0,0,0,0,0,0,0,0,Root;Bacteria;Firmicutes;Bacilli;Lactobacillales;Streptococcaceae;Streptococcus;unclassified_Streptococcus
ASV0728,0,0,0,0,0,0,0,0,0,0,0,0,0,0,0,0,0,0,0,0,0,0,0,0,Root;Bacteria;Firmicutes_A;Clostridia;unclassified_Clostridia
ASV0729,0,0,0,0,0,0,0,0,0,0,0,0,0,0,0,0,0,0,0,0,0,0,0,0,Root;Bacteria;Firmicutes_A;Clostridia;Oscillospirales;Oscillospiraceae;unclassified_Oscillospiraceae
ASV0730,0,0,0,0,0,0,0,0,0,0,0,0,0,0,0,0,0,0,0,0,0,0,0,0,Root;Bacteria;unclassified_Bacteria
ASV0731,0,0,0,0,0,0,0,0,0,0,0,0,0,0,0,0,0,0,0,0,0,0,0,0,Root;Bacteria;Actinobacteriota;Actinomycetia;Actinomycetales;Bifidobacteriaceae;Bifidobacterium;unclassified_Bifidobacterium
ASV0732,0,0,0,0,0,0,0,0,0,0,0,0,0,0,0,0,0,0,0,0,0,0,0,0,Root;Bacteria;Firmicutes_A;Clostridia;Lachnospirales;Lachnospiraceae;unclassified_Lachnospiraceae
ASV0733,0,0,0,0,0,0,0,0,0,0,0,0,0,0,0,0,0,0,0,0,0,0,0,0,Root;Bacteria;Patescibacteria;Saccharimonadia;Saccharimonadales;Nanosynbacteraceae;Nanosynbacter;Nanosynbacter_sp007845355
ASV0734,0,0,0,0,0,0,0,0,0,0,0,0,0,0,0,0,0,0,0,0,0,0,0,0,Root;Bacteria;Firmicutes;Bacilli;Lactobacillales;Aerococcaceae;Granulicatella;Granulicatella_elegans
ASV0735,0,0,0,0,0,0,0,0,0,0,0,0,0,0,0,0,0,0,0,0,0,0,0,0,Root;Bacteria;Bacteroidota;Bacteroidia;Bacteroidales;Bacteroidaceae;Bacteroides;unclassified_Bacteroides
ASV0736,0,0,0,0,0,0,0,0,0,0,0,0,0,0,0,0,0,0,0,0,0,0,0,0,Root;Bacteria;Firmicutes_A;Clostridia;Tissierellales;Peptoniphilaceae;Peptoniphilus_B;Peptoniphilus_B_duerdenii
ASV0737,0,0,0,0,0,0,0,0,0,0,0,0,0,0,0,0,0,0,0,0,0,0,0,0,Root;Bacteria;Firmicutes_A;Clostridia;Tissierellales;Peptoniphilaceae;Peptoniphilus_C;unclassified_Peptoniphilus_C
ASV0738,0,0,0,0,0,0,0,0,0,0,0,0,0,0,0,0,0,0,0,0,0,0,0,0,Root;Bacteria;Firmicutes_A;Clostridia;Oscillospirales;Oscillospiraceae;unclassified_Oscillospiraceae
ASV0739,0,0,0,0,0,0,0,0,0,0,0,0,0,0,0,0,0,0,0,0,0,0,0,0,Root;Bacteria;unclassified_Bacteria
ASV0740,0,0,0,0,0,0,0,0,0,0,0,0,0,0,0,0,0,0,0,0,0,0,0,0,Root;Bacteria;Bacteroidota;Bacteroidia;Bacteroidales;Dysgonomonadaceae;Dysgonomonas;Dysgonomonas_gadei
ASV0741,0,0,0,0,0,0,0,0,0,0,0,0,0,0,0,0,0,0,0,0,0,0,0,0,Root;Bacteria;Firmicutes;Bacilli;Bacillales;Bacillaceae;Bacillus;unclassified_Bacillus
ASV0742,0,0,0,0,0,0,0,0,0,0,0,0,0,0,0,0,0,0,0,0,0,0,0,0,Root;Bacteria;Firmicutes_A;Clostridia;Lachnospirales;Lachnospiraceae;Merdisoma;unclassified_Merdisoma
ASV0743,0,0,0,0,0,0,0,0,0,0,0,0,0,0,0,0,0,0,0,0,0,0,0,0,Root;Bacteria;Firmicutes_C;Negativicutes;Veillonellales;Megasphaeraceae;Anaeroglobus;Anaeroglobus_vaginalis
ASV0744,0,0,0,0,0,0,0,0,0,0,0,0,0,0,0,0,0,0,0,0,0,0,0,0,Root;Bacteria;Proteobacteria;Gammaproteobacteria;Burkholderiales;unclassified_Burkholderiales
ASV0745,0,0,0,0,0,0,0,0,0,0,0,0,0,0,0,0,0,0,0,0,0,0,0,0,Root;unclassified_Root
ASV0746,0,0,0,0,0,0,0,0,0,0,0,0,0,0,0,0,0,0,0,0,0,0,0,0,Root;Bacteria;Firmicutes;Bacilli;Lactobacillales;Streptococcaceae;Streptococcus;Streptococcus_agalactiae
ASV0747,0,0,0,0,0,0,0,0,0,0,0,0,0,0,0,0,0,0,0,0,0,0,0,0,Root;unclassified_Root
ASV0748,0,0,0,0,0,0,0,0,0,0,0,0,0,0,0,0,0,0,0,0,0,0,0,0,Root;Bacteria;Firmicutes_A;Clostridia;Lachnospirales;Lachnospiraceae;unclassified_Lachnospiraceae
ASV0749,0,0,0,0,0,0,0,0,0,0,0,0,0,0,0,0,0,0,0,0,0,0,0,0,Root;Bacteria;Firmicutes;Bacilli;Lactobacillales;Lactobacillaceae;Limosilactobacillus;unclassified_Limosilactobacillus
ASV0750,0,0,0,0,0,0,0,0,0,0,0,0,0,0,0,0,0,0,0,0,0,0,0,0,Root;Bacteria;Firmicutes;Bacilli;Lactobacillales;Streptococcaceae;Streptococcus;unclassified_Streptococcus
ASV0751,0,0,0,0,0,0,0,0,0,0,0,0,0,0,0,0,0,0,0,0,0,0,0,0,Root;Bacteria;Actinobacteriota;Actinomycetia;Mycobacteriales;Mycobacteriaceae;Corynebacterium;Corynebacterium_matruchotii
ASV0752,0,0,0,0,0,0,0,0,0,0,0,0,0,0,0,0,0,0,0,0,0,0,0,0,Root;Bacteria;Spirochaetota;Brachyspirae;Brachyspirales;Brachyspiraceae;Brachyspira;unclassified_Brachyspira
ASV0753,0,0,0,0,0,0,0,0,0,0,0,0,0,0,0,0,0,0,0,0,0,0,0,0,Root;Bacteria;Firmicutes_A;Clostridia;Oscillospirales;Acutalibacteraceae;Fimenecus;Fimenecus_sp004555265
ASV0754,0,0,0,0,0,0,0,0,0,0,0,0,0,0,0,0,0,0,0,0,0,0,0,0,Root;Bacteria;Firmicutes_A;Clostridia;Oscillospirales;Oscillospiraceae;unclassified_Oscillospiraceae
ASV0755,0,0,0,0,0,0,0,0,0,0,0,0,0,0,0,0,0,0,0,0,0,0,0,0,Root;Bacteria;Firmicutes;Bacilli;Lactobacillales;Lactobacillaceae;Limosilactobacillus;Limosilactobacillus_sp012843675
ASV0756,0,0,0,0,0,0,0,0,0,0,0,0,0,0,0,0,0,0,0,0,0,0,0,0,Root;Bacteria;Proteobacteria;Gammaproteobacteria;Pseudomonadales;Moraxellaceae;Acinetobacter;unclassified_Acinetobacter
ASV0757,0,0,0,0,0,0,0,0,0,0,0,0,0,0,0,0,0,0,0,0,0,0,0,0,Root;Bacteria;Firmicutes;Bacilli;Lactobacillales;Streptococcaceae;Streptococcus;unclassified_Streptococcus
ASV0758,0,0,0,0,0,0,0,0,0,0,0,0,0,0,0,0,0,0,0,0,0,0,0,0,Root;Bacteria;Firmicutes_A;Clostridia;Peptostreptococcales;Peptostreptococcaceae;unclassified_Peptostreptococcaceae
ASV0759,0,0,0,0,0,0,0,0,0,0,0,0,0,0,0,0,0,0,0,0,0,0,0,0,Root;Bacteria;unclassified_Bacteria
ASV0760,0,0,0,0,0,0,0,0,0,0,0,0,0,0,0,0,0,0,0,0,0,0,0,0,Root;Bacteria;Firmicutes_A;Clostridia;Lachnospirales;Lachnospiraceae;Agathobacter;unclassified_Agathobacter
ASV0761,0,0,0,0,0,0,0,0,0,0,0,0,0,0,0,0,0,0,0,0,0,0,0,0,Root;Bacteria;Proteobacteria;Alphaproteobacteria;Rhizobiales;Beijerinckiaceae;Methylobacterium;unclassified_Methylobacterium
ASV0762,0,0,0,0,0,0,0,0,0,0,0,0,0,0,0,0,0,0,0,0,0,0,0,0,Root;Bacteria;Firmicutes_A;Clostridia;Clostridiales;Clostridiaceae;Clostridium_J;unclassified_Clostridium_J
ASV0763,0,0,0,0,0,0,0,0,0,0,0,0,0,0,0,0,0,0,0,0,0,0,0,0,Root;Bacteria;Firmicutes;Bacilli;Lactobacillales;Lactobacillaceae;Weissella;unclassified_Weissella
ASV0764,0,0,0,0,0,0,0,0,0,0,0,0,0,0,0,0,0,0,0,0,0,0,0,0,Root;Bacteria;Firmicutes_A;Clostridia;Lachnospirales;Lachnospiraceae;unclassified_Lachnospiraceae
ASV0765,0,0,0,0,0,0,0,0,0,0,0,0,0,0,0,0,0,0,0,0,0,0,0,0,Root;Bacteria;Firmicutes_A;Clostridia;Lachnospirales;Lachnospiraceae;Blautia_A;Blautia_A_hydrogenotrophica
ASV0766,0,0,0,0,0,0,0,0,0,0,0,0,0,0,0,0,0,0,0,0,0,0,0,0,Root;Bacteria;Firmicutes;Bacilli;Erysipelotrichales;Erysipelotrichaceae;unclassified_Erysipelotrichaceae
ASV0767,0,0,0,0,0,0,0,0,0,0,0,0,0,0,0,0,0,0,0,0,0,0,0,0,Root;Bacteria;Bacteroidota;Bacteroidia;Bacteroidales;Bacteroidaceae;Prevotella;Prevotella_sp900548585
ASV0768,0,0,0,0,0,0,0,0,0,0,0,0,0,0,0,0,0,0,0,0,0,0,0,0,Root;Bacteria;Firmicutes_A;Clostridia;Lachnospirales;Lachnospiraceae;Anaerobutyricum;Anaerobutyricum_soehngenii
ASV0769,0,0,0,0,0,0,0,0,0,0,0,0,0,0,0,0,0,0,0,0,0,0,0,0,Root;Bacteria;Firmicutes_A;Clostridia;Clostridiales;Clostridiaceae;Clostridium_P;Clostridium_P_perfringens
ASV0770,0,0,0,0,0,0,0,0,0,0,0,0,0,0,0,0,0,0,0,0,0,0,0,0,Root;Bacteria;Proteobacteria;Gammaproteobacteria;Enterobacterales;Enterobacteriaceae;unclassified_Enterobacteriaceae
ASV0771,0,0,0,0,0,0,0,0,0,0,0,0,0,0,0,0,0,0,0,0,0,0,0,0,Root;Bacteria;Firmicutes_A;Clostridia;Lachnospirales;Lachnospiraceae;Lachnoanaerobaculum;unclassified_Lachnoanaerobaculum
ASV0772,0,0,0,0,0,0,0,0,0,0,0,0,0,0,0,0,0,0,0,0,0,0,0,0,Root;Bacteria;Proteobacteria;Gammaproteobacteria;Pseudomonadales;Moraxellaceae;Acinetobacter;unclassified_Acinetobacter
ASV0773,0,0,0,0,0,0,0,0,0,0,0,0,0,0,0,0,0,0,0,0,0,0,0,0,Root;Bacteria;Bacteroidota;Bacteroidia;Bacteroidales;Bacteroidaceae;Prevotella;unclassified_Prevotella
ASV0774,0,0,0,0,0,0,0,0,0,0,0,0,0,0,0,0,0,0,0,0,0,0,0,0,Root;Bacteria;Firmicutes_A;Clostridia;Lachnospirales;Lachnospiraceae;Butyribacter;Butyribacter_sp003529475
ASV0775,0,0,0,0,0,0,0,0,0,0,0,0,0,0,0,0,0,0,0,0,0,0,0,0,Root;Bacteria;Firmicutes;Bacilli;Lactobacillales;Lactobacillaceae;Limosilactobacillus;Limosilactobacillus_gastricus
ASV0776,0,0,0,0,0,0,0,0,0,0,0,0,0,0,0,0,0,0,0,0,0,0,0,0,Root;Bacteria;Firmicutes_C;Negativicutes;Veillonellales;Dialisteraceae;Allisonella;Allisonella_histaminiformans
ASV0777,0,0,0,0,0,0,0,0,0,0,0,0,0,0,0,0,0,0,0,0,0,0,0,0,Root;Bacteria;Actinobacteriota;Actinomycetia;Actinomycetales;Actinomycetaceae;unclassified_Actinomycetaceae
ASV0778,0,0,0,0,0,0,0,0,0,0,0,0,0,0,0,0,0,0,0,0,0,0,0,0,Root;Bacteria;Firmicutes_A;Clostridia;Lachnospirales;Lachnospiraceae;unclassified_Lachnospiraceae
ASV0779,0,0,0,0,0,0,0,0,0,0,0,0,0,0,0,0,0,0,0,0,0,0,0,0,Root;Bacteria;Proteobacteria;Gammaproteobacteria;Burkholderiales;Burkholderiaceae;Achromobacter;unclassified_Achromobacter
ASV0780,0,0,0,0,0,0,0,0,0,0,0,0,0,0,0,0,0,0,0,0,0,0,0,0,Root;Bacteria;Firmicutes;Bacilli;Erysipelotrichales;Erysipelotrichaceae;Clostridium_AQ;Clostridium_AQ_sp000165065
ASV0781,0,0,0,0,0,0,0,0,0,0,0,0,0,0,0,0,0,0,0,0,0,0,0,0,Root;Bacteria;Firmicutes_A;Clostridia;Tissierellales;Peptoniphilaceae;Anaerococcus;unclassified_Anaerococcus
ASV0782,0,0,0,0,0,0,0,0,0,0,0,0,0,0,0,0,0,0,0,0,0,0,0,0,Root;unclassified_Root
ASV0783,0,0,0,0,0,0,0,0,0,0,0,0,0,0,0,0,0,0,0,0,0,0,0,0,Root;Bacteria;Firmicutes_A;Clostridia;Oscillospirales;Ruminococcaceae;unclassified_Ruminococcaceae
ASV0784,0,0,0,0,0,0,0,0,0,0,0,0,0,0,0,0,0,0,0,0,0,0,0,0,Root;Bacteria;Actinobacteriota;Coriobacteriia;Coriobacteriales;Eggerthellaceae;Eggerthella;unclassified_Eggerthella
ASV0785,0,0,0,0,0,0,0,0,0,0,0,0,0,0,0,0,0,0,0,0,0,0,0,0,Root;Bacteria;Desulfobacterota_I;Desulfovibrionia;Desulfovibrionales;Desulfovibrionaceae;Desulfovibrio;unclassified_Desulfovibrio
ASV0786,0,0,0,0,0,0,0,0,0,0,0,0,0,0,0,0,0,0,0,0,0,0,0,0,Root;Bacteria;Actinobacteriota;Actinomycetia;Propionibacteriales;Propionibacteriaceae;Cutibacterium;unclassified_Cutibacterium
ASV0787,0,0,0,0,0,0,0,0,0,0,0,0,0,0,0,0,0,0,0,0,0,0,0,0,Root;Bacteria;Proteobacteria;Gammaproteobacteria;Enterobacterales;Enterobacteriaceae;unclassified_Enterobacteriaceae
ASV0788,0,0,0,0,0,0,0,0,0,0,0,0,0,0,0,0,0,0,0,0,0,0,0,0,Root;Bacteria;Firmicutes;Bacilli;Bacillales;Bacillaceae_H;Priestia;unclassified_Priestia
ASV0789,0,0,0,0,0,0,0,0,0,0,0,0,0,0,0,0,0,0,0,0,0,0,0,0,Root;Bacteria;Campylobacterota;Campylobacteria;Campylobacterales;Campylobacteraceae;Campylobacter_A;unclassified_Campylobacter_A
ASV0790,0,0,0,0,0,0,0,0,0,0,0,0,0,0,0,0,0,0,0,0,0,0,0,0,Root;Bacteria;Firmicutes_A;Clostridia;Lachnospirales;Lachnospiraceae;Blautia_A;unclassified_Blautia_A
ASV0791,0,0,0,0,0,0,0,0,0,0,0,0,0,0,0,0,0,0,0,0,0,0,0,0,Root;Bacteria;Firmicutes_A;Clostridia;Oscillospirales;Butyricicoccaceae;Agathobaculum;unclassified_Agathobaculum
ASV0792,0,0,0,0,0,0,0,0,0,0,0,0,0,0,0,0,0,0,0,0,0,0,0,0,Root;Bacteria;Proteobacteria;Gammaproteobacteria;Pseudomonadales;Moraxellaceae;Moraxella_A;unclassified_Moraxella_A
ASV0793,0,0,0,0,0,0,0,0,0,0,0,0,0,0,0,0,0,0,0,0,0,0,0,0,Root;Bacteria;Firmicutes;Bacilli;unclassified_Bacilli
ASV0794,0,0,0,0,0,0,0,0,0,0,0,0,0,0,0,0,0,0,0,0,0,0,0,0,Root;Bacteria;Firmicutes_A;Clostridia;Lachnospirales;Lachnospiraceae;Copromonas;Copromonas_sp900066785
ASV0795,0,0,0,0,0,0,0,0,0,0,0,0,0,0,0,0,0,0,0,0,0,0,0,0,Root;Bacteria;Patescibacteria;Saccharimonadia;Saccharimonadales;Nanogingivalaceae;Nanogingivalis;Nanogingivalis_gingivitcus
ASV0796,0,0,0,0,0,0,0,0,0,0,0,0,0,0,0,0,0,0,0,0,0,0,0,0,Root;Bacteria;Firmicutes_A;Clostridia;Christensenellales;Borkfalkiaceae;UBA10281;UBA10281_sp900767815
ASV0797,0,0,0,0,0,0,0,0,0,0,0,0,0,0,0,0,0,0,0,0,0,0,0,0,Root;Bacteria;Firmicutes;Bacilli;Lactobacillales;Lactobacillaceae;Latilactobacillus;unclassified_Latilactobacillus
ASV0798,0,0,0,0,0,0,0,0,0,0,0,0,0,0,0,0,0,0,0,0,0,0,0,0,Root;Bacteria;Firmicutes_C;Negativicutes;Veillonellales;Veillonellaceae;Veillonella;unclassified_Veillonella
ASV0799,0,0,0,0,0,0,0,0,0,0,0,0,0,0,0,0,0,0,0,0,0,0,0,0,Root;Bacteria;Firmicutes_C;Negativicutes;Acidaminococcales;Acidaminococcaceae;Acidaminococcus;unclassified_Acidaminococcus
ASV0800,0,0,0,0,0,0,0,0,0,0,0,0,0,0,0,0,0,0,0,0,0,0,0,0,Root;Bacteria;Firmicutes_A;Clostridia;Oscillospirales;Butyricicoccaceae;Pseudobutyricicoccus;unclassified_Pseudobutyricicoccus
ASV0801,0,0,0,0,0,0,0,0,0,0,0,0,0,0,0,0,0,0,0,0,0,0,0,0,Root;Bacteria;Bacteroidota;Bacteroidia;Bacteroidales;Bacteroidaceae;Prevotella;Prevotella_disiens
ASV0802,0,0,0,0,0,0,0,0,0,0,0,0,0,0,0,0,0,0,0,0,0,0,0,0,Root;Bacteria;Actinobacteriota;Actinomycetia;Actinomycetales;Micrococcaceae;unclassified_Micrococcaceae
ASV0803,0,0,0,0,0,0,0,0,0,0,0,0,0,0,0,0,0,0,0,0,0,0,0,0,Root;Bacteria;unclassified_Bacteria
ASV0804,0,0,0,0,0,0,0,0,0,0,0,0,0,0,0,0,0,0,0,0,0,0,0,0,Root;Bacteria;Firmicutes_A;Clostridia;Tissierellales;Peptoniphilaceae;Parvimonas;Parvimonas_micra
ASV0805,0,0,0,0,0,0,0,0,0,0,0,0,0,0,0,0,0,0,0,0,0,0,0,0,Root;Bacteria;Bacteroidota;Bacteroidia;Bacteroidales;Marinifilaceae;Odoribacter;Odoribacter_massiliensis
ASV0806,0,0,0,0,0,0,0,0,0,0,0,0,0,0,0,0,0,0,0,0,0,0,0,0,Root;Bacteria;Firmicutes_A;Clostridia;Oscillospirales;Oscillospiraceae;unclassified_Oscillospiraceae
ASV0807,0,0,0,0,0,0,0,0,0,0,0,0,0,0,0,0,0,0,0,0,0,0,0,0,Root;unclassified_Root
ASV0808,0,0,0,0,0,0,0,0,0,0,0,0,0,0,0,0,0,0,0,0,0,0,0,0,Root;Bacteria;Proteobacteria;Alphaproteobacteria;Sphingomonadales;Sphingomonadaceae;Sphingomonas;unclassified_Sphingomonas
ASV0809,0,0,0,0,0,0,0,0,0,0,0,0,0,0,0,0,0,0,0,0,0,0,0,0,Root;Bacteria;Proteobacteria;Alphaproteobacteria;Rhodospirillales;Magnetospirillaceae;Telmatospirillum;Telmatospirillum_siberiense
ASV0810,0,0,0,0,0,0,0,0,0,0,0,0,0,0,0,0,0,0,0,0,0,0,0,0,Root;Bacteria;Firmicutes;Bacilli;Bacillales_H;Bacillaceae_D;unclassified_Bacillaceae_D
ASV0811,0,0,0,0,0,0,0,0,0,0,0,0,0,0,0,0,0,0,0,0,0,0,0,0,Root;unclassified_Root
ASV0812,0,0,0,0,0,0,0,0,0,0,0,0,0,0,0,0,0,0,0,0,0,0,0,0,Root;Bacteria;Firmicutes;Bacilli;unclassified_Bacilli
ASV0813,0,0,0,0,0,0,0,0,0,0,0,0,0,0,0,0,0,0,0,0,0,0,0,0,Root;Bacteria;Firmicutes_A;Clostridia;Tissierellales;Peptoniphilaceae;Urinicoccus;Urinicoccus_timonensis
ASV0814,0,0,0,0,0,0,0,0,0,0,0,0,0,0,0,0,0,0,0,0,0,0,0,0,Root;unclassified_Root
ASV0815,0,0,0,0,0,0,0,0,0,0,0,0,0,0,0,0,0,0,0,0,0,0,0,0,Root;unclassified_Root
ASV0816,0,0,0,0,0,0,0,0,0,0,0,0,0,0,0,0,0,0,0,0,0,0,0,0,Root;Bacteria;Proteobacteria;Gammaproteobacteria;Pseudomonadales;Pseudomonadaceae;Pseudomonas_A;unclassified_Pseudomonas_A
ASV0817,0,0,0,0,0,0,0,0,0,0,0,0,0,0,0,0,0,0,0,0,0,0,0,0,Root;Bacteria;Firmicutes_A;Clostridia;Clostridiales;Clostridiaceae;Clostridium;unclassified_Clostridium
ASV0818,0,0,0,0,0,0,0,0,0,0,0,0,0,0,0,0,0,0,0,0,0,0,0,0,Root;Bacteria;Firmicutes_A;Clostridia;Tissierellales;Peptoniphilaceae;Anaerococcus;unclassified_Anaerococcus
ASV0819,0,0,0,0,0,0,0,0,0,0,0,0,0,0,0,0,0,0,0,0,0,0,0,0,Root;Bacteria;Firmicutes_A;Clostridia;Oscillospirales;Ruminococcaceae;Gemmiger;Gemmiger_variabilis_B
ASV0820,0,0,0,0,0,0,0,0,0,0,0,0,0,0,0,0,0,0,0,0,0,0,0,0,Root;Bacteria;Firmicutes_A;Clostridia;Oscillospirales;Ruminococcaceae;Bittarella;unclassified_Bittarella
ASV0821,0,0,0,0,0,0,0,0,0,0,0,0,0,0,0,0,0,0,0,0,0,0,0,0,Root;Bacteria;Bacteroidota;Bacteroidia;Bacteroidales;Bacteroidaceae;Prevotella;Prevotella_sp900290275
ASV0822,0,0,0,0,0,0,0,0,0,0,0,0,0,0,0,0,0,0,0,0,0,0,0,0,Root;Bacteria;Firmicutes_A;Clostridia;Oscillospirales;Ruminococcaceae;Faecalibacterium;unclassified_Faecalibacterium
ASV0823,0,0,0,0,0,0,0,0,0,0,0,0,0,0,0,0,0,0,0,0,0,0,0,0,Root;Bacteria;Firmicutes_A;Clostridia;Christensenellales;CAG-74;GCA-900199385;unclassified_GCA-900199385
ASV0824,0,0,0,0,0,0,0,0,0,0,0,0,0,0,0,0,0,0,0,0,0,0,0,0,Root;Bacteria;Firmicutes_A;Clostridia;Oscillospirales;Oscillospiraceae;unclassified_Oscillospiraceae
ASV0825,0,0,0,0,0,0,0,0,0,0,0,0,0,0,0,0,0,0,0,0,0,0,0,0,Root;Bacteria;unclassified_Bacteria
ASV0826,0,0,0,0,0,0,0,0,0,0,0,0,0,0,0,0,0,0,0,0,0,0,0,0,Root;Bacteria;Patescibacteria;Saccharimonadia;Saccharimonadales;Nanogingivalaceae;Nanogingivalis;Nanogingivalis_gingivitcus
ASV0827,0,0,0,0,0,0,0,0,0,0,0,0,0,0,0,0,0,0,0,0,0,0,0,0,Root;Bacteria;Proteobacteria;Alphaproteobacteria;Rhizobiales;Xanthobacteraceae;Bradyrhizobium;unclassified_Bradyrhizobium
ASV0828,0,0,0,0,0,0,0,0,0,0,0,0,0,0,0,0,0,0,0,0,0,0,0,0,Root;unclassified_Root
ASV0829,0,0,0,0,0,0,0,0,0,0,0,0,0,0,0,0,0,0,0,0,0,0,0,0,Root;Bacteria;Fusobacteriota;Fusobacteriia;Fusobacteriales;Fusobacteriaceae;Fusobacterium;unclassified_Fusobacterium
ASV0830,0,0,0,0,0,0,0,0,0,0,0,0,0,0,0,0,0,0,0,0,0,0,0,0,Root;Bacteria;Fusobacteriota;Fusobacteriia;Fusobacteriales;Fusobacteriaceae;Fusobacterium;unclassified_Fusobacterium
ASV0831,0,0,0,0,0,0,0,0,0,0,0,0,0,0,0,0,0,0,0,0,0,0,0,0,Root;Bacteria;Firmicutes_A;Clostridia;Lachnospirales;Lachnospiraceae;Acetatifactor;unclassified_Acetatifactor
ASV0832,0,0,0,0,0,0,0,0,0,0,0,0,0,0,0,0,0,0,0,0,0,0,0,0,Root;Bacteria;Firmicutes_A;Clostridia;Oscillospirales;Oscillospiraceae;Dysosmobacter;Dysosmobacter_sp001916835
ASV0833,0,0,0,0,0,0,0,0,0,0,0,0,0,0,0,0,0,0,0,0,0,0,0,0,Root;Bacteria;Firmicutes_A;Clostridia;Lachnospirales;Lachnospiraceae;Butyribacter;Butyribacter_intestini
ASV0834,0,0,0,0,0,0,0,0,0,0,0,0,0,0,0,0,0,0,0,0,0,0,0,0,Root;Bacteria;Firmicutes_A;Clostridia;Oscillospirales;Ruminococcaceae;Gemmiger;unclassified_Gemmiger
ASV0835,0,0,0,0,0,0,0,0,0,0,0,0,0,0,0,0,0,0,0,0,0,0,0,0,Root;Bacteria;Bacteroidota;Bacteroidia;Bacteroidales;Bacteroidaceae;Prevotella;Prevotella_buccalis
ASV0836,0,0,0,0,0,0,0,0,0,0,0,0,0,0,0,0,0,0,0,0,0,0,0,0,Root;Bacteria;Firmicutes_A;Clostridia;TANB77;CAG-508;unclassified_CAG-508
ASV0837,0,0,0,0,0,0,0,0,0,0,0,0,0,0,0,0,0,0,0,0,0,0,0,0,Root;Bacteria;Proteobacteria;Gammaproteobacteria;Pseudomonadales;Pseudomonadaceae;Pseudomonas_N;Pseudomonas_N_urumqiensis
ASV0838,0,0,0,0,0,0,0,0,0,0,0,0,0,0,0,0,0,0,0,0,0,0,0,0,Root;Bacteria;Firmicutes_A;Clostridia;Lachnospirales;Lachnospiraceae;Bacteroides_F;Bacteroides_F_pectinophilus
ASV0839,0,0,0,0,0,0,0,0,0,0,0,0,0,0,0,0,0,0,0,0,0,0,0,0,Root;Bacteria;Fusobacteriota;Fusobacteriia;Fusobacteriales;Leptotrichiaceae;Leptotrichia;Leptotrichia_sp018128225
ASV0840,0,0,0,0,0,0,0,0,0,0,0,0,0,0,0,0,0,0,0,0,0,0,0,0,Root;Bacteria;Firmicutes_A;Clostridia;Lachnospirales;Lachnospiraceae;Clostridium_Q;unclassified_Clostridium_Q
ASV0841,0,0,0,0,0,0,0,0,0,0,0,0,0,0,0,0,0,0,0,0,0,0,0,0,Root;Bacteria;Firmicutes_A;Clostridia;Lachnospirales;Lachnospiraceae;unclassified_Lachnospiraceae
ASV0842,0,0,0,0,0,0,0,0,0,0,0,0,0,0,0,0,0,0,0,0,0,0,0,0,Root;Bacteria;Bacteroidota;Bacteroidia;Bacteroidales;Tannerellaceae;Parabacteroides;Parabacteroides_massiliensis
ASV0843,0,0,0,0,0,0,0,0,0,0,0,0,0,0,0,0,0,0,0,0,0,0,0,0,Root;Bacteria;unclassified_Bacteria
ASV0844,0,0,0,0,0,0,0,0,0,0,0,0,0,0,0,0,0,0,0,0,0,0,0,0,Root;Bacteria;Firmicutes_C;Negativicutes;Veillonellales;Veillonellaceae;F0422;unclassified_F0422
ASV0845,0,0,0,0,0,0,0,0,0,0,0,0,0,0,0,0,0,0,0,0,0,0,0,0,Root;Bacteria;Actinobacteriota;Actinomycetia;Actinomycetales;Actinomycetaceae;Actinomyces;Actinomyces_graevenitzii
ASV0846,0,0,0,0,0,0,0,0,0,0,0,0,0,0,0,0,0,0,0,0,0,0,0,0,Root;Bacteria;Firmicutes_A;Clostridia;Lachnospirales;Lachnospiraceae;Ventrimonas;unclassified_Ventrimonas
ASV0847,0,0,0,0,0,0,0,0,0,0,0,0,0,0,0,0,0,0,0,0,0,0,0,0,Root;unclassified_Root
ASV0848,0,0,0,0,0,0,0,0,0,0,0,0,0,0,0,0,0,0,0,0,0,0,0,0,Root;Bacteria;Firmicutes;Bacilli;RF39;UBA660;CAG-302;CAG-302_sp900549325
ASV0849,0,0,0,0,0,0,0,0,0,0,0,0,0,0,0,0,0,0,0,0,0,0,0,0,Root;unclassified_Root
ASV0850,0,0,0,0,0,0,0,0,0,0,0,0,0,0,0,0,0,0,0,0,0,0,0,0,Root;Bacteria;Bacteroidota;Bacteroidia;Bacteroidales;Rikenellaceae;Alistipes;unclassified_Alistipes
ASV0851,0,0,0,0,0,0,0,0,0,0,0,0,0,0,0,0,0,0,0,0,0,0,0,0,Root;Bacteria;Firmicutes_A;Clostridia;Oscillospirales;Oscillospiraceae;unclassified_Oscillospiraceae
ASV0852,0,0,0,0,0,0,0,0,0,0,0,0,0,0,0,0,0,0,0,0,0,0,0,0,Root;Bacteria;Patescibacteria;Saccharimonadia;Saccharimonadales;Nanogingivalaceae;Nanogingivalis;Nanogingivalis_gingivitcus
ASV0853,0,0,0,0,0,0,0,0,0,0,0,0,0,0,0,0,0,0,0,0,0,0,0,0,Root;Bacteria;Bacteroidota;Bacteroidia;Bacteroidales;Bacteroidaceae;unclassified_Bacteroidaceae
ASV0854,0,0,0,0,0,0,0,0,0,0,0,0,0,0,0,0,0,0,0,0,0,0,0,0,Root;Bacteria;Actinobacteriota;Actinomycetia;Propionibacteriales;Propionibacteriaceae;Cutibacterium;Cutibacterium_acnes
ASV0855,0,0,0,0,0,0,0,0,0,0,0,0,0,0,0,0,0,0,0,0,0,0,0,0,Root;Bacteria;Proteobacteria;Gammaproteobacteria;Burkholderiales;Burkholderiaceae;unclassified_Burkholderiaceae
ASV0856,0,0,0,0,0,0,0,0,0,0,0,0,0,0,0,0,0,0,0,0,0,0,0,0,Root;Bacteria;Actinobacteriota;Actinomycetia;Propionibacteriales;Propionibacteriaceae;Propionimicrobium;Propionimicrobium_lymphophilum
ASV0857,0,0,0,0,0,0,0,0,0,0,0,0,0,0,0,0,0,0,0,0,0,0,0,0,Root;Bacteria;Actinobacteriota;Actinomycetia;Mycobacteriales;Mycobacteriaceae;Corynebacterium;unclassified_Corynebacterium
ASV0858,0,0,0,0,0,0,0,0,0,0,0,0,0,0,0,0,0,0,0,0,0,0,0,0,Root;Bacteria;Proteobacteria;Gammaproteobacteria;Burkholderiales;Neisseriaceae;QFNR01;QFNR01_sp016864895
ASV0859,0,0,0,0,0,0,0,0,0,0,0,0,0,0,0,0,0,0,0,0,0,0,0,0,Root;Bacteria;Firmicutes_A;Clostridia;Christensenellales;Borkfalkiaceae;UBA10281;unclassified_UBA10281
ASV0860,0,0,0,0,0,0,0,0,0,0,0,0,0,0,0,0,0,0,0,0,0,0,0,0,Root;Bacteria;Firmicutes;Bacilli;Erysipelotrichales;Erysipelotrichaceae;UBA636;UBA636_sp900546285
ASV0861,0,0,0,0,0,0,0,0,0,0,0,0,0,0,0,0,0,0,0,0,0,0,0,0,Root;Bacteria;Bacteroidota;Bacteroidia;Bacteroidales;unclassified_Bacteroidales
ASV0862,0,0,0,0,0,0,0,0,0,0,0,0,0,0,0,0,0,0,0,0,0,0,0,0,Root;Bacteria;Firmicutes_A;Clostridia;Christensenellales;CAG-74;unclassified_CAG-74
ASV0863,0,0,0,0,0,0,0,0,0,0,0,0,0,0,0,0,0,0,0,0,0,0,0,0,Root;Bacteria;Actinobacteriota;Actinomycetia;Actinomycetales;Micrococcaceae;Rothia;unclassified_Rothia
ASV0864,0,0,0,0,0,0,0,0,0,0,0,0,0,0,0,0,0,0,0,0,0,0,0,0,Root;Bacteria;Firmicutes;Bacilli;RF39;UBA660;unclassified_UBA660
ASV0865,0,0,0,0,0,0,0,0,0,0,0,0,0,0,0,0,0,0,0,0,0,0,0,0,Root;Bacteria;Firmicutes_A;Clostridia;Lachnospirales;Lachnospiraceae;Eisenbergiella;Eisenbergiella_sp900066775
ASV0866,0,0,0,0,0,0,0,0,0,0,0,0,0,0,0,0,0,0,0,0,0,0,0,0,Root;Bacteria;Firmicutes;Bacilli;unclassified_Bacilli
ASV0867,0,0,0,0,0,0,0,0,0,0,0,0,0,0,0,0,0,0,0,0,0,0,0,0,Root;Bacteria;Firmicutes_C;Negativicutes;Veillonellales;Veillonellaceae;F0422;unclassified_F0422
ASV0868,0,0,0,0,0,0,0,0,0,0,0,0,0,0,0,0,0,0,0,0,0,0,0,0,Root;Bacteria;Firmicutes_A;Clostridia;Lachnospirales;Lachnospiraceae;unclassified_Lachnospiraceae
ASV0869,0,0,0,0,0,0,0,0,0,0,0,0,0,0,0,0,0,0,0,0,0,0,0,0,Root;Bacteria;Firmicutes_A;Clostridia;Clostridiales;Clostridiaceae;unclassified_Clostridiaceae
ASV0870,0,0,0,0,0,0,0,0,0,0,0,0,0,0,0,0,0,0,0,0,0,0,0,0,Root;Bacteria;Firmicutes_A;Clostridia;Oscillospirales;Acutalibacteraceae;Ruminococcus_E;Ruminococcus_E_sp900314705
ASV0871,0,0,0,0,0,0,0,0,0,0,0,0,0,0,0,0,0,0,0,0,0,0,0,0,Root;Bacteria;Verrucomicrobiota;Verrucomicrobiae;Verrucomicrobiales;Akkermansiaceae;Akkermansia;Akkermansia_muciniphila
ASV0872,0,0,0,0,0,0,0,0,0,0,0,0,0,0,0,0,0,0,0,0,0,0,0,0,Root;unclassified_Root
ASV0873,0,0,0,0,0,0,0,0,0,0,0,0,0,0,0,0,0,0,0,0,0,0,0,0,Root;Bacteria;Bacteroidota;Bacteroidia;Bacteroidales;Muribaculaceae;SFTJ01;SFTJ01_sp004563195
ASV0874,0,0,0,0,0,0,0,0,0,0,0,0,0,0,0,0,0,0,0,0,0,0,0,0,Root;Bacteria;unclassified_Bacteria
ASV0875,0,0,0,0,0,0,0,0,0,0,0,0,0,0,0,0,0,0,0,0,0,0,0,0,Root;unclassified_Root
ASV0876,0,0,0,0,0,0,0,0,0,0,0,0,0,0,0,0,0,0,0,0,0,0,0,0,Root;Bacteria;Firmicutes_A;Clostridia;Tissierellales;Peptoniphilaceae;Peptoniphilus_C;Peptoniphilus_C_coxii
ASV0877,0,0,0,0,0,0,0,0,0,0,0,0,0,0,0,0,0,0,0,0,0,0,0,0,Root;Bacteria;Actinobacteriota;Thermoleophilia;Gaiellales;Gaiellaceae;unclassified_Gaiellaceae
ASV0878,0,0,0,0,0,0,0,0,0,0,0,0,0,0,0,0,0,0,0,0,0,0,0,0,Root;Bacteria;Bacteroidota;Bacteroidia;Bacteroidales;Porphyromonadaceae;Porphyromonas;unclassified_Porphyromonas
ASV0879,0,0,0,0,0,0,0,0,0,0,0,0,0,0,0,0,0,0,0,0,0,0,0,0,Root;Bacteria;unclassified_Bacteria
ASV0880,0,0,0,0,0,0,0,0,0,0,0,0,0,0,0,0,0,0,0,0,0,0,0,0,Root;Bacteria;Actinobacteriota;Coriobacteriia;Coriobacteriales;Atopobiaceae;Lancefieldella;Lancefieldella_sp000564995
ASV0881,0,0,0,0,0,0,0,0,0,0,0,0,0,0,0,0,0,0,0,0,0,0,0,0,Root;Bacteria;Firmicutes_A;Clostridia;Oscillospirales;unclassified_Oscillospirales
ASV0882,0,0,0,0,0,0,0,0,0,0,0,0,0,0,0,0,0,0,0,0,0,0,0,0,Root;Bacteria;Firmicutes_A;Clostridia;Lachnospirales;Lachnospiraceae;Eubacterium_I;unclassified_Eubacterium_I
ASV0883,0,0,0,0,0,0,0,0,0,0,0,0,0,0,0,0,0,0,0,0,0,0,0,0,Root;Bacteria;Bacteroidota;Bacteroidia;Bacteroidales;Barnesiellaceae;Barnesiella;Barnesiella_intestinihominis
ASV0884,0,0,0,0,0,0,0,0,0,0,0,0,0,0,0,0,0,0,0,0,0,0,0,0,Root;Bacteria;Firmicutes;Bacilli;Lactobacillales;Enterococcaceae;unclassified_Enterococcaceae
ASV0885,0,0,0,0,0,0,0,0,0,0,0,0,0,0,0,0,0,0,0,0,0,0,0,0,Root;Bacteria;Firmicutes_A;Clostridia;Lachnospirales;Lachnospiraceae;unclassified_Lachnospiraceae
ASV0886,0,0,0,0,0,0,0,0,0,0,0,0,0,0,0,0,0,0,0,0,0,0,0,0,Root;unclassified_Root
ASV0887,0,0,0,0,0,0,0,0,0,0,0,0,0,0,0,0,0,0,0,0,0,0,0,0,Root;Bacteria;Firmicutes;Bacilli;Lactobacillales;Lactobacillaceae;Leuconostoc;unclassified_Leuconostoc
ASV0888,0,0,0,0,0,0,0,0,0,0,0,0,0,0,0,0,0,0,0,0,0,0,0,0,Root;Bacteria;Actinobacteriota;Actinomycetia;Mycobacteriales;Mycobacteriaceae;Corynebacterium;unclassified_Corynebacterium
ASV0889,0,0,0,0,0,0,0,0,0,0,0,0,0,0,0,0,0,0,0,0,0,0,0,0,Root;Bacteria;Actinobacteriota;Actinomycetia;Actinomycetales;Micrococcaceae;Micrococcus;unclassified_Micrococcus
ASV0890,0,0,0,0,0,0,0,0,0,0,0,0,0,0,0,0,0,0,0,0,0,0,0,0,Root;Bacteria;Desulfobacterota_I;Desulfovibrionia;Desulfovibrionales;Desulfovibrionaceae;Desulfovibrio;unclassified_Desulfovibrio
ASV0891,0,0,0,0,0,0,0,0,0,0,0,0,0,0,0,0,0,0,0,0,0,0,0,0,Root;unclassified_Root
ASV0892,0,0,0,0,0,0,0,0,0,0,0,0,0,0,0,0,0,0,0,0,0,0,0,0,Root;Bacteria;Actinobacteriota;Coriobacteriia;Coriobacteriales;Eggerthellaceae;Berryella;Berryella_sp900604965
ASV0893,0,0,0,0,0,0,0,0,0,0,0,0,0,0,0,0,0,0,0,0,0,0,0,0,Root;Bacteria;Firmicutes_A;Clostridia;Christensenellales;Borkfalkiaceae;UBA10281;UBA10281_sp900767815
ASV0894,0,0,0,0,0,0,0,0,0,0,0,0,0,0,0,0,0,0,0,0,0,0,0,0,Root;unclassified_Root
ASV0895,0,0,0,0,0,0,0,0,0,0,0,0,0,0,0,0,0,0,0,0,0,0,0,0,Root;Bacteria;Firmicutes_A;Clostridia;Lachnospirales;Lachnospiraceae;unclassified_Lachnospiraceae
ASV0896,0,0,0,0,0,0,0,0,0,0,0,0,0,0,0,0,0,0,0,0,0,0,0,0,Root;Bacteria;Firmicutes_A;Clostridia;Lachnospirales;Lachnospiraceae;Choladocola;unclassified_Choladocola
ASV0897,0,0,0,0,0,0,0,0,0,0,0,0,0,0,0,0,0,0,0,0,0,0,0,0,Root;Bacteria;Firmicutes;Bacilli;Lactobacillales;Aerococcaceae;Granulicatella;unclassified_Granulicatella
ASV0898,0,0,0,0,0,0,0,0,0,0,0,0,0,0,0,0,0,0,0,0,0,0,0,0,Root;Bacteria;Firmicutes_A;Clostridia;Lachnospirales;Lachnospiraceae;unclassified_Lachnospiraceae
ASV0899,0,0,0,0,0,0,0,0,0,0,0,0,0,0,0,0,0,0,0,0,0,0,0,0,Root;Bacteria;Actinobacteriota;Actinomycetia;Actinomycetales;Microbacteriaceae;Microbacterium;unclassified_Microbacterium
ASV0900,0,0,0,0,0,0,0,0,0,0,0,0,0,0,0,0,0,0,0,0,0,0,0,0,Root;Bacteria;Proteobacteria;Alphaproteobacteria;Dongiales;Dongiaceae;Dongia;Dongia_sp000620685
ASV0901,0,0,0,0,0,0,0,0,0,0,0,0,0,0,0,0,0,0,0,0,0,0,0,0,Root;Bacteria;Proteobacteria;Alphaproteobacteria;Rhizobiales;Beijerinckiaceae;Lichenihabitans;unclassified_Lichenihabitans
ASV0902,0,0,0,0,0,0,0,0,0,0,0,0,0,0,0,0,0,0,0,0,0,0,0,0,Root;Bacteria;Actinobacteriota;Coriobacteriia;Coriobacteriales;Atopobiaceae;Fannyhessea;Fannyhessea_vaginae
ASV0903,0,0,0,0,0,0,0,0,0,0,0,0,0,0,0,0,0,0,0,0,0,0,0,0,Root;Bacteria;Actinobacteriota;Actinomycetia;Mycobacteriales;Mycobacteriaceae;Corynebacterium;unclassified_Corynebacterium
ASV0904,0,0,0,0,0,0,0,0,0,0,0,0,0,0,0,0,0,0,0,0,0,0,0,0,Root;Bacteria;Proteobacteria;Gammaproteobacteria;Burkholderiales;Burkholderiaceae;Paraburkholderia;unclassified_Paraburkholderia
ASV0905,0,0,0,0,0,0,0,0,0,0,0,0,0,0,0,0,0,0,0,0,0,0,0,0,Root;unclassified_Root
ASV0906,0,0,0,0,0,0,0,0,0,0,0,0,0,0,0,0,0,0,0,0,0,0,0,0,Root;Bacteria;Proteobacteria;Alphaproteobacteria;Sphingomonadales;Sphingomonadaceae;Novosphingobium;unclassified_Novosphingobium
ASV0907,0,0,0,0,0,0,0,0,0,0,0,0,0,0,0,0,0,0,0,0,0,0,0,0,Root;Bacteria;Firmicutes;Bacilli;Lactobacillales;Streptococcaceae;Streptococcus;unclassified_Streptococcus
ASV0908,0,0,0,0,0,0,0,0,0,0,0,0,0,0,0,0,0,0,0,0,0,0,0,0,Root;Bacteria;Proteobacteria;Gammaproteobacteria;Pseudomonadales;Moraxellaceae;Acinetobacter;unclassified_Acinetobacter
ASV0909,0,0,0,0,0,0,0,0,0,0,0,0,0,0,0,0,0,0,0,0,0,0,0,0,Root;Bacteria;Campylobacterota;Campylobacteria;Campylobacterales;Campylobacteraceae;Campylobacter_B;Campylobacter_B_hominis
ASV0910,0,0,0,0,0,0,0,0,0,0,0,0,0,0,0,0,0,0,0,0,0,0,0,0,Root;Bacteria;Bacteroidota;Bacteroidia;unclassified_Bacteroidia
ASV0911,0,0,0,0,0,0,0,0,0,0,0,0,0,0,0,0,0,0,0,0,0,0,0,0,Root;Bacteria;Firmicutes_C;Negativicutes;Veillonellales;Negativicoccaceae;Negativicoccus;Negativicoccus_massiliensis
ASV0912,0,0,0,0,0,0,0,0,0,0,0,0,0,0,0,0,0,0,0,0,0,0,0,0,Root;Bacteria;Firmicutes_A;Clostridia;Lachnospirales;Lachnospiraceae;Lachnoanaerobaculum;Lachnoanaerobaculum_orale
ASV0913,0,0,0,0,0,0,0,0,0,0,0,0,0,0,0,0,0,0,0,0,0,0,0,0,Root;Bacteria;Fusobacteriota;Fusobacteriia;Fusobacteriales;Fusobacteriaceae;Fusobacterium;unclassified_Fusobacterium
ASV0914,0,0,0,0,0,0,0,0,0,0,0,0,0,0,0,0,0,0,0,0,0,0,0,0,Root;Bacteria;Firmicutes_A;Clostridia;Lachnospirales;Lachnospiraceae;JAGTTR01;JAGTTR01_sp018223385
ASV0915,0,0,0,0,0,0,0,0,0,0,0,0,0,0,0,0,0,0,0,0,0,0,0,0,Root;Bacteria;unclassified_Bacteria
ASV0916,0,0,0,0,0,0,0,0,0,0,0,0,0,0,0,0,0,0,0,0,0,0,0,0,Root;Bacteria;Firmicutes_A;Clostridia;Lachnospirales;Lachnospiraceae;unclassified_Lachnospiraceae
ASV0917,0,0,0,0,0,0,0,0,0,0,0,0,0,0,0,0,0,0,0,0,0,0,0,0,Root;Bacteria;Firmicutes_A;Clostridia;unclassified_Clostridia
ASV0918,0,0,0,0,0,0,0,0,0,0,0,0,0,0,0,0,0,0,0,0,0,0,0,0,Root;Bacteria;Firmicutes_A;Clostridia;Oscillospirales;Oscillospiraceae;unclassified_Oscillospiraceae
ASV0919,0,0,0,0,0,0,0,0,0,0,0,0,0,0,0,0,0,0,0,0,0,0,0,0,Root;Bacteria;Firmicutes;Bacilli;Erysipelotrichales;Erysipelotrichaceae;Holdemania;Holdemania_filiformis
ASV0920,0,0,0,0,0,0,0,0,0,0,0,0,0,0,0,0,0,0,0,0,0,0,0,0,Root;Bacteria;Firmicutes_A;Clostridia;Lachnospirales;Anaerotignaceae;Anaerotignum;unclassified_Anaerotignum
ASV0921,0,0,0,0,0,0,0,0,0,0,0,0,0,0,0,0,0,0,0,0,0,0,0,0,Root;Bacteria;Firmicutes_A;Clostridia;Tissierellales;Peptoniphilaceae;Parvimonas;unclassified_Parvimonas
ASV0922,0,0,0,0,0,0,0,0,0,0,0,0,0,0,0,0,0,0,0,0,0,0,0,0,Root;Bacteria;Firmicutes_A;Clostridia;Tissierellales;Peptoniphilaceae;Finegoldia;unclassified_Finegoldia
ASV0923,0,0,0,0,0,0,0,0,0,0,0,0,0,0,0,0,0,0,0,0,0,0,0,0,Root;Bacteria;Bacteroidota;Bacteroidia;Bacteroidales;Tannerellaceae;Parabacteroides;unclassified_Parabacteroides
ASV0924,0,0,0,0,0,0,0,0,0,0,0,0,0,0,0,0,0,0,0,0,0,0,0,0,Root;Bacteria;Bacteroidota;Bacteroidia;Bacteroidales;Bacteroidaceae;Prevotella;Prevotella_buccae
ASV0925,0,0,0,0,0,0,0,0,0,0,0,0,0,0,0,0,0,0,0,0,0,0,0,0,Root;Bacteria;Bacteroidota;Bacteroidia;Bacteroidales;unclassified_Bacteroidales
ASV0926,0,0,0,0,0,0,0,0,0,0,0,0,0,0,0,0,0,0,0,0,0,0,0,0,Root;Bacteria;Firmicutes_A;Clostridia;Oscillospirales;Oscillospiraceae;unclassified_Oscillospiraceae
ASV0927,0,0,0,0,0,0,0,0,0,0,0,0,0,0,0,0,0,0,0,0,0,0,0,0,Root;Bacteria;Firmicutes;Bacilli;Lactobacillales;Lactobacillaceae;Lactobacillus;unclassified_Lactobacillus
ASV0928,0,0,0,0,0,0,0,0,0,0,0,0,0,0,0,0,0,0,0,0,0,0,0,0,Root;Bacteria;Firmicutes;Bacilli;Lactobacillales;Lactobacillaceae;Limosilactobacillus;unclassified_Limosilactobacillus
ASV0929,0,0,0,0,0,0,0,0,0,0,0,0,0,0,0,0,0,0,0,0,0,0,0,0,Root;Bacteria;Patescibacteria;Saccharimonadia;Saccharimonadales;Nanogingivalaceae;Nanogingivalis;Nanogingivalis_gingivitcus
ASV0930,0,0,0,0,0,0,0,0,0,0,0,0,0,0,0,0,0,0,0,0,0,0,0,0,Root;Bacteria;Firmicutes_A;Clostridia;Lachnospirales;Lachnospiraceae;unclassified_Lachnospiraceae
ASV0931,0,0,0,0,0,0,0,0,0,0,0,0,0,0,0,0,0,0,0,0,0,0,0,0,Root;Bacteria;Fusobacteriota;Fusobacteriia;Fusobacteriales;Fusobacteriaceae;Fusobacterium;unclassified_Fusobacterium
ASV0932,0,0,0,0,0,0,0,0,0,0,0,0,0,0,0,0,0,0,0,0,0,0,0,0,Root;Bacteria;Bacteroidota;Bacteroidia;Bacteroidales;Rikenellaceae;Rikenella;unclassified_Rikenella
ASV0933,0,0,0,0,0,0,0,0,0,0,0,0,0,0,0,0,0,0,0,0,0,0,0,0,Root;Bacteria;Firmicutes_A;Clostridia;Lachnospirales;Lachnospiraceae;Stomatobaculum;Stomatobaculum_sp002892395
ASV0934,0,0,0,0,0,0,0,0,0,0,0,0,0,0,0,0,0,0,0,0,0,0,0,0,Root;Bacteria;Actinobacteriota;Actinomycetia;Actinomycetales;Micrococcaceae;Kocuria;unclassified_Kocuria
ASV0935,0,0,0,0,0,0,0,0,0,0,0,0,0,0,0,0,0,0,0,0,0,0,0,0,Root;Bacteria;Proteobacteria;Alphaproteobacteria;Sphingomonadales;Sphingomonadaceae;Novosphingobium;unclassified_Novosphingobium
ASV0936,0,0,0,0,0,0,0,0,0,0,0,0,0,0,0,0,0,0,0,0,0,0,0,0,Root;Bacteria;Proteobacteria;Gammaproteobacteria;Burkholderiales;Burkholderiaceae;unclassified_Burkholderiaceae
ASV0937,0,0,0,0,0,0,0,0,0,0,0,0,0,0,0,0,0,0,0,0,0,0,0,0,Root;Bacteria;Firmicutes_A;Clostridia;Peptostreptococcales;Anaerovoracaceae;Copromorpha;Copromorpha_sp900066305
ASV0938,0,0,0,0,0,0,0,0,0,0,0,0,0,0,0,0,0,0,0,0,0,0,0,0,Root;Bacteria;Firmicutes_A;Clostridia;Oscillospirales;Oscillospiraceae;Lawsonibacter;Lawsonibacter_sp014287875
ASV0939,0,0,0,0,0,0,0,0,0,0,0,0,0,0,0,0,0,0,0,0,0,0,0,0,Root;Bacteria;Firmicutes_A;Clostridia;Tissierellales;Peptoniphilaceae;Anaerococcus;unclassified_Anaerococcus
ASV0940,0,0,0,0,0,0,0,0,0,0,0,0,0,0,0,0,0,0,0,0,0,0,0,0,Root;Bacteria;Synergistota;Synergistia;Synergistales;Dethiosulfovibrionaceae;Pyramidobacter;Pyramidobacter_piscolens
ASV0941,0,0,0,0,0,0,0,0,0,0,0,0,0,0,0,0,0,0,0,0,0,0,0,0,Root;unclassified_Root
ASV0942,0,0,0,0,0,0,0,0,0,0,0,0,0,0,0,0,0,0,0,0,0,0,0,0,Root;Bacteria;Fusobacteriota;Fusobacteriia;Fusobacteriales;Fusobacteriaceae;Fusobacterium;unclassified_Fusobacterium
ASV0943,0,0,0,0,0,0,0,0,0,0,0,0,0,0,0,0,0,0,0,0,0,0,0,0,Root;Bacteria;Firmicutes_A;Clostridia;Lachnospirales;Lachnospiraceae;unclassified_Lachnospiraceae
ASV0944,0,0,0,0,0,0,0,0,0,0,0,0,0,0,0,0,0,0,0,0,0,0,0,0,Root;Bacteria;Firmicutes_A;Clostridia;Oscillospirales;unclassified_Oscillospirales
ASV0945,0,0,0,0,0,0,0,0,0,0,0,0,0,0,0,0,0,0,0,0,0,0,0,0,Root;unclassified_Root
ASV0946,0,0,0,0,0,0,0,0,0,0,0,0,0,0,0,0,0,0,0,0,0,0,0,0,Root;Bacteria;Firmicutes_A;Clostridia;Oscillospirales;Acutalibacteraceae;Clostridium_A;Clostridium_A_leptum
ASV0947,0,0,0,0,0,0,0,0,0,0,0,0,0,0,0,0,0,0,0,0,0,0,0,0,Root;Bacteria;Firmicutes_A;Clostridia;Lachnospirales;Lachnospiraceae;unclassified_Lachnospiraceae
ASV0948,0,0,0,0,0,0,0,0,0,0,0,0,0,0,0,0,0,0,0,0,0,0,0,0,Root;unclassified_Root
ASV0949,0,0,0,0,0,0,0,0,0,0,0,0,0,0,0,0,0,0,0,0,0,0,0,0,Root;Bacteria;Firmicutes_A;Clostridia;Oscillospirales;unclassified_Oscillospirales
ASV0950,0,0,0,0,0,0,0,0,0,0,0,0,0,0,0,0,0,0,0,0,0,0,0,0,Root;Bacteria;Bacteroidota;Bacteroidia;Bacteroidales;Bacteroidaceae;Prevotella;unclassified_Prevotella
ASV0951,0,0,0,0,0,0,0,0,0,0,0,0,0,0,0,0,0,0,0,0,0,0,0,0,Root;Bacteria;Firmicutes_A;Clostridia;Lachnospirales;Lachnospiraceae;Eisenbergiella;Eisenbergiella_porci
ASV0952,0,0,0,0,0,0,0,0,0,0,0,0,0,0,0,0,0,0,0,0,0,0,0,0,Root;Bacteria;Firmicutes_A;Clostridia;Tissierellales;Peptoniphilaceae;Peptoniphilus_C;unclassified_Peptoniphilus_C
ASV0953,0,0,0,0,0,0,0,0,0,0,0,0,0,0,0,0,0,0,0,0,0,0,0,0,Root;Bacteria;Actinobacteriota;Coriobacteriia;Coriobacteriales;Eggerthellaceae;Gordonibacter;Gordonibacter_pamelaeae
ASV0954,0,0,0,0,0,0,0,0,0,0,0,0,0,0,0,0,0,0,0,0,0,0,0,0,Root;Bacteria;Bacteroidota;Bacteroidia;Bacteroidales;unclassified_Bacteroidales
ASV0955,0,0,0,0,0,0,0,0,0,0,0,0,0,0,0,0,0,0,0,0,0,0,0,0,Root;Archaea;Thermoproteota;Nitrososphaeria;Nitrososphaerales;Nitrososphaeraceae;Nitrosocosmicus;unclassified_Nitrosocosmicus
ASV0956,0,0,0,0,0,0,0,0,0,0,0,0,0,0,0,0,0,0,0,0,0,0,0,0,Root;Bacteria;Bacteroidota;Bacteroidia;Bacteroidales;Bacteroidaceae;Bacteroides;unclassified_Bacteroides
ASV0957,0,0,0,0,0,0,0,0,0,0,0,0,0,0,0,0,0,0,0,0,0,0,0,0,Root;Bacteria;Firmicutes;Bacilli;Lactobacillales;Lactobacillaceae;Lactobacillus;unclassified_Lactobacillus
ASV0958,0,0,0,0,0,0,0,0,0,0,0,0,0,0,0,0,0,0,0,0,0,0,0,0,Root;unclassified_Root
ASV0959,0,0,0,0,0,0,0,0,0,0,0,0,0,0,0,0,0,0,0,0,0,0,0,0,Root;Bacteria;Firmicutes_A;Clostridia;Tissierellales;Peptoniphilaceae;Anaerococcus;unclassified_Anaerococcus
ASV0960,0,0,0,0,0,0,0,0,0,0,0,0,0,0,0,0,0,0,0,0,0,0,0,0,Root;Bacteria;Firmicutes_A;Clostridia;Tissierellales;Peptoniphilaceae;Anaerococcus;Anaerococcus_senegalensis
ASV0961,0,0,0,0,0,0,0,0,0,0,0,0,0,0,0,0,0,0,0,0,0,0,0,0,Root;Bacteria;Fusobacteriota;Fusobacteriia;Fusobacteriales;Fusobacteriaceae;Fusobacterium;unclassified_Fusobacterium
ASV0962,0,0,0,0,0,0,0,0,0,0,0,0,0,0,0,0,0,0,0,0,0,0,0,0,Root;Bacteria;Actinobacteriota;Actinomycetia;Propionibacteriales;Propionibacteriaceae;unclassified_Propionibacteriaceae
ASV0963,0,0,0,0,0,0,0,0,0,0,0,0,0,0,0,0,0,0,0,0,0,0,0,0,Root;Bacteria;Proteobacteria;Alphaproteobacteria;Sphingomonadales;Sphingomonadaceae;Pelagerythrobacter;unclassified_Pelagerythrobacter
ASV0964,0,0,0,0,0,0,0,0,0,0,0,0,0,0,0,0,0,0,0,0,0,0,0,0,Root;Bacteria;Actinobacteriota;Coriobacteriia;Coriobacteriales;Eggerthellaceae;Slackia_A;Slackia_A_equolifaciens
ASV0965,0,0,0,0,0,0,0,0,0,0,0,0,0,0,0,0,0,0,0,0,0,0,0,0,Root;Bacteria;Firmicutes_A;Clostridia;Oscillospirales;Butyricicoccaceae;unclassified_Butyricicoccaceae
ASV0966,0,0,0,0,0,0,0,0,0,0,0,0,0,0,0,0,0,0,0,0,0,0,0,0,Root;Bacteria;Bacteroidota;Bacteroidia;Bacteroidales;Bacteroidaceae;Phocaeicola;unclassified_Phocaeicola
ASV0967,0,0,0,0,0,0,0,0,0,0,0,0,0,0,0,0,0,0,0,0,0,0,0,0,Root;Bacteria;Firmicutes_A;Clostridia;Tissierellales;Peptoniphilaceae;Finegoldia;unclassified_Finegoldia
ASV0968,0,0,0,0,0,0,0,0,0,0,0,0,0,0,0,0,0,0,0,0,0,0,0,0,Root;Bacteria;Firmicutes_A;Clostridia;Clostridiales;Clostridiaceae;Clostridium;unclassified_Clostridium
ASV0969,0,0,0,0,0,0,0,0,0,0,0,0,0,0,0,0,0,0,0,0,0,0,0,0,Root;Bacteria;Actinobacteriota;Actinomycetia;Mycobacteriales;Mycobacteriaceae;Corynebacterium;unclassified_Corynebacterium
ASV0970,0,0,0,0,0,0,0,0,0,0,0,0,0,0,0,0,0,0,0,0,0,0,0,0,Root;Bacteria;Actinobacteriota;Actinomycetia;Mycobacteriales;Mycobacteriaceae;Corynebacterium;unclassified_Corynebacterium
ASV0971,0,0,0,0,0,0,0,0,0,0,0,0,0,0,0,0,0,0,0,0,0,0,0,0,Root;Bacteria;Firmicutes_A;Clostridia;Christensenellales;CAG-552;unclassified_CAG-552
ASV0972,0,0,0,0,0,0,0,0,0,0,0,0,0,0,0,0,0,0,0,0,0,0,0,0,Root;Bacteria;unclassified_Bacteria
ASV0973,0,0,0,0,0,0,0,0,0,0,0,0,0,0,0,0,0,0,0,0,0,0,0,0,Root;Bacteria;Firmicutes;Bacilli;Lactobacillales;Lactobacillaceae;Lactiplantibacillus;unclassified_Lactiplantibacillus
ASV0974,0,0,0,0,0,0,0,0,0,0,0,0,0,0,0,0,0,0,0,0,0,0,0,0,Root;Bacteria;Proteobacteria;Alphaproteobacteria;Sphingomonadales;Sphingomonadaceae;Sphingomonas;unclassified_Sphingomonas
ASV0975,0,0,0,0,0,0,0,0,0,0,0,0,0,0,0,0,0,0,0,0,0,0,0,0,Root;Bacteria;Bacteroidota;Bacteroidia;Bacteroidales;unclassified_Bacteroidales
ASV0976,0,0,0,0,0,0,0,0,0,0,0,0,0,0,0,0,0,0,0,0,0,0,0,0,Root;Bacteria;Bacteroidota;Bacteroidia;Bacteroidales;Tannerellaceae;Parabacteroides;unclassified_Parabacteroides
ASV0977,0,0,0,0,0,0,0,0,0,0,0,0,0,0,0,0,0,0,0,0,0,0,0,0,Root;Bacteria;Bacteroidota;Bacteroidia;Bacteroidales;unclassified_Bacteroidales
ASV0978,0,0,0,0,0,0,0,0,0,0,0,0,0,0,0,0,0,0,0,0,0,0,0,0,Root;Bacteria;Actinobacteriota;Actinomycetia;Propionibacteriales;Propionibacteriaceae;Cutibacterium;Cutibacterium_avidum
ASV0979,0,0,0,0,0,0,0,0,0,0,0,0,0,0,0,0,0,0,0,0,0,0,0,0,Root;unclassified_Root
ASV0980,0,0,0,0,0,0,0,0,0,0,0,0,0,0,0,0,0,0,0,0,0,0,0,0,Root;Bacteria;Firmicutes;Bacilli;Lactobacillales;Enterococcaceae;unclassified_Enterococcaceae
ASV0981,0,0,0,0,0,0,0,0,0,0,0,0,0,0,0,0,0,0,0,0,0,0,0,0,Root;Bacteria;Firmicutes_A;Clostridia;Lachnospirales;Lachnospiraceae;unclassified_Lachnospiraceae
ASV0982,0,0,0,0,0,0,0,0,0,0,0,0,0,0,0,0,0,0,0,0,0,0,0,0,Root;Bacteria;Actinobacteriota;Actinomycetia;Actinomycetales;Microbacteriaceae;unclassified_Microbacteriaceae
ASV0983,0,0,0,0,0,0,0,0,0,0,0,0,0,0,0,0,0,0,0,0,0,0,0,0,Root;Bacteria;Bacteroidota;Bacteroidia;Sphingobacteriales;Sphingobacteriaceae;Sphingobacterium;unclassified_Sphingobacterium
ASV0984,0,0,0,0,0,0,0,0,0,0,0,0,0,0,0,0,0,0,0,0,0,0,0,0,Root;Bacteria;Actinobacteriota;Actinomycetia;Actinomycetales;Bifidobacteriaceae;Bifidobacterium;unclassified_Bifidobacterium
ASV0985,0,0,0,0,0,0,0,0,0,0,0,0,0,0,0,0,0,0,0,0,0,0,0,0,Root;Bacteria;Bacteroidota;Bacteroidia;Bacteroidales;Bacteroidaceae;Prevotella;unclassified_Prevotella
ASV0986,0,0,0,0,0,0,0,0,0,0,0,0,0,0,0,0,0,0,0,0,0,0,0,0,Root;Bacteria;Firmicutes_A;Clostridia;Tissierellales;Peptoniphilaceae;Anaerococcus;unclassified_Anaerococcus
ASV0987,0,0,0,0,0,0,0,0,0,0,0,0,0,0,0,0,0,0,0,0,0,0,0,0,Root;Bacteria;Bacteroidota;Bacteroidia;Bacteroidales;Bacteroidaceae;Prevotella;unclassified_Prevotella
ASV0988,0,0,0,0,0,0,0,0,0,0,0,0,0,0,0,0,0,0,0,0,0,0,0,0,Root;Bacteria;Proteobacteria;Alphaproteobacteria;Rhizobiales;Rhizobiaceae;Aureimonas_A;Aureimonas_A_sp001425485
ASV0989,0,0,0,0,0,0,0,0,0,0,0,0,0,0,0,0,0,0,0,0,0,0,0,0,Root;Bacteria;Bacteroidota;Bacteroidia;Bacteroidales;Bacteroidaceae;Prevotella;Prevotella_bivia
ASV0990,0,0,0,0,0,0,0,0,0,0,0,0,0,0,0,0,0,0,0,0,0,0,0,0,Root;Bacteria;Proteobacteria;Gammaproteobacteria;Xanthomonadales;Rhodanobacteraceae;Rhodanobacter;unclassified_Rhodanobacter
ASV0991,0,0,0,0,0,0,0,0,0,0,0,0,0,0,0,0,0,0,0,0,0,0,0,0,Root;Bacteria;Synergistota;Synergistia;Synergistales;Synergistaceae;Caccocola;Caccocola_sp002159945
ASV0992,0,0,0,0,0,0,0,0,0,0,0,0,0,0,0,0,0,0,0,0,0,0,0,0,Root;unclassified_Root
ASV0993,0,0,0,0,0,0,0,0,0,0,0,0,0,0,0,0,0,0,0,0,0,0,0,0,Root;Bacteria;Bacteroidota;Bacteroidia;Bacteroidales;Rikenellaceae;Rikenella;Rikenella_microfusus
ASV0994,0,0,0,0,0,0,0,0,0,0,0,0,0,0,0,0,0,0,0,0,0,0,0,0,Root;Bacteria;Bacteroidota;Bacteroidia;Bacteroidales;Bacteroidaceae;Prevotella;Prevotella_sp001552765
ASV0995,0,0,0,0,0,0,0,0,0,0,0,0,0,0,0,0,0,0,0,0,0,0,0,0,Root;Bacteria;Firmicutes;Bacilli;RF39;UBA660;unclassified_UBA660
ASV0996,0,0,0,0,0,0,0,0,0,0,0,0,0,0,0,0,0,0,0,0,0,0,0,0,Root;Bacteria;Firmicutes;Bacilli;RF39;UBA660;unclassified_UBA660
ASV0997,0,0,0,0,0,0,0,0,0,0,0,0,0,0,0,0,0,0,0,0,0,0,0,0,Root;unclassified_Root
ASV0998,0,0,0,0,0,0,0,0,0,0,0,0,0,0,0,0,0,0,0,0,0,0,0,0,Root;Bacteria;Firmicutes_A;Clostridia;Oscillospirales;Ruminococcaceae;Ruminococcus_C;unclassified_Ruminococcus_C
ASV0999,0,0,0,0,0,0,0,0,0,0,0,0,0,0,0,0,0,0,0,0,0,0,0,0,Root;Bacteria;Firmicutes;Bacilli;Lactobacillales;Lactobacillaceae;Lactobacillus;unclassified_Lactobacillus
ASV1000,0,0,0,0,0,0,0,0,0,0,0,0,0,0,0,0,0,0,0,0,0,0,0,0,Root;Bacteria;Proteobacteria;Gammaproteobacteria;Pseudomonadales;Moraxellaceae;Acinetobacter;unclassified_Acinetobacter
ASV1001,0,0,0,0,0,0,0,0,0,0,0,0,0,0,0,0,0,0,0,0,0,0,0,0,Root;Bacteria;Bacteroidota;Bacteroidia;Bacteroidales;unclassified_Bacteroidales
ASV1002,0,0,0,0,0,0,0,0,0,0,0,0,0,0,0,0,0,0,0,0,0,0,0,0,Root;Bacteria;Proteobacteria;Gammaproteobacteria;Pseudomonadales;Halomonadaceae;Halomonas;unclassified_Halomonas
ASV1003,0,0,0,0,0,0,0,0,0,0,0,0,0,0,0,0,0,0,0,0,0,0,0,0,Root;Bacteria;unclassified_Bacteria
ASV1004,0,0,0,0,0,0,0,0,0,0,0,0,0,0,0,0,0,0,0,0,0,0,0,0,Root;Bacteria;Actinobacteriota;Coriobacteriia;Coriobacteriales;Atopobiaceae;Olegusella;unclassified_Olegusella
ASV1005,0,0,0,0,0,0,0,0,0,0,0,0,0,0,0,0,0,0,0,0,0,0,0,0,Root;Bacteria;Proteobacteria;Alphaproteobacteria;Caulobacterales;Caulobacteraceae;unclassified_Caulobacteraceae
ASV1006,0,0,0,0,0,0,0,0,0,0,0,0,0,0,0,0,0,0,0,0,0,0,0,0,Root;Bacteria;Firmicutes_A;Clostridia;Peptostreptococcales;Peptostreptococcaceae;Peptostreptococcus;unclassified_Peptostreptococcus
ASV1007,0,0,0,0,0,0,0,0,0,0,0,0,0,0,0,0,0,0,0,0,0,0,0,0,Root;Bacteria;Bacteroidota;Bacteroidia;Bacteroidales;Dysgonomonadaceae;Dysgonomonas;Dysgonomonas_capnocytophagoides
ASV1008,0,0,0,0,0,0,0,0,0,0,0,0,0,0,0,0,0,0,0,0,0,0,0,0,Root;Bacteria;unclassified_Bacteria
ASV1009,0,0,0,0,0,0,0,0,0,0,0,0,0,0,0,0,0,0,0,0,0,0,0,0,Root;Bacteria;Firmicutes_C;Negativicutes;Veillonellales;Veillonellaceae;Veillonella_A;Veillonella_A_magna
ASV1010,0,0,0,0,0,0,0,0,0,0,0,0,0,0,0,0,0,0,0,0,0,0,0,0,Root;Bacteria;Firmicutes;Bacilli;unclassified_Bacilli
ASV1011,0,0,0,0,0,0,0,0,0,0,0,0,0,0,0,0,0,0,0,0,0,0,0,0,Root;Bacteria;Firmicutes;Bacilli;Lactobacillales;Lactobacillaceae;Lactobacillus;unclassified_Lactobacillus
ASV1012,0,0,0,0,0,0,0,0,0,0,0,0,0,0,0,0,0,0,0,0,0,0,0,0,Root;Bacteria;Verrucomicrobiota;Verrucomicrobiae;Pedosphaerales;unclassified_Pedosphaerales
ASV1013,0,0,0,0,0,0,0,0,0,0,0,0,0,0,0,0,0,0,0,0,0,0,0,0,Root;Bacteria;Proteobacteria;Alphaproteobacteria;Rhizobiales;Beijerinckiaceae;Methylobacterium;unclassified_Methylobacterium
ASV1014,0,0,0,0,0,0,0,0,0,0,0,0,0,0,0,0,0,0,0,0,0,0,0,0,Root;Bacteria;Firmicutes_A;Clostridia;Christensenellales;Christensenellaceae;Christensenella;Christensenella_hongkongensis
ASV1015,0,0,0,0,0,0,0,0,0,0,0,0,0,0,0,0,0,0,0,0,0,0,0,0,Root;Bacteria;Firmicutes_C;Negativicutes;Veillonellales;Veillonellaceae;unclassified_Veillonellaceae
ASV1016,0,0,0,0,0,0,0,0,0,0,0,0,0,0,0,0,0,0,0,0,0,0,0,0,Root;Bacteria;Firmicutes;Bacilli;Lactobacillales;Enterococcaceae;unclassified_Enterococcaceae
ASV1017,0,0,0,0,0,0,0,0,0,0,0,0,0,0,0,0,0,0,0,0,0,0,0,0,Root;Bacteria;Actinobacteriota;Actinomycetia;Mycobacteriales;Mycobacteriaceae;Corynebacterium;unclassified_Corynebacterium
ASV1018,0,0,0,0,0,0,0,0,0,0,0,0,0,0,0,0,0,0,0,0,0,0,0,0,Root;Bacteria;Actinobacteriota;Actinomycetia;Mycobacteriales;Mycobacteriaceae;Corynebacterium;unclassified_Corynebacterium
ASV1019,0,0,0,0,0,0,0,0,0,0,0,0,0,0,0,0,0,0,0,0,0,0,0,0,Root;Bacteria;Firmicutes_A;Clostridia;unclassified_Clostridia
ASV1020,0,0,0,0,0,0,0,0,0,0,0,0,0,0,0,0,0,0,0,0,0,0,0,0,Root;Bacteria;unclassified_Bacteria
ASV1021,0,0,0,0,0,0,0,0,0,0,0,0,0,0,0,0,0,0,0,0,0,0,0,0,Root;unclassified_Root
ASV1022,0,0,0,0,0,0,0,0,0,0,0,0,0,0,0,0,0,0,0,0,0,0,0,0,Root;Bacteria;unclassified_Bacteria
ASV1023,0,0,0,0,0,0,0,0,0,0,0,0,0,0,0,0,0,0,0,0,0,0,0,0,Root;Bacteria;unclassified_Bacteria
ASV1024,0,0,0,0,0,0,0,0,0,0,0,0,0,0,0,0,0,0,0,0,0,0,0,0,Root;Bacteria;unclassified_Bacteria
ASV1025,0,0,0,0,0,0,0,0,0,0,0,0,0,0,0,0,0,0,0,0,0,0,0,0,Root;Bacteria;unclassified_Bacteria
ASV1026,0,0,0,0,0,0,0,0,0,0,0,0,0,0,0,0,0,0,0,0,0,0,0,0,Root;Bacteria;unclassified_Bacteria
ASV1027,0,0,0,0,0,0,0,0,0,0,0,0,0,0,0,0,0,0,0,0,0,0,0,0,Root;Bacteria;Firmicutes_C;Negativicutes;Veillonellales;unclassified_Veillonellales
ASV1028,0,0,0,0,0,0,0,0,0,0,0,0,0,0,0,0,0,0,0,0,0,0,0,0,Root;Bacteria;Proteobacteria;Gammaproteobacteria;Enterobacterales;Enterobacteriaceae;unclassified_Enterobacteriaceae
ASV1029,0,0,0,0,0,0,0,0,0,0,0,0,0,0,0,0,0,0,0,0,0,0,0,0,Root;Bacteria;Firmicutes_A;Clostridia;Tissierellales;Peptoniphilaceae;Levyella;Levyella_massiliensis
ASV1030,0,0,0,0,0,0,0,0,0,0,0,0,0,0,0,0,0,0,0,0,0,0,0,0,Root;Bacteria;Actinobacteriota;Actinomycetia;Actinomycetales;Bifidobacteriaceae;unclassified_Bifidobacteriaceae
ASV1031,0,0,0,0,0,0,0,0,0,0,0,0,0,0,0,0,0,0,0,0,0,0,0,0,Root;Bacteria;unclassified_Bacteria
ASV1032,0,0,0,0,0,0,0,0,0,0,0,0,0,0,0,0,0,0,0,0,0,0,0,0,Root;Bacteria;unclassified_Bacteria
ASV1033,0,0,0,0,0,0,0,0,0,0,0,0,0,0,0,0,0,0,0,0,0,0,0,0,Root;Bacteria;Firmicutes;Bacilli;unclassified_Bacilli
ASV1034,0,0,0,0,0,0,0,0,0,0,0,0,0,0,0,0,0,0,0,0,0,0,0,0,Root;Bacteria;Firmicutes;Bacilli;unclassified_Bacilli
ASV1035,0,0,0,0,0,0,0,0,0,0,0,0,0,0,0,0,0,0,0,0,0,0,0,0,Root;Bacteria;unclassified_Bacteria
ASV1036,0,0,0,0,0,0,0,0,0,0,0,0,0,0,0,0,0,0,0,0,0,0,0,0,Root;Bacteria;Proteobacteria;Gammaproteobacteria;Burkholderiales;Burkholderiaceae;Mesosutterella;unclassified_Mesosutterella
ASV1037,0,0,0,0,0,0,0,0,0,0,0,0,0,0,0,0,0,0,0,0,0,0,0,0,Root;Bacteria;unclassified_Bacteria
ASV1038,0,0,0,0,0,0,0,0,0,0,0,0,0,0,0,0,0,0,0,0,0,0,0,0,Root;unclassified_Root
ASV1039,0,0,0,0,0,0,0,0,0,0,0,0,0,0,0,0,0,0,0,0,0,0,0,0,Root;Bacteria;unclassified_Bacteria
ASV1040,0,0,0,0,0,0,0,0,0,0,0,0,0,0,0,0,0,0,0,0,0,0,0,0,Root;Bacteria;unclassified_Bacteria
ASV1041,0,0,0,0,0,0,0,0,0,0,0,0,0,0,0,0,0,0,0,0,0,0,0,0,Root;Bacteria;unclassified_Bacteria
ASV1042,0,0,0,0,0,0,0,0,0,0,0,0,0,0,0,0,0,0,0,0,0,0,0,0,Root;Bacteria;Firmicutes_A;Clostridia;Tissierellales;Peptoniphilaceae;Levyella;Levyella_massiliensis
ASV1043,0,0,0,0,0,0,0,0,0,0,0,0,0,0,0,0,0,0,0,0,0,0,0,0,Root;Bacteria;unclassified_Bacteria
ASV1044,0,0,0,0,0,0,0,0,0,0,0,0,0,0,0,0,0,0,0,0,0,0,0,0,Root;unclassified_Root
ASV1045,0,0,0,0,0,0,0,0,0,0,0,0,0,0,0,0,0,0,0,0,0,0,0,0,Root;Bacteria;unclassified_Bacteria
ASV1046,0,0,0,0,0,0,0,0,0,0,0,0,0,0,0,0,0,0,0,0,0,0,0,0,Root;Bacteria;Firmicutes_C;Negativicutes;Veillonellales;Veillonellaceae;Veillonella;unclassified_Veillonella
ASV1047,0,0,0,0,0,0,0,0,0,0,0,0,0,0,0,0,0,0,0,0,0,0,0,0,Root;unclassified_Root
ASV1048,0,0,0,0,0,0,0,0,0,0,0,0,0,0,0,0,0,0,0,0,0,0,0,0,Root;Bacteria;unclassified_Bacteria
ASV1049,0,0,0,0,0,0,0,0,0,0,0,0,0,0,0,0,0,0,0,0,0,0,0,0,Root;Bacteria;Firmicutes;Bacilli;Lactobacillales;Streptococcaceae;Lactococcus;unclassified_Lactococcus
ASV1050,0,0,0,0,0,0,0,0,0,0,0,0,0,0,0,0,0,0,0,0,0,0,0,0,Root;Bacteria;Firmicutes;Bacilli;Lactobacillales;Enterococcaceae;unclassified_Enterococcaceae
ASV1051,0,0,0,0,0,0,0,0,0,0,0,0,0,0,0,0,0,0,0,0,0,0,0,0,Root;Bacteria;Firmicutes;Bacilli;Lactobacillales;Streptococcaceae;Streptococcus;unclassified_Streptococcus
ASV1052,0,0,0,0,0,0,0,0,0,0,0,0,0,0,0,0,0,0,0,0,0,0,0,0,Root;Bacteria;Firmicutes_C;Negativicutes;Veillonellales;Dialisteraceae;Dialister;unclassified_Dialister
ASV1053,0,0,0,0,0,0,0,0,0,0,0,0,0,0,0,0,0,0,0,0,0,0,0,0,Root;unclassified_Root
ASV1054,0,0,0,0,0,0,0,0,0,0,0,0,0,0,0,0,0,0,0,0,0,0,0,0,Root;Bacteria;unclassified_Bacteria
ASV1055,0,0,0,0,0,0,0,0,0,0,0,0,0,0,0,0,0,0,0,0,0,0,0,0,Root;Bacteria;unclassified_Bacteria
ASV1056,0,0,0,0,0,0,0,0,0,0,0,0,0,0,0,0,0,0,0,0,0,0,0,0,Root;Bacteria;unclassified_Bacteria
ASV1057,0,0,0,0,0,0,0,0,0,0,0,0,0,0,0,0,0,0,0,0,0,0,0,0,Root;Bacteria;Firmicutes;Bacilli;Lactobacillales;Streptococcaceae;Streptococcus;unclassified_Streptococcus
ASV1058,0,0,0,0,0,0,0,0,0,0,0,0,0,0,0,0,0,0,0,0,0,0,0,0,Root;Bacteria;Actinobacteriota;unclassified_Actinobacteriota
ASV1059,0,0,0,0,0,0,0,0,0,0,0,0,0,0,0,0,0,0,0,0,0,0,0,0,Root;Bacteria;unclassified_Bacteria
ASV1060,0,0,0,0,0,0,0,0,0,0,0,0,0,0,0,0,0,0,0,0,0,0,0,0,Root;unclassified_Root
ASV1061,0,0,0,0,0,0,0,0,0,0,0,0,0,0,0,0,0,0,0,0,0,0,0,0,Root;Bacteria;unclassified_Bacteria
ASV1062,0,0,0,0,0,0,0,0,0,0,0,0,0,0,0,0,0,0,0,0,0,0,0,0,Root;Bacteria;unclassified_Bacteria
ASV1063,0,0,0,0,0,0,0,0,0,0,0,0,0,0,0,0,0,0,0,0,0,0,0,0,Root;Bacteria;Firmicutes;Bacilli;Lactobacillales;Streptococcaceae;Streptococcus;unclassified_Streptococcus
ASV1064,0,0,0,0,0,0,0,0,0,0,0,0,0,0,0,0,0,0,0,0,0,0,0,0,Root;Bacteria;Bacteroidota;Bacteroidia;Bacteroidales;Bacteroidaceae;unclassified_Bacteroidaceae
ASV1065,0,0,0,0,0,0,0,0,0,0,0,0,0,0,0,0,0,0,0,0,0,0,0,0,Root;Bacteria;unclassified_Bacteria
ASV1066,0,0,0,0,0,0,0,0,0,0,0,0,0,0,0,0,0,0,0,0,0,0,0,0,Root;Bacteria;Firmicutes_A;Clostridia;Peptostreptococcales;unclassified_Peptostreptococcales
ASV1067,0,0,0,0,0,0,0,0,0,0,0,0,0,0,0,0,0,0,0,0,0,0,0,0,Root;Bacteria;Firmicutes_C;Negativicutes;Veillonellales;Dialisteraceae;Dialister;unclassified_Dialister
ASV1068,0,0,0,0,0,0,0,0,0,0,0,0,0,0,0,0,0,0,0,0,0,0,0,0,Root;Bacteria;unclassified_Bacteria
ASV1069,0,0,0,0,0,0,0,0,0,0,0,0,0,0,0,0,0,0,0,0,0,0,0,0,Root;unclassified_Root
ASV1070,0,0,0,0,0,0,0,0,0,0,0,0,0,0,0,0,0,0,0,0,0,0,0,0,Root;Bacteria;Actinobacteriota;Actinomycetia;Actinomycetales;Bifidobacteriaceae;Bifidobacterium;unclassified_Bifidobacterium
ASV1071,0,0,0,0,0,1,0,0,0,0,0,0,0,0,0,0,0,0,0,0,0,0,0,0,Root;Bacteria;Firmicutes_C;Negativicutes;Veillonellales;Veillonellaceae;Veillonella_A;unclassified_Veillonella_A
ASV1072,0,0,0,0,0,0,0,0,1,0,0,0,0,0,0,0,0,0,0,0,0,0,0,0,Root;Bacteria;Actinobacteriota;Coriobacteriia;Coriobacteriales;Coriobacteriaceae;Collinsella;unclassified_Collinsella
ASV1073,0,0,0,0,0,0,0,0,0,1,0,0,0,0,0,0,0,0,0,0,0,0,0,0,Root;Bacteria;unclassified_Bacteria
ASV1074,0,0,0,0,0,0,0,0,0,0,1,0,0,0,0,0,0,0,0,0,0,0,0,0,Root;Bacteria;unclassified_Bacteria
ASV1075,0,0,0,0,0,0,0,0,0,0,0,0,0,1,0,0,0,0,0,0,0,0,0,0,Root;unclassified_Root
ASV1076,0,0,0,0,0,0,0,0,0,0,0,0,0,0,0,0,0,0,0,0,0,0,0,0,Root;Bacteria;Actinobacteriota;Coriobacteriia;Coriobacteriales;Coriobacteriaceae;Collinsella;unclassified_Collinsella
ASV1077,0,0,0,0,0,0,0,0,0,0,0,0,0,0,0,0,0,0,0,0,0,0,0,0,Root;Bacteria;Firmicutes_A;Clostridia;Oscillospirales;Oscillospiraceae;unclassified_Oscillospiraceae
ASV1078,0,0,0,0,0,0,0,0,0,0,0,0,0,0,0,0,0,0,0,0,0,0,0,0,Root;Bacteria;Actinobacteriota;Coriobacteriia;Coriobacteriales;Coriobacteriaceae;Collinsella;unclassified_Collinsella
ASV1079,0,0,0,0,0,0,0,0,0,0,0,0,0,0,0,0,0,0,0,0,0,0,0,0,Root;Bacteria;Actinobacteriota;Coriobacteriia;Coriobacteriales;Coriobacteriaceae;Collinsella;unclassified_Collinsella
ASV1080,0,0,0,0,0,0,0,0,0,0,0,0,0,0,0,0,0,0,0,0,0,0,0,0,Root;Bacteria;Firmicutes_A;Clostridia;Lachnospirales;Lachnospiraceae;unclassified_Lachnospiraceae
ASV1081,0,0,0,0,0,0,0,0,0,0,0,0,0,0,0,0,0,0,0,0,0,0,0,0,Root;Bacteria;unclassified_Bacteria
ASV1082,0,0,0,0,0,0,0,0,0,0,0,0,0,0,0,0,0,0,0,0,0,0,0,0,Root;Bacteria;Actinobacteriota;Coriobacteriia;Coriobacteriales;Coriobacteriaceae;Collinsella;unclassified_Collinsella
ASV1083,0,0,0,0,0,0,0,0,0,0,0,0,0,0,0,0,0,0,0,0,0,0,0,0,Root;Bacteria;Firmicutes_A;Clostridia;Lachnospirales;Lachnospiraceae;Faecalimonas;Faecalimonas_phoceensis
ASV1084,0,0,0,0,0,0,0,0,0,0,0,0,0,0,0,0,0,0,0,0,0,0,0,0,Root;Bacteria;Firmicutes_C;Negativicutes;unclassified_Negativicutes
ASV1085,0,0,0,0,0,0,0,0,0,0,0,0,0,0,0,0,0,0,0,0,0,0,0,0,Root;Bacteria;Actinobacteriota;Actinomycetia;Propionibacteriales;Propionibacteriaceae;unclassified_Propionibacteriaceae
ASV1086,0,0,0,0,0,0,0,0,0,0,0,0,0,0,0,0,0,0,0,0,0,0,0,0,Root;Bacteria;Firmicutes_C;Negativicutes;Veillonellales;Veillonellaceae;Veillonella_A;Veillonella_A_magna
ASV1087,0,0,0,0,0,0,0,0,0,0,0,0,0,0,0,0,0,0,0,0,0,0,0,0,Root;Bacteria;Firmicutes_C;Negativicutes;Veillonellales;unclassified_Veillonellales
ASV1088,0,0,0,0,0,0,0,0,0,0,0,0,0,0,0,0,0,0,0,0,0,0,0,0,Root;Bacteria;Proteobacteria;Gammaproteobacteria;unclassified_Gammaproteobacteria
ASV1089,0,0,0,0,0,0,0,0,0,0,0,0,0,0,0,0,0,0,0,0,0,0,0,0,Root;Bacteria;unclassified_Bacteria
ASV1090,0,0,0,0,0,0,0,0,0,0,0,0,0,0,0,0,0,0,0,0,0,0,0,0,Root;unclassified_Root
ASV1091,0,0,0,0,0,0,0,0,0,0,0,0,0,0,0,0,0,0,0,0,0,0,0,0,Root;Bacteria;Actinobacteriota;Coriobacteriia;Coriobacteriales;Coriobacteriaceae;Collinsella;unclassified_Collinsella
ASV1092,0,0,0,0,0,0,0,0,0,0,0,0,0,0,0,0,0,0,0,0,0,0,0,0,Root;Bacteria;Firmicutes_A;Clostridia;Peptostreptococcales;unclassified_Peptostreptococcales
ASV1093,0,0,0,0,0,0,0,0,0,0,0,0,0,0,0,0,0,0,0,0,0,0,0,0,Root;Bacteria;Actinobacteriota;Coriobacteriia;Coriobacteriales;Coriobacteriaceae;Collinsella;unclassified_Collinsella
ASV1094,0,0,0,0,0,0,0,0,0,0,0,0,0,0,0,0,0,0,0,0,0,0,0,0,Root;Bacteria;unclassified_Bacteria
ASV1095,0,0,0,0,0,0,0,0,0,0,0,0,0,0,0,0,0,0,0,0,0,0,0,0,Root;Bacteria;unclassified_Bacteria
ASV1096,0,0,0,0,0,0,0,0,0,0,0,0,0,0,0,0,0,0,0,0,0,0,0,0,Root;Bacteria;unclassified_Bacteria
ASV1097,0,0,0,0,0,0,0,0,0,0,0,0,0,0,0,0,0,0,0,0,0,0,0,0,Root;unclassified_Root
ASV1098,0,0,0,0,0,0,0,0,0,0,0,0,0,0,0,0,0,0,0,0,0,0,0,0,Root;Bacteria;unclassified_Bacteria
ASV1099,0,0,0,0,0,0,0,0,0,0,0,0,0,0,0,0,0,0,0,0,0,0,0,0,Root;Bacteria;Firmicutes_A;Clostridia;Oscillospirales;Oscillospiraceae;Flavonifractor;Flavonifractor_plautii
ASV1100,0,0,0,0,0,0,0,0,0,0,0,0,0,0,0,0,0,0,0,0,0,0,0,0,Root;Bacteria;Firmicutes_C;Negativicutes;Veillonellales;Veillonellaceae;Veillonella_A;Veillonella_A_magna
ASV1101,0,0,0,0,0,0,0,0,0,0,0,0,0,0,0,0,0,0,0,0,0,0,0,0,Root;Bacteria;unclassified_Bacteria
ASV1102,0,0,0,0,0,0,0,0,0,0,0,0,0,0,0,0,0,0,0,0,0,0,0,0,Root;Bacteria;Firmicutes_A;Clostridia;Lachnospirales;Lachnospiraceae;unclassified_Lachnospiraceae
ASV1103,0,0,0,0,0,0,0,0,0,0,0,0,0,0,0,0,0,0,0,0,0,0,0,0,Root;Bacteria;Firmicutes_C;Negativicutes;Veillonellales;Veillonellaceae;Veillonella_A;unclassified_Veillonella_A
ASV1104,0,0,0,0,0,0,0,0,0,0,0,0,0,0,0,0,0,0,0,0,0,0,0,0,Root;Bacteria;Firmicutes_A;Clostridia;Lachnospirales;Lachnospiraceae;unclassified_Lachnospiraceae
ASV1105,0,0,0,0,0,0,0,0,0,0,0,0,0,0,0,0,0,0,0,0,0,0,0,0,Root;Bacteria;Proteobacteria;Gammaproteobacteria;Xanthomonadales;Xanthomonadaceae;Stenotrophomonas;unclassified_Stenotrophomonas
ASV1106,0,0,0,0,0,0,0,0,0,0,0,0,0,0,0,0,0,0,0,0,0,0,0,0,Root;Bacteria;unclassified_Bacteria
ASV1107,0,0,0,0,0,0,0,0,0,0,0,0,0,0,0,0,0,0,0,0,0,0,0,0,Root;Bacteria;Firmicutes;Bacilli;Lactobacillales;Streptococcaceae;Lactococcus;unclassified_Lactococcus
