assignment,cluster,id,name,selected,shared name,taxonomy,value
strong,0,JQ452604.1.1398,unclassified_Root,false,unclassified_Root,Root;unclassified_Root,JQ452604.1.1398
strong,0,JQ447614.1.1398,unclassified_Neisseria,false,unclassified_Neisseria,Root;Bacteria;Proteobacteria;Gammaproteobacteria;Burkholderiales;Neisseriaceae;Neisseria;unclassified_Neisseria,JQ447614.1.1398
strong,0,JQ468013.1.1397,Rothia_dentocariosa,false,Rothia_dentocariosa,Root;Bacteria;Actinobacteriota;Actinomycetia;Actinomycetales;Micrococcaceae;Rothia;Rothia_dentocariosa,JQ468013.1.1397
strong,0,HQ804994.1.1438,unclassified_Rothia,false,unclassified_Rothia,Root;Bacteria;Actinobacteriota;Actinomycetia;Actinomycetales;Micrococcaceae;Rothia;unclassified_Rothia,HQ804994.1.1438
strong,1,JF241367.1.1381,unclassified_Bacteria,false,unclassified_Bacteria,Root;Bacteria;unclassified_Bacteria,JF241367.1.1381
strong,0,JF219657.1.1381,unclassified_Actinomycetia,false,unclassified_Actinomycetia,Root;Bacteria;Actinobacteriota;Actinomycetia;unclassified_Actinomycetia,JF219657.1.1381
strong,0,GU561366.1.1374,unclassified_Leptotrichia,false,unclassified_Leptotrichia,Root;Bacteria;Fusobacteriota;Fusobacteriia;Fusobacteriales;Leptotrichiaceae;Leptotrichia;unclassified_Leptotrichia,GU561366.1.1374
strong,1,HQ780549.1.1446,unclassified_Dysosmobacter,false,unclassified_Dysosmobacter,Root;Bacteria;Firmicutes_A;Clostridia;Oscillospirales;Oscillospiraceae;Dysosmobacter;unclassified_Dysosmobacter,HQ780549.1.1446
strong,1,FJ363204.1.1363,Bacteroides_stercoris,false,Bacteroides_stercoris,Root;Bacteria;Bacteroidota;Bacteroidia;Bacteroidales;Bacteroidaceae;Bacteroides;Bacteroides_stercoris,FJ363204.1.1363
strong,0,JQ462373.1.1304,Rothia_dentocariosa,false,Rothia_dentocariosa,Root;Bacteria;Actinobacteriota;Actinomycetia;Actinomycetales;Micrococcaceae;Rothia;Rothia_dentocariosa,JQ462373.1.1304
strong,1,FM996743.1.1462,Actinomyces_graevenitzii,false,Actinomyces_graevenitzii,Root;Bacteria;Actinobacteriota;Actinomycetia;Actinomycetales;Actinomycetaceae;Actinomyces;Actinomyces_graevenitzii,FM996743.1.1462
strong,1,HQ805067.1.1470,unclassified_Gemella,false,unclassified_Gemella,Root;Bacteria;Firmicutes;Bacilli;Staphylococcales;Gemellaceae;Gemella;unclassified_Gemella,HQ805067.1.1470
strong,1,DQ341410.1.1477,unclassified_Tannerella,false,unclassified_Tannerella,Root;Bacteria;Bacteroidota;Bacteroidia;Bacteroidales;Tannerellaceae;Tannerella;unclassified_Tannerella,DQ341410.1.1477
strong,0,HM269617.1.1370,Actinomyces_sp002999235,false,Actinomyces_sp002999235,Root;Bacteria;Actinobacteriota;Actinomycetia;Actinomycetales;Actinomycetaceae;Actinomyces;Actinomyces_sp002999235,HM269617.1.1370
strong,0,JQ467044.1.1421,Centipeda_sp000315545,false,Centipeda_sp000315545,Root;Bacteria;Firmicutes_C;Negativicutes;Selenomonadales;Selenomonadaceae;Centipeda;Centipeda_sp000315545,JQ467044.1.1421
strong,0,AY282578.1.1283,Peptidiphaga_sp000466165,false,Peptidiphaga_sp000466165,Root;Bacteria;Actinobacteriota;Actinomycetia;Actinomycetales;Actinomycetaceae;Peptidiphaga;Peptidiphaga_sp000466165,AY282578.1.1283
strong,0,JQ467563.1.1401,Peptidiphaga_sp000466165,false,Peptidiphaga_sp000466165,Root;Bacteria;Actinobacteriota;Actinomycetia;Actinomycetales;Actinomycetaceae;Peptidiphaga;Peptidiphaga_sp000466165,JQ467563.1.1401
strong,1,JQ455294.1.1410,unclassified_Root,false,unclassified_Root,Root;unclassified_Root,JQ455294.1.1410
strong,1,JF139928.1.1354,unclassified_Lactobacillales,false,unclassified_Lactobacillales,Root;Bacteria;Firmicutes;Bacilli;Lactobacillales;unclassified_Lactobacillales,JF139928.1.1354
strong,1,JQ453189.1.1380,unclassified_Neisseria,false,unclassified_Neisseria,Root;Bacteria;Proteobacteria;Gammaproteobacteria;Burkholderiales;Neisseriaceae;Neisseria;unclassified_Neisseria,JQ453189.1.1380
strong,0,FJ470591.1.1499,unclassified_Pauljensenia,false,unclassified_Pauljensenia,Root;Bacteria;Actinobacteriota;Actinomycetia;Actinomycetales;Actinomycetaceae;Pauljensenia;unclassified_Pauljensenia,FJ470591.1.1499
strong,1,HQ766686.1.1437,unclassified_Haemophilus_D,false,unclassified_Haemophilus_D,Root;Bacteria;Proteobacteria;Gammaproteobacteria;Enterobacterales;Pasteurellaceae;Haemophilus_D;unclassified_Haemophilus_D,HQ766686.1.1437
strong,0,EU767381.1.1373,unclassified_Haemophilus_D,false,unclassified_Haemophilus_D,Root;Bacteria;Proteobacteria;Gammaproteobacteria;Enterobacterales;Pasteurellaceae;Haemophilus_D;unclassified_Haemophilus_D,EU767381.1.1373
strong,0,GU086178.1.1311,Leptotrichia_buccalis,false,Leptotrichia_buccalis,Root;Bacteria;Fusobacteriota;Fusobacteriia;Fusobacteriales;Leptotrichiaceae;Leptotrichia;Leptotrichia_buccalis,GU086178.1.1311
strong,0,JQ454812.1.1398,unclassified_Porphyromonas,false,unclassified_Porphyromonas,Root;Bacteria;Bacteroidota;Bacteroidia;Bacteroidales;Porphyromonadaceae;Porphyromonas;unclassified_Porphyromonas,JQ454812.1.1398
strong,0,HQ807545.1.1449,unclassified_Veillonellales,false,unclassified_Veillonellales,Root;Bacteria;Firmicutes_C;Negativicutes;Veillonellales;unclassified_Veillonellales,HQ807545.1.1449
strong,0,AF481220.1.1480,Oribacterium_sp000160135,false,Oribacterium_sp000160135,Root;Bacteria;Firmicutes_A;Clostridia;Lachnospirales;Lachnospiraceae;Oribacterium;Oribacterium_sp000160135,AF481220.1.1480
strong,0,HQ761535.1.1434,unclassified_Fusobacterium,false,unclassified_Fusobacterium,Root;Bacteria;Fusobacteriota;Fusobacteriia;Fusobacteriales;Fusobacteriaceae;Fusobacterium;unclassified_Fusobacterium,HQ761535.1.1434
strong,0,AF481207.1.1480,unclassified_Root,false,unclassified_Root,Root;unclassified_Root,AF481207.1.1480
strong,0,HE681322.1.1627,unclassified_Centipeda,false,unclassified_Centipeda,Root;Bacteria;Firmicutes_C;Negativicutes;Selenomonadales;Selenomonadaceae;Centipeda;unclassified_Centipeda,HE681322.1.1627
strong,0,JQ453043.1.1383,Rothia_dentocariosa,false,Rothia_dentocariosa,Root;Bacteria;Actinobacteriota;Actinomycetia;Actinomycetales;Micrococcaceae;Rothia;Rothia_dentocariosa,JQ453043.1.1383
strong,0,JQ450525.1.1381,Capnocytophaga_sp000466425,false,Capnocytophaga_sp000466425,Root;Bacteria;Bacteroidota;Bacteroidia;Flavobacteriales;Flavobacteriaceae;Capnocytophaga;Capnocytophaga_sp000466425,JQ450525.1.1381
strong,0,JF177522.1.1335,unclassified_Leptotrichia_A,false,unclassified_Leptotrichia_A,Root;Bacteria;Fusobacteriota;Fusobacteriia;Fusobacteriales;Leptotrichiaceae;Leptotrichia_A;unclassified_Leptotrichia_A,JF177522.1.1335
strong,1,GU227213.1.1439,unclassified_Root,false,unclassified_Root,Root;unclassified_Root,GU227213.1.1439
strong,1,JN713328.1.1506,unclassified_Root,false,unclassified_Root,Root;unclassified_Root,JN713328.1.1506
strong,1,AB182485.1.1494,Prevotella_multiformis,false,Prevotella_multiformis,Root;Bacteria;Bacteroidota;Bacteroidia;Bacteroidales;Bacteroidaceae;Prevotella;Prevotella_multiformis,AB182485.1.1494
strong,1,AY331415.1.1454,unclassified_Prevotella,false,unclassified_Prevotella,Root;Bacteria;Bacteroidota;Bacteroidia;Bacteroidales;Bacteroidaceae;Prevotella;unclassified_Prevotella,AY331415.1.1454
strong,1,JQ470760.1.1401,unclassified_Prevotella,false,unclassified_Prevotella,Root;Bacteria;Bacteroidota;Bacteroidia;Bacteroidales;Bacteroidaceae;Prevotella;unclassified_Prevotella,JQ470760.1.1401
strong,1,HQ680854.1.1393,unclassified_Haemophilus,false,unclassified_Haemophilus,Root;Bacteria;Proteobacteria;Gammaproteobacteria;Enterobacterales;Pasteurellaceae;Haemophilus;unclassified_Haemophilus,HQ680854.1.1393
strong,0,HQ890331.1.1562,unclassified_Campylobacter_A,false,unclassified_Campylobacter_A,Root;Bacteria;Campylobacterota;Campylobacteria;Campylobacterales;Campylobacteraceae;Campylobacter_A;unclassified_Campylobacter_A,HQ890331.1.1562
strong,1,AY596468.1.1492,Cardiobacterium_valvarum,false,Cardiobacterium_valvarum,Root;Bacteria;Proteobacteria;Gammaproteobacteria;Cardiobacteriales;Cardiobacteriaceae;Cardiobacterium;Cardiobacterium_valvarum,AY596468.1.1492
strong,0,FJ976418.1.1327,unclassified_Fusobacterium,false,unclassified_Fusobacterium,Root;Bacteria;Fusobacteriota;Fusobacteriia;Fusobacteriales;Fusobacteriaceae;Fusobacterium;unclassified_Fusobacterium,FJ976418.1.1327
strong,0,JQ456223.1.1382,unclassified_Porphyromonas,false,unclassified_Porphyromonas,Root;Bacteria;Bacteroidota;Bacteroidia;Bacteroidales;Porphyromonadaceae;Porphyromonas;unclassified_Porphyromonas,JQ456223.1.1382
strong,0,GU227177.1.1456,Peptidiphaga_sp000466165,false,Peptidiphaga_sp000466165,Root;Bacteria;Actinobacteriota;Actinomycetia;Actinomycetales;Actinomycetaceae;Peptidiphaga;Peptidiphaga_sp000466165,GU227177.1.1456
strong,1,AX954527.16411.17939,Streptococcus_agalactiae,false,Streptococcus_agalactiae,Root;Bacteria;Firmicutes;Bacilli;Lactobacillales;Streptococcaceae;Streptococcus;Streptococcus_agalactiae,AX954527.16411.17939
strong,1,AM990992.2181279.2182758,unclassified_Bacilli,false,unclassified_Bacilli,Root;Bacteria;Firmicutes;Bacilli;unclassified_Bacilli,AM990992.2181279.2182758
strong,0,JQ467292.1.1350,Corynebacterium_matruchotii,false,Corynebacterium_matruchotii,Root;Bacteria;Actinobacteriota;Actinomycetia;Mycobacteriales;Mycobacteriaceae;Corynebacterium;Corynebacterium_matruchotii,JQ467292.1.1350
strong,1,JQ468546.1.1400,unclassified_Porphyromonas,false,unclassified_Porphyromonas,Root;Bacteria;Bacteroidota;Bacteroidia;Bacteroidales;Porphyromonadaceae;Porphyromonas;unclassified_Porphyromonas,JQ468546.1.1400
strong,0,AJ421779.1.1522,Pauljensenia_cardiffensis,false,Pauljensenia_cardiffensis,Root;Bacteria;Actinobacteriota;Actinomycetia;Actinomycetales;Actinomycetaceae;Pauljensenia;Pauljensenia_cardiffensis,AJ421779.1.1522
strong,0,JQ452545.1.1417,Corynebacterium_matruchotii,false,Corynebacterium_matruchotii,Root;Bacteria;Actinobacteriota;Actinomycetia;Mycobacteriales;Mycobacteriaceae;Corynebacterium;Corynebacterium_matruchotii,JQ452545.1.1417
strong,0,JQ452600.1.1310,Leptotrichia_hofstadii,false,Leptotrichia_hofstadii,Root;Bacteria;Fusobacteriota;Fusobacteriia;Fusobacteriales;Leptotrichiaceae;Leptotrichia;Leptotrichia_hofstadii,JQ452600.1.1310
strong,1,EF071236.1.1410,unclassified_Faecalibacterium,false,unclassified_Faecalibacterium,Root;Bacteria;Firmicutes_A;Clostridia;Oscillospirales;Ruminococcaceae;Faecalibacterium;unclassified_Faecalibacterium,EF071236.1.1410
strong,1,AY980283.1.1354,Bacteroides_sp900761785,false,Bacteroides_sp900761785,Root;Bacteria;Bacteroidota;Bacteroidia;Bacteroidales;Bacteroidaceae;Bacteroides;Bacteroides_sp900761785,AY980283.1.1354
strong,0,JQ464095.1.1368,Leptotrichia_hongkongensis,false,Leptotrichia_hongkongensis,Root;Bacteria;Fusobacteriota;Fusobacteriia;Fusobacteriales;Leptotrichiaceae;Leptotrichia;Leptotrichia_hongkongensis,JQ464095.1.1368
strong,0,JQ456698.1.1395,unclassified_Veillonella,false,unclassified_Veillonella,Root;Bacteria;Firmicutes_C;Negativicutes;Veillonellales;Veillonellaceae;Veillonella;unclassified_Veillonella,JQ456698.1.1395
strong,1,JQ478147.1.1397,Prevotella_marshii,false,Prevotella_marshii,Root;Bacteria;Bacteroidota;Bacteroidia;Bacteroidales;Bacteroidaceae;Prevotella;Prevotella_marshii,JQ478147.1.1397
strong,0,HQ775013.1.1449,Prevotella_nigrescens,false,Prevotella_nigrescens,Root;Bacteria;Bacteroidota;Bacteroidia;Bacteroidales;Bacteroidaceae;Prevotella;Prevotella_nigrescens,HQ775013.1.1449
strong,1,EU185432.1.1376,Haemophilus_seminalis,false,Haemophilus_seminalis,Root;Bacteria;Proteobacteria;Gammaproteobacteria;Enterobacterales;Pasteurellaceae;Haemophilus;Haemophilus_seminalis,EU185432.1.1376
strong,0,JQ448099.1.1406,unclassified_Root,false,unclassified_Root,Root;unclassified_Root,JQ448099.1.1406
strong,0,JQ447633.1.1398,Kingella_B_oralis,false,Kingella_B_oralis,Root;Bacteria;Proteobacteria;Gammaproteobacteria;Burkholderiales;Neisseriaceae;Kingella_B;Kingella_B_oralis,JQ447633.1.1398
strong,1,GQ011154.1.1359,unclassified_Root,false,unclassified_Root,Root;unclassified_Root,GQ011154.1.1359
strong,1,JQ449530.1.1397,unclassified_Root,false,unclassified_Root,Root;unclassified_Root,JQ449530.1.1397
strong,1,JN379053.1.1485,unclassified_Parvimonas,false,unclassified_Parvimonas,Root;Bacteria;Firmicutes_A;Clostridia;Tissierellales;Peptoniphilaceae;Parvimonas;unclassified_Parvimonas,JN379053.1.1485
strong,1,JQ457721.1.1392,unclassified_Bacteria,false,unclassified_Bacteria,Root;Bacteria;unclassified_Bacteria,JQ457721.1.1392
strong,1,JQ451964.1.1414,unclassified_Porphyromonas,false,unclassified_Porphyromonas,Root;Bacteria;Bacteroidota;Bacteroidia;Bacteroidales;Porphyromonadaceae;Porphyromonas;unclassified_Porphyromonas,JQ451964.1.1414
strong,1,AY349381.1.1530,unclassified_Neisseriaceae,false,unclassified_Neisseriaceae,Root;Bacteria;Proteobacteria;Gammaproteobacteria;Burkholderiales;Neisseriaceae;unclassified_Neisseriaceae,AY349381.1.1530
strong,1,DQ806057.1.1389,unclassified_Faecalibacterium,false,unclassified_Faecalibacterium,Root;Bacteria;Firmicutes_A;Clostridia;Oscillospirales;Ruminococcaceae;Faecalibacterium;unclassified_Faecalibacterium,DQ806057.1.1389
strong,0,AGDV01000021.419013.420545,Treponema_B_denticola,false,Treponema_B_denticola,Root;Bacteria;Spirochaetota;Spirochaetia;Treponematales;Treponemataceae;Treponema_B;Treponema_B_denticola,AGDV01000021.419013.420545
strong,1,JQ447642.1.1395,unclassified_Porphyromonas,false,unclassified_Porphyromonas,Root;Bacteria;Bacteroidota;Bacteroidia;Bacteroidales;Porphyromonadaceae;Porphyromonas;unclassified_Porphyromonas,JQ447642.1.1395
strong,1,JF142142.1.1370,unclassified_Lactobacillales,false,unclassified_Lactobacillales,Root;Bacteria;Firmicutes;Bacilli;Lactobacillales;unclassified_Lactobacillales,JF142142.1.1370
strong,1,AGZS01000006.219616.221143,Scardovia_wiggsiae,false,Scardovia_wiggsiae,Root;Bacteria;Actinobacteriota;Actinomycetia;Actinomycetales;Bifidobacteriaceae;Scardovia;Scardovia_wiggsiae,AGZS01000006.219616.221143
strong,1,JQ452129.1.1342,Actinomyces_gerencseriae,false,Actinomyces_gerencseriae,Root;Bacteria;Actinobacteriota;Actinomycetia;Actinomycetales;Actinomycetaceae;Actinomyces;Actinomyces_gerencseriae,JQ452129.1.1342
strong,1,DQ003615.1.1445,unclassified_Root,false,unclassified_Root,Root;unclassified_Root,DQ003615.1.1445
strong,0,GM884236.1.1496,Treponema_C_maltophilum,false,Treponema_C_maltophilum,Root;Bacteria;Spirochaetota;Spirochaetia;Treponematales;Treponemataceae;Treponema_C;Treponema_C_maltophilum,GM884236.1.1496
strong,0,JF220976.1.1376,unclassified_Gemella,false,unclassified_Gemella,Root;Bacteria;Firmicutes;Bacilli;Staphylococcales;Gemellaceae;Gemella;unclassified_Gemella,JF220976.1.1376
strong,1,JQ467015.1.1402,unclassified_Haemophilus_D,false,unclassified_Haemophilus_D,Root;Bacteria;Proteobacteria;Gammaproteobacteria;Enterobacterales;Pasteurellaceae;Haemophilus_D;unclassified_Haemophilus_D,JQ467015.1.1402
strong,0,JQ456231.1.1256,unclassified_Haemophilus_D,false,unclassified_Haemophilus_D,Root;Bacteria;Proteobacteria;Gammaproteobacteria;Enterobacterales;Pasteurellaceae;Haemophilus_D;unclassified_Haemophilus_D,JQ456231.1.1256
strong,0,KF444249.1.1337,Fusobacterium_animalis,false,Fusobacterium_animalis,Root;Bacteria;Fusobacteriota;Fusobacteriia;Fusobacteriales;Fusobacteriaceae;Fusobacterium;Fusobacterium_animalis,KF444249.1.1337
strong,1,JQ455491.1.1361,Actinomyces_johnsonii,false,Actinomyces_johnsonii,Root;Bacteria;Actinobacteriota;Actinomycetia;Actinomycetales;Actinomycetaceae;Actinomyces;Actinomyces_johnsonii,JQ455491.1.1361
strong,0,GQ007787.1.1346,Rothia_aeria,false,Rothia_aeria,Root;Bacteria;Actinobacteriota;Actinomycetia;Actinomycetales;Micrococcaceae;Rothia;Rothia_aeria,GQ007787.1.1346
strong,1,JQ476891.1.1391,unclassified_Capnocytophaga,false,unclassified_Capnocytophaga,Root;Bacteria;Bacteroidota;Bacteroidia;Flavobacteriales;Flavobacteriaceae;Capnocytophaga;unclassified_Capnocytophaga,JQ476891.1.1391
strong,0,JQ451834.1.1300,unclassified_Capnocytophaga,false,unclassified_Capnocytophaga,Root;Bacteria;Bacteroidota;Bacteroidia;Flavobacteriales;Flavobacteriaceae;Capnocytophaga;unclassified_Capnocytophaga,JQ451834.1.1300
strong,1,GQ025667.1.1361,Prevotella_pallens,false,Prevotella_pallens,Root;Bacteria;Bacteroidota;Bacteroidia;Bacteroidales;Bacteroidaceae;Prevotella;Prevotella_pallens,GQ025667.1.1361
strong,0,JQ456217.1.1331,Lautropia_mirabilis,false,Lautropia_mirabilis,Root;Bacteria;Proteobacteria;Gammaproteobacteria;Burkholderiales;Burkholderiaceae;Lautropia;Lautropia_mirabilis,JQ456217.1.1331
strong,0,JN175349.1.1416,Neisseria_elongata,false,Neisseria_elongata,Root;Bacteria;Proteobacteria;Gammaproteobacteria;Burkholderiales;Neisseriaceae;Neisseria;Neisseria_elongata,JN175349.1.1416
strong,1,AY944134.1.1453,Prevotella_koreensis,false,Prevotella_koreensis,Root;Bacteria;Bacteroidota;Bacteroidia;Bacteroidales;Bacteroidaceae;Prevotella;Prevotella_koreensis,AY944134.1.1453
strong,1,EU663606.1.1455,Prevotella_koreensis,false,Prevotella_koreensis,Root;Bacteria;Bacteroidota;Bacteroidia;Bacteroidales;Bacteroidaceae;Prevotella;Prevotella_koreensis,EU663606.1.1455
strong,1,JF058250.1.1351,Haemophilus_A_sputorum,false,Haemophilus_A_sputorum,Root;Bacteria;Proteobacteria;Gammaproteobacteria;Enterobacterales;Pasteurellaceae;Haemophilus_A;Haemophilus_A_sputorum,JF058250.1.1351
strong,1,GQ007910.1.1347,unclassified_Root,false,unclassified_Root,Root;unclassified_Root,GQ007910.1.1347
strong,1,JX993435.1.1404,Streptococcus_anginosus_C,false,Streptococcus_anginosus_C,Root;Bacteria;Firmicutes;Bacilli;Lactobacillales;Streptococcaceae;Streptococcus;Streptococcus_anginosus_C,JX993435.1.1404
strong,0,JF192767.1.1359,Prevotella_sp018127805,false,Prevotella_sp018127805,Root;Bacteria;Bacteroidota;Bacteroidia;Bacteroidales;Bacteroidaceae;Prevotella;Prevotella_sp018127805,JF192767.1.1359
strong,0,GU940721.1.1398,unclassified_Actinomyces,false,unclassified_Actinomyces,Root;Bacteria;Actinobacteriota;Actinomycetia;Actinomycetales;Actinomycetaceae;Actinomyces;unclassified_Actinomyces,GU940721.1.1398
strong,0,DQ003627.1.1460,unclassified_Centipeda,false,unclassified_Centipeda,Root;Bacteria;Firmicutes_C;Negativicutes;Selenomonadales;Selenomonadaceae;Centipeda;unclassified_Centipeda,DQ003627.1.1460
strong,0,JQ471193.1.1440,unclassified_Haemophilus,false,unclassified_Haemophilus,Root;Bacteria;Proteobacteria;Gammaproteobacteria;Enterobacterales;Pasteurellaceae;Haemophilus;unclassified_Haemophilus,JQ471193.1.1440
strong,0,JQ452067.1.1395,unclassified_Pasteurellaceae,false,unclassified_Pasteurellaceae,Root;Bacteria;Proteobacteria;Gammaproteobacteria;Enterobacterales;Pasteurellaceae;unclassified_Pasteurellaceae,JQ452067.1.1395
strong,0,ATFN01000012.285381.286903,Prevotella_oralis,false,Prevotella_oralis,Root;Bacteria;Bacteroidota;Bacteroidia;Bacteroidales;Bacteroidaceae;Prevotella;Prevotella_oralis,ATFN01000012.285381.286903
strong,0,DQ012296.1.1485,Capnocytophaga_bilenii,false,Capnocytophaga_bilenii,Root;Bacteria;Bacteroidota;Bacteroidia;Flavobacteriales;Flavobacteriaceae;Capnocytophaga;Capnocytophaga_bilenii,DQ012296.1.1485
strong,1,HM021549.1.1459,unclassified_Streptococcus,false,unclassified_Streptococcus,Root;Bacteria;Firmicutes;Bacilli;Lactobacillales;Streptococcaceae;Streptococcus;unclassified_Streptococcus,HM021549.1.1459
strong,0,JF150501.1.1356,unclassified_Fusobacterium,false,unclassified_Fusobacterium,Root;Bacteria;Fusobacteriota;Fusobacteriia;Fusobacteriales;Fusobacteriaceae;Fusobacterium;unclassified_Fusobacterium,JF150501.1.1356
strong,0,FJ204241.1.1419,Treponema_medium,false,Treponema_medium,Root;Bacteria;Spirochaetota;Spirochaetia;Treponematales;Treponemataceae;Treponema;Treponema_medium,FJ204241.1.1419
strong,1,JF131062.1.1361,Haemophilus_A_parahaemolyticus,false,Haemophilus_A_parahaemolyticus,Root;Bacteria;Proteobacteria;Gammaproteobacteria;Enterobacterales;Pasteurellaceae;Haemophilus_A;Haemophilus_A_parahaemolyticus,JF131062.1.1361
strong,0,FM997621.1.1433,Alloprevotella_tannerae,false,Alloprevotella_tannerae,Root;Bacteria;Bacteroidota;Bacteroidia;Bacteroidales;Bacteroidaceae;Alloprevotella;Alloprevotella_tannerae,FM997621.1.1433
strong,1,AY850110.1.1382,Dialister_micraerophilus,false,Dialister_micraerophilus,Root;Bacteria;Firmicutes_C;Negativicutes;Veillonellales;Dialisteraceae;Dialister;Dialister_micraerophilus,AY850110.1.1382
strong,1,HQ792937.1.1430,Phocaeicola_coprocola,false,Phocaeicola_coprocola,Root;Bacteria;Bacteroidota;Bacteroidia;Bacteroidales;Bacteroidaceae;Phocaeicola;Phocaeicola_coprocola,HQ792937.1.1430
strong,1,EU772975.1.1380,Phocaeicola_massiliensis,false,Phocaeicola_massiliensis,Root;Bacteria;Bacteroidota;Bacteroidia;Bacteroidales;Bacteroidaceae;Phocaeicola;Phocaeicola_massiliensis,EU772975.1.1380
strong,0,HQ774970.1.1472,Selenomonas_sputigena,false,Selenomonas_sputigena,Root;Bacteria;Firmicutes_C;Negativicutes;Selenomonadales;Selenomonadaceae;Selenomonas;Selenomonas_sputigena,HQ774970.1.1472
strong,1,FM997525.1.1430,Porphyromonas_catoniae,false,Porphyromonas_catoniae,Root;Bacteria;Bacteroidota;Bacteroidia;Bacteroidales;Porphyromonadaceae;Porphyromonas;Porphyromonas_catoniae,FM997525.1.1430
strong,1,JF148184.1.1360,unclassified_Porphyromonas,false,unclassified_Porphyromonas,Root;Bacteria;Bacteroidota;Bacteroidia;Bacteroidales;Porphyromonadaceae;Porphyromonas;unclassified_Porphyromonas,JF148184.1.1360
strong,1,BAAV01001391.255.1549,Mitsuokella_multacida,false,Mitsuokella_multacida,Root;Bacteria;Firmicutes_C;Negativicutes;Selenomonadales;Selenomonadaceae;Mitsuokella;Mitsuokella_multacida,BAAV01001391.255.1549
strong,1,HM557329.1.1373,unclassified_Ralstonia,false,unclassified_Ralstonia,Root;Bacteria;Proteobacteria;Gammaproteobacteria;Burkholderiales;Burkholderiaceae;Ralstonia;unclassified_Ralstonia,HM557329.1.1373
strong,0,JQ473014.1.1405,unclassified_Treponema,false,unclassified_Treponema,Root;Bacteria;Spirochaetota;Spirochaetia;Treponematales;Treponemataceae;Treponema;unclassified_Treponema,JQ473014.1.1405
strong,0,AFZF02000009.131503.133019,Peptoanaerobacter_stomatis,false,Peptoanaerobacter_stomatis,Root;Bacteria;Firmicutes_A;Clostridia;Peptostreptococcales;Filifactoraceae;Peptoanaerobacter;Peptoanaerobacter_stomatis,AFZF02000009.131503.133019
strong,1,EU467709.1.1380,Bacteroides_stercoris,false,Bacteroides_stercoris,Root;Bacteria;Bacteroidota;Bacteroidia;Bacteroidales;Bacteroidaceae;Bacteroides;Bacteroides_stercoris,EU467709.1.1380
strong,1,EU772886.1.1397,Bacteroides_stercoris,false,Bacteroides_stercoris,Root;Bacteria;Bacteroidota;Bacteroidia;Bacteroidales;Bacteroidaceae;Bacteroides;Bacteroides_stercoris,EU772886.1.1397
strong,1,JQ475367.1.1393,unclassified_Burkholderiaceae,false,unclassified_Burkholderiaceae,Root;Bacteria;Proteobacteria;Gammaproteobacteria;Burkholderiales;Burkholderiaceae;unclassified_Burkholderiaceae,JQ475367.1.1393
strong,0,JQ475289.1.1383,Johnsonella_ignava,false,Johnsonella_ignava,Root;Bacteria;Firmicutes_A;Clostridia;Lachnospirales;Lachnospiraceae;Johnsonella;Johnsonella_ignava,JQ475289.1.1383
strong,1,JQ474189.1.1410,unclassified_Treponema,false,unclassified_Treponema,Root;Bacteria;Spirochaetota;Spirochaetia;Treponematales;Treponemataceae;Treponema;unclassified_Treponema,JQ474189.1.1410
strong,0,JF134772.1.1333,Leptotrichia_A_sp001274535,false,Leptotrichia_A_sp001274535,Root;Bacteria;Fusobacteriota;Fusobacteriia;Fusobacteriales;Leptotrichiaceae;Leptotrichia_A;Leptotrichia_A_sp001274535,JF134772.1.1333
strong,0,JQ467119.1.1385,unclassified_Porphyromonas,false,unclassified_Porphyromonas,Root;Bacteria;Bacteroidota;Bacteroidia;Bacteroidales;Porphyromonadaceae;Porphyromonas;unclassified_Porphyromonas,JQ467119.1.1385
strong,1,JQ476717.1.1384,unclassified_Stomatobaculum,false,unclassified_Stomatobaculum,Root;Bacteria;Firmicutes_A;Clostridia;Lachnospirales;Lachnospiraceae;Stomatobaculum;unclassified_Stomatobaculum,JQ476717.1.1384
strong,1,HM303837.1.1381,Centipeda_sp000315545,false,Centipeda_sp000315545,Root;Bacteria;Firmicutes_C;Negativicutes;Selenomonadales;Selenomonadaceae;Centipeda;Centipeda_sp000315545,HM303837.1.1381
strong,0,DQ003618.1.1465,unclassified_Root,false,unclassified_Root,Root;unclassified_Root,DQ003618.1.1465
strong,1,AF287808.1.1408,unclassified_Root,false,unclassified_Root,Root;unclassified_Root,AF287808.1.1408
strong,1,JQ460182.1.1421,unclassified_Veillonella,false,unclassified_Veillonella,Root;Bacteria;Firmicutes_C;Negativicutes;Veillonellales;Veillonellaceae;Veillonella;unclassified_Veillonella,JQ460182.1.1421
strong,1,JQ462419.1.1392,unclassified_Capnocytophaga,false,unclassified_Capnocytophaga,Root;Bacteria;Bacteroidota;Bacteroidia;Flavobacteriales;Flavobacteriaceae;Capnocytophaga;unclassified_Capnocytophaga,JQ462419.1.1392
strong,1,EU706241.1.1234,Comamonas_acidovorans,false,Comamonas_acidovorans,Root;Bacteria;Proteobacteria;Gammaproteobacteria;Burkholderiales;Burkholderiaceae;Comamonas;Comamonas_acidovorans,EU706241.1.1234
strong,1,GU731299.1.1390,unclassified_Comamonas,false,unclassified_Comamonas,Root;Bacteria;Proteobacteria;Gammaproteobacteria;Burkholderiales;Burkholderiaceae;Comamonas;unclassified_Comamonas,GU731299.1.1390
strong,0,JX548443.1.1478,Eubacterium_B_infirmum,false,Eubacterium_B_infirmum,Root;Bacteria;Firmicutes_A;Clostridia;Peptostreptococcales;Anaerovoracaceae;Eubacterium_B;Eubacterium_B_infirmum,JX548443.1.1478
strong,0,JQ475732.1.1417,unclassified_Streptococcus,false,unclassified_Streptococcus,Root;Bacteria;Firmicutes;Bacilli;Lactobacillales;Streptococcaceae;Streptococcus;unclassified_Streptococcus,JQ475732.1.1417
strong,0,JQ452802.1.1368,unclassified_Actinomyces,false,unclassified_Actinomyces,Root;Bacteria;Actinobacteriota;Actinomycetia;Actinomycetales;Actinomycetaceae;Actinomyces;unclassified_Actinomyces,JQ452802.1.1368
strong,1,JF241304.1.1372,unclassified_Bacilli,false,unclassified_Bacilli,Root;Bacteria;Firmicutes;Bacilli;unclassified_Bacilli,JF241304.1.1372
strong,1,JF186440.1.1371,Granulicatella_elegans,false,Granulicatella_elegans,Root;Bacteria;Firmicutes;Bacilli;Lactobacillales;Aerococcaceae;Granulicatella;Granulicatella_elegans,JF186440.1.1371
strong,1,HG799936.1.1448,unclassified_Root,false,unclassified_Root,Root;unclassified_Root,HG799936.1.1448
strong,1,JF071157.1.1362,unclassified_Haemophilus_D,false,unclassified_Haemophilus_D,Root;Bacteria;Proteobacteria;Gammaproteobacteria;Enterobacterales;Pasteurellaceae;Haemophilus_D;unclassified_Haemophilus_D,JF071157.1.1362
strong,0,JQ466159.1.1285,unclassified_Fusobacterium,false,unclassified_Fusobacterium,Root;Bacteria;Fusobacteriota;Fusobacteriia;Fusobacteriales;Fusobacteriaceae;Fusobacterium;unclassified_Fusobacterium,JQ466159.1.1285
strong,1,HQ742926.1.1451,Haemophilus_A_parahaemolyticus,false,Haemophilus_A_parahaemolyticus,Root;Bacteria;Proteobacteria;Gammaproteobacteria;Enterobacterales;Pasteurellaceae;Haemophilus_A;Haemophilus_A_parahaemolyticus,HQ742926.1.1451
strong,0,JQ467996.1.1398,Kingella_B_oralis,false,Kingella_B_oralis,Root;Bacteria;Proteobacteria;Gammaproteobacteria;Burkholderiales;Neisseriaceae;Kingella_B;Kingella_B_oralis,JQ467996.1.1398
strong,0,JQ474287.1.1402,unclassified_Root,false,unclassified_Root,Root;unclassified_Root,JQ474287.1.1402
strong,1,HQ794984.1.1445,unclassified_Bacteroidaceae,false,unclassified_Bacteroidaceae,Root;Bacteria;Bacteroidota;Bacteroidia;Bacteroidales;Bacteroidaceae;unclassified_Bacteroidaceae,HQ794984.1.1445
strong,0,JF117747.1.1361,unclassified_Haemophilus,false,unclassified_Haemophilus,Root;Bacteria;Proteobacteria;Gammaproteobacteria;Enterobacterales;Pasteurellaceae;Haemophilus;unclassified_Haemophilus,JF117747.1.1361
strong,1,JQ452521.1.1351,Capnocytophaga_granulosa,false,Capnocytophaga_granulosa,Root;Bacteria;Bacteroidota;Bacteroidia;Flavobacteriales;Flavobacteriaceae;Capnocytophaga;Capnocytophaga_granulosa,JQ452521.1.1351
strong,1,DQ795720.1.1389,Alistipes_putredinis,false,Alistipes_putredinis,Root;Bacteria;Bacteroidota;Bacteroidia;Bacteroidales;Rikenellaceae;Alistipes;Alistipes_putredinis,DQ795720.1.1389
strong,1,JF177614.1.1334,Leptotrichia_A_sp000469505,false,Leptotrichia_A_sp000469505,Root;Bacteria;Fusobacteriota;Fusobacteriia;Fusobacteriales;Leptotrichiaceae;Leptotrichia_A;Leptotrichia_A_sp000469505,JF177614.1.1334
strong,1,FJ557775.1.1343,Prevotella_sp000163055,false,Prevotella_sp000163055,Root;Bacteria;Bacteroidota;Bacteroidia;Bacteroidales;Bacteroidaceae;Prevotella;Prevotella_sp000163055,FJ557775.1.1343
strong,0,JQ452617.1.1368,unclassified_Root,false,unclassified_Root,Root;unclassified_Root,JQ452617.1.1368
strong,1,JQ455502.1.1378,Rothia_dentocariosa,false,Rothia_dentocariosa,Root;Bacteria;Actinobacteriota;Actinomycetia;Actinomycetales;Micrococcaceae;Rothia;Rothia_dentocariosa,JQ455502.1.1378
strong,1,JF142042.1.1362,JABCPE02_sp013333255,false,JABCPE02_sp013333255,Root;Bacteria;Bacteroidota;Bacteroidia;Flavobacteriales;Weeksellaceae;JABCPE02;JABCPE02_sp013333255,JF142042.1.1362
strong,0,JF089480.1.1367,unclassified_Streptococcus,false,unclassified_Streptococcus,Root;Bacteria;Firmicutes;Bacilli;Lactobacillales;Streptococcaceae;Streptococcus;unclassified_Streptococcus,JF089480.1.1367
strong,1,EU775986.1.1401,Phocaeicola_massiliensis,false,Phocaeicola_massiliensis,Root;Bacteria;Bacteroidota;Bacteroidia;Bacteroidales;Bacteroidaceae;Phocaeicola;Phocaeicola_massiliensis,EU775986.1.1401
strong,0,JQ468007.1.1403,Selenomonas_sputigena,false,Selenomonas_sputigena,Root;Bacteria;Firmicutes_C;Negativicutes;Selenomonadales;Selenomonadaceae;Selenomonas;Selenomonas_sputigena,JQ468007.1.1403
strong,1,JF041547.1.1366,unclassified_Neisseria,false,unclassified_Neisseria,Root;Bacteria;Proteobacteria;Gammaproteobacteria;Burkholderiales;Neisseriaceae;Neisseria;unclassified_Neisseria,JF041547.1.1366
strong,1,JF189593.1.1367,unclassified_Streptococcus,false,unclassified_Streptococcus,Root;Bacteria;Firmicutes;Bacilli;Lactobacillales;Streptococcaceae;Streptococcus;unclassified_Streptococcus,JF189593.1.1367
strong,1,CP000767.1788521.1790233,Campylobacter_A_curvus,false,Campylobacter_A_curvus,Root;Bacteria;Campylobacterota;Campylobacteria;Campylobacterales;Campylobacteraceae;Campylobacter_A;Campylobacter_A_curvus,CP000767.1788521.1790233
strong,0,GQ112919.1.1367,unclassified_Lactobacillales,false,unclassified_Lactobacillales,Root;Bacteria;Firmicutes;Bacilli;Lactobacillales;unclassified_Lactobacillales,GQ112919.1.1367
strong,1,GQ091776.1.1369,unclassified_Bacteria,false,unclassified_Bacteria,Root;Bacteria;unclassified_Bacteria,GQ091776.1.1369
strong,1,EU765878.1.1370,unclassified_Phocaeicola,false,unclassified_Phocaeicola,Root;Bacteria;Bacteroidota;Bacteroidia;Bacteroidales;Bacteroidaceae;Phocaeicola;unclassified_Phocaeicola,EU765878.1.1370
strong,1,EF403362.1.1491,Phocaeicola_vulgatus,false,Phocaeicola_vulgatus,Root;Bacteria;Bacteroidota;Bacteroidia;Bacteroidales;Bacteroidaceae;Phocaeicola;Phocaeicola_vulgatus,EF403362.1.1491
strong,0,AM420246.1.1424,unclassified_Centipeda,false,unclassified_Centipeda,Root;Bacteria;Firmicutes_C;Negativicutes;Selenomonadales;Selenomonadaceae;Centipeda;unclassified_Centipeda,AM420246.1.1424
strong,1,HE681353.1.1530,Filifactor_alocis,false,Filifactor_alocis,Root;Bacteria;Firmicutes_A;Clostridia;Peptostreptococcales;Filifactoraceae;Filifactor;Filifactor_alocis,HE681353.1.1530
strong,1,HM332295.1.1333,JABCPH02_sp013333235,false,JABCPH02_sp013333235,Root;Bacteria;Fusobacteriota;Fusobacteriia;Fusobacteriales;Leptotrichiaceae;JABCPH02;JABCPH02_sp013333235,HM332295.1.1333
strong,1,ADCY02000026.1167.2697,Simonsiella_muelleri,false,Simonsiella_muelleri,Root;Bacteria;Proteobacteria;Gammaproteobacteria;Burkholderiales;Neisseriaceae;Simonsiella;Simonsiella_muelleri,ADCY02000026.1167.2697
strong,1,DQ797008.1.1389,unclassified_Lachnospiraceae,false,unclassified_Lachnospiraceae,Root;Bacteria;Firmicutes_A;Clostridia;Lachnospirales;Lachnospiraceae;unclassified_Lachnospiraceae,DQ797008.1.1389
strong,1,AY916224.1.1350,unclassified_CAG-83,false,unclassified_CAG-83,Root;Bacteria;Firmicutes_A;Clostridia;Oscillospirales;Oscillospiraceae;CAG-83;unclassified_CAG-83,AY916224.1.1350
strong,0,FJ976421.1.1352,Lautropia_mirabilis,false,Lautropia_mirabilis,Root;Bacteria;Proteobacteria;Gammaproteobacteria;Burkholderiales;Burkholderiaceae;Lautropia;Lautropia_mirabilis,FJ976421.1.1352
strong,1,FJ370476.1.1379,Enterocloster_bolteae,false,Enterocloster_bolteae,Root;Bacteria;Firmicutes_A;Clostridia;Lachnospirales;Lachnospiraceae;Enterocloster;Enterocloster_bolteae,FJ370476.1.1379
strong,1,EU762361.1.1358,Flavonifractor_plautii,false,Flavonifractor_plautii,Root;Bacteria;Firmicutes_A;Clostridia;Oscillospirales;Oscillospiraceae;Flavonifractor;Flavonifractor_plautii,EU762361.1.1358
strong,1,JQ474634.1.1404,Treponema_D_pectinovorum,false,Treponema_D_pectinovorum,Root;Bacteria;Spirochaetota;Spirochaetia;Treponematales;Treponemataceae;Treponema_D;Treponema_D_pectinovorum,JQ474634.1.1404
strong,1,AF385557.1.1477,unclassified_Lachnoanaerobaculum,false,unclassified_Lachnoanaerobaculum,Root;Bacteria;Firmicutes_A;Clostridia;Lachnospirales;Lachnospiraceae;Lachnoanaerobaculum;unclassified_Lachnoanaerobaculum,AF385557.1.1477
strong,1,JF146357.1.1369,unclassified_Streptococcus,false,unclassified_Streptococcus,Root;Bacteria;Firmicutes;Bacilli;Lactobacillales;Streptococcaceae;Streptococcus;unclassified_Streptococcus,JF146357.1.1369
strong,1,AY349368.1.1507,unclassified_Root,false,unclassified_Root,Root;unclassified_Root,AY349368.1.1507
strong,1,AB355609.1.1399,Streptococcus_anginosus,false,Streptococcus_anginosus,Root;Bacteria;Firmicutes;Bacilli;Lactobacillales;Streptococcaceae;Streptococcus;Streptococcus_anginosus,AB355609.1.1399
strong,0,JF106956.1.1362,Neisseria_sp000090875,false,Neisseria_sp000090875,Root;Bacteria;Proteobacteria;Gammaproteobacteria;Burkholderiales;Neisseriaceae;Neisseria;Neisseria_sp000090875,JF106956.1.1362
strong,1,JQ459838.1.1398,Actinomyces_graevenitzii,false,Actinomyces_graevenitzii,Root;Bacteria;Actinobacteriota;Actinomycetia;Actinomycetales;Actinomycetaceae;Actinomyces;Actinomyces_graevenitzii,JQ459838.1.1398
strong,1,JF117968.1.1349,Oribacterium_asaccharolyticum,false,Oribacterium_asaccharolyticum,Root;Bacteria;Firmicutes_A;Clostridia;Lachnospirales;Lachnospiraceae;Oribacterium;Oribacterium_asaccharolyticum,JF117968.1.1349
strong,0,JQ471759.1.1379,unclassified_Root,false,unclassified_Root,Root;unclassified_Root,JQ471759.1.1379
strong,1,AM420099.1.1238,unclassified_Root,false,unclassified_Root,Root;unclassified_Root,AM420099.1.1238
strong,1,JQ447739.1.1416,unclassified_Centipeda,false,unclassified_Centipeda,Root;Bacteria;Firmicutes_C;Negativicutes;Selenomonadales;Selenomonadaceae;Centipeda;unclassified_Centipeda,JQ447739.1.1416
strong,0,JQ464053.1.1368,unclassified_Leptotrichia,false,unclassified_Leptotrichia,Root;Bacteria;Fusobacteriota;Fusobacteriia;Fusobacteriales;Leptotrichiaceae;Leptotrichia;unclassified_Leptotrichia,JQ464053.1.1368
strong,1,JQ467877.1.1383,unclassified_Root,false,unclassified_Root,Root;unclassified_Root,JQ467877.1.1383
strong,0,JQ451250.1.1415,unclassified_Eikenella,false,unclassified_Eikenella,Root;Bacteria;Proteobacteria;Gammaproteobacteria;Burkholderiales;Neisseriaceae;Eikenella;unclassified_Eikenella,JQ451250.1.1415
strong,0,JQ472564.1.1391,F0058_sp000163695,false,F0058_sp000163695,Root;Bacteria;Bacteroidota;Bacteroidia;Bacteroidales;Paludibacteraceae;F0058;F0058_sp000163695,JQ472564.1.1391
strong,0,JQ460198.1.1393,Prevotella_salivae,false,Prevotella_salivae,Root;Bacteria;Bacteroidota;Bacteroidia;Bacteroidales;Bacteroidaceae;Prevotella;Prevotella_salivae,JQ460198.1.1393
strong,1,JQ460715.1.1414,unclassified_Streptococcus,false,unclassified_Streptococcus,Root;Bacteria;Firmicutes;Bacilli;Lactobacillales;Streptococcaceae;Streptococcus;unclassified_Streptococcus,JQ460715.1.1414
strong,1,GQ037346.1.1385,Veillonella_rogosae,false,Veillonella_rogosae,Root;Bacteria;Firmicutes_C;Negativicutes;Veillonellales;Veillonellaceae;Veillonella;Veillonella_rogosae,GQ037346.1.1385
strong,1,JQ452107.1.1327,unclassified_Centipeda,false,unclassified_Centipeda,Root;Bacteria;Firmicutes_C;Negativicutes;Selenomonadales;Selenomonadaceae;Centipeda;unclassified_Centipeda,JQ452107.1.1327
strong,1,CP001682.12849.14352,Cryptobacterium_curtum,false,Cryptobacterium_curtum,Root;Bacteria;Actinobacteriota;Coriobacteriia;Coriobacteriales;Eggerthellaceae;Cryptobacterium;Cryptobacterium_curtum,CP001682.12849.14352
strong,1,JQ452830.1.1354,Rothia_dentocariosa,false,Rothia_dentocariosa,Root;Bacteria;Actinobacteriota;Actinomycetia;Actinomycetales;Micrococcaceae;Rothia;Rothia_dentocariosa,JQ452830.1.1354
strong,1,AF385556.1.1494,unclassified_Catonella,false,unclassified_Catonella,Root;Bacteria;Firmicutes_A;Clostridia;Lachnospirales;Lachnospiraceae;Catonella;unclassified_Catonella,AF385556.1.1494
strong,0,JQ467817.1.1406,Prevotella_oris,false,Prevotella_oris,Root;Bacteria;Bacteroidota;Bacteroidia;Bacteroidales;Bacteroidaceae;Prevotella;Prevotella_oris,JQ467817.1.1406
strong,0,JQ452710.1.1324,unclassified_Rothia,false,unclassified_Rothia,Root;Bacteria;Actinobacteriota;Actinomycetia;Actinomycetales;Micrococcaceae;Rothia;unclassified_Rothia,JQ452710.1.1324
strong,0,FM996759.1.1460,Prevotella_oris,false,Prevotella_oris,Root;Bacteria;Bacteroidota;Bacteroidia;Bacteroidales;Bacteroidaceae;Prevotella;Prevotella_oris,FM996759.1.1460
strong,0,JQ478192.1.1373,unclassified_Fusobacterium,false,unclassified_Fusobacterium,Root;Bacteria;Fusobacteriota;Fusobacteriia;Fusobacteriales;Fusobacteriaceae;Fusobacterium;unclassified_Fusobacterium,JQ478192.1.1373
strong,0,FJ470422.1.1476,unclassified_Fusobacterium,false,unclassified_Fusobacterium,Root;Bacteria;Fusobacteriota;Fusobacteriia;Fusobacteriales;Fusobacteriaceae;Fusobacterium;unclassified_Fusobacterium,FJ470422.1.1476
strong,0,FJ470467.1.1477,unclassified_Leptotrichia,false,unclassified_Leptotrichia,Root;Bacteria;Fusobacteriota;Fusobacteriia;Fusobacteriales;Leptotrichiaceae;Leptotrichia;unclassified_Leptotrichia,FJ470467.1.1477
strong,1,JQ456320.1.1335,Rothia_aeria,false,Rothia_aeria,Root;Bacteria;Actinobacteriota;Actinomycetia;Actinomycetales;Micrococcaceae;Rothia;Rothia_aeria,JQ456320.1.1335
strong,1,JX048244.1.1393,unclassified_Bacteroides,false,unclassified_Bacteroides,Root;Bacteria;Bacteroidota;Bacteroidia;Bacteroidales;Bacteroidaceae;Bacteroides;unclassified_Bacteroides,JX048244.1.1393
strong,1,AY976005.1.1361,Parabacteroides_merdae,false,Parabacteroides_merdae,Root;Bacteria;Bacteroidota;Bacteroidia;Bacteroidales;Tannerellaceae;Parabacteroides;Parabacteroides_merdae,AY976005.1.1361
strong,1,JF089542.1.1348,Rothia_aeria,false,Rothia_aeria,Root;Bacteria;Actinobacteriota;Actinomycetia;Actinomycetales;Micrococcaceae;Rothia;Rothia_aeria,JF089542.1.1348
strong,1,JF198642.1.1348,Rothia_aeria,false,Rothia_aeria,Root;Bacteria;Actinobacteriota;Actinomycetia;Actinomycetales;Micrococcaceae;Rothia;Rothia_aeria,JF198642.1.1348
strong,1,GU374045.1.1513,unclassified_Streptococcus,false,unclassified_Streptococcus,Root;Bacteria;Firmicutes;Bacilli;Lactobacillales;Streptococcaceae;Streptococcus;unclassified_Streptococcus,GU374045.1.1513
strong,1,JF141846.1.1344,unclassified_Corynebacterium,false,unclassified_Corynebacterium,Root;Bacteria;Actinobacteriota;Actinomycetia;Mycobacteriales;Mycobacteriaceae;Corynebacterium;unclassified_Corynebacterium,JF141846.1.1344
strong,0,JQ448443.1.1413,unclassified_Granulicatella,false,unclassified_Granulicatella,Root;Bacteria;Firmicutes;Bacilli;Lactobacillales;Aerococcaceae;Granulicatella;unclassified_Granulicatella,JQ448443.1.1413
strong,0,AXNV01000069.49.1299,unclassified_Fusobacterium,false,unclassified_Fusobacterium,Root;Bacteria;Fusobacteriota;Fusobacteriia;Fusobacteriales;Fusobacteriaceae;Fusobacterium;unclassified_Fusobacterium,AXNV01000069.49.1299
strong,1,JQ449392.1.1397,Prevotella_sp000257925,false,Prevotella_sp000257925,Root;Bacteria;Bacteroidota;Bacteroidia;Bacteroidales;Bacteroidaceae;Prevotella;Prevotella_sp000257925,JQ449392.1.1397
strong,0,AF201978.1.1370,Leptotrichia_hofstadii,false,Leptotrichia_hofstadii,Root;Bacteria;Fusobacteriota;Fusobacteriia;Fusobacteriales;Leptotrichiaceae;Leptotrichia;Leptotrichia_hofstadii,AF201978.1.1370
strong,1,JQ453510.1.1363,unclassified_Root,false,unclassified_Root,Root;unclassified_Root,JQ453510.1.1363
strong,0,JQ471026.1.1395,unclassified_Eikenella,false,unclassified_Eikenella,Root;Bacteria;Proteobacteria;Gammaproteobacteria;Burkholderiales;Neisseriaceae;Eikenella;unclassified_Eikenella,JQ471026.1.1395
strong,0,JQ467967.1.1380,unclassified_Capnocytophaga,false,unclassified_Capnocytophaga,Root;Bacteria;Bacteroidota;Bacteroidia;Flavobacteriales;Flavobacteriaceae;Capnocytophaga;unclassified_Capnocytophaga,JQ467967.1.1380
strong,0,AF285117.1.1447,Arachnia_propionica,false,Arachnia_propionica,Root;Bacteria;Actinobacteriota;Actinomycetia;Propionibacteriales;Propionibacteriaceae;Arachnia;Arachnia_propionica,AF285117.1.1447
strong,1,JX010943.1.1435,CAJPSE01_sp003860125,false,CAJPSE01_sp003860125,Root;Bacteria;Synergistota;Synergistia;Synergistales;Aminobacteriaceae;CAJPSE01;CAJPSE01_sp003860125,JX010943.1.1435
strong,0,HE681264.1.1643,Selenomonas_sputigena,false,Selenomonas_sputigena,Root;Bacteria;Firmicutes_C;Negativicutes;Selenomonadales;Selenomonadaceae;Selenomonas;Selenomonas_sputigena,HE681264.1.1643
strong,1,JQ452503.1.1385,unclassified_Pasteurellaceae,false,unclassified_Pasteurellaceae,Root;Bacteria;Proteobacteria;Gammaproteobacteria;Enterobacterales;Pasteurellaceae;unclassified_Pasteurellaceae,JQ452503.1.1385
strong,1,AY959127.1.1545,unclassified_Lactobacillus,false,unclassified_Lactobacillus,Root;Bacteria;Firmicutes;Bacilli;Lactobacillales;Lactobacillaceae;Lactobacillus;unclassified_Lactobacillus,AY959127.1.1545
strong,1,HG800468.1.1200,Lactobacillus_acidophilus,false,Lactobacillus_acidophilus,Root;Bacteria;Firmicutes;Bacilli;Lactobacillales;Lactobacillaceae;Lactobacillus;Lactobacillus_acidophilus,HG800468.1.1200
strong,1,JQ452465.1.1368,unclassified_Leptotrichia,false,unclassified_Leptotrichia,Root;Bacteria;Fusobacteriota;Fusobacteriia;Fusobacteriales;Leptotrichiaceae;Leptotrichia;unclassified_Leptotrichia,JQ452465.1.1368
strong,1,JQ712529.1.1355,unclassified_Neisseria,false,unclassified_Neisseria,Root;Bacteria;Proteobacteria;Gammaproteobacteria;Burkholderiales;Neisseriaceae;Neisseria;unclassified_Neisseria,JQ712529.1.1355
strong,0,JQ451051.1.1370,unclassified_Bacteroidia,false,unclassified_Bacteroidia,Root;Bacteria;Bacteroidota;Bacteroidia;unclassified_Bacteroidia,JQ451051.1.1370
strong,1,FJ470501.1.1496,unclassified_Root,false,unclassified_Root,Root;unclassified_Root,FJ470501.1.1496
strong,0,FJ982973.1.1482,Olsenella_uli,false,Olsenella_uli,Root;Bacteria;Actinobacteriota;Coriobacteriia;Coriobacteriales;Atopobiaceae;Olsenella;Olsenella_uli,FJ982973.1.1482
strong,0,JQ459733.1.1395,unclassified_Veillonella,false,unclassified_Veillonella,Root;Bacteria;Firmicutes_C;Negativicutes;Veillonellales;Veillonellaceae;Veillonella;unclassified_Veillonella,JQ459733.1.1395
strong,1,JQ461032.1.1398,Prevotella_histicola,false,Prevotella_histicola,Root;Bacteria;Bacteroidota;Bacteroidia;Bacteroidales;Bacteroidaceae;Prevotella;Prevotella_histicola,JQ461032.1.1398
strong,0,JQ463832.1.1395,unclassified_Prevotella,false,unclassified_Prevotella,Root;Bacteria;Bacteroidota;Bacteroidia;Bacteroidales;Bacteroidaceae;Prevotella;unclassified_Prevotella,JQ463832.1.1395
strong,1,JF148200.1.1342,Capnocytophaga_sp002999135,false,Capnocytophaga_sp002999135,Root;Bacteria;Bacteroidota;Bacteroidia;Flavobacteriales;Flavobacteriaceae;Capnocytophaga;Capnocytophaga_sp002999135,JF148200.1.1342
strong,1,HM255858.1.1357,Alloprevotella_sp900095835,false,Alloprevotella_sp900095835,Root;Bacteria;Bacteroidota;Bacteroidia;Bacteroidales;Bacteroidaceae;Alloprevotella;Alloprevotella_sp900095835,HM255858.1.1357
strong,0,JQ072793.1.1400,unclassified_Root,false,unclassified_Root,Root;unclassified_Root,JQ072793.1.1400
strong,1,JF023891.1.1327,unclassified_Staphylococcus,false,unclassified_Staphylococcus,Root;Bacteria;Firmicutes;Bacilli;Staphylococcales;Staphylococcaceae;Staphylococcus;unclassified_Staphylococcus,JF023891.1.1327
strong,1,AJ289173.1.1446,unclassified_Root,false,unclassified_Root,Root;unclassified_Root,AJ289173.1.1446
strong,1,FJ505183.1.1387,Prevotella_intermedia,false,Prevotella_intermedia,Root;Bacteria;Bacteroidota;Bacteroidia;Bacteroidales;Bacteroidaceae;Prevotella;Prevotella_intermedia,FJ505183.1.1387
strong,1,JQ460128.1.1386,unclassified_Bacteroidaceae,false,unclassified_Bacteroidaceae,Root;Bacteria;Bacteroidota;Bacteroidia;Bacteroidales;Bacteroidaceae;unclassified_Bacteroidaceae,JQ460128.1.1386
strong,1,JQ462645.1.1392,unclassified_Capnocytophaga,false,unclassified_Capnocytophaga,Root;Bacteria;Bacteroidota;Bacteroidia;Flavobacteriales;Flavobacteriaceae;Capnocytophaga;unclassified_Capnocytophaga,JQ462645.1.1392
strong,0,JQ456132.1.1407,unclassified_Bacteria,false,unclassified_Bacteria,Root;Bacteria;unclassified_Bacteria,JQ456132.1.1407
strong,0,JF105817.1.1333,Lancefieldella_rimae,false,Lancefieldella_rimae,Root;Bacteria;Actinobacteriota;Coriobacteriia;Coriobacteriales;Atopobiaceae;Lancefieldella;Lancefieldella_rimae,JF105817.1.1333
strong,0,JQ455623.1.1405,unclassified_Root,false,unclassified_Root,Root;unclassified_Root,JQ455623.1.1405
strong,0,FM997674.1.1430,Alloprevotella_sp003639005,false,Alloprevotella_sp003639005,Root;Bacteria;Bacteroidota;Bacteroidia;Bacteroidales;Bacteroidaceae;Alloprevotella;Alloprevotella_sp003639005,FM997674.1.1430
strong,0,HQ813265.1.1435,Parvimonas_micra,false,Parvimonas_micra,Root;Bacteria;Firmicutes_A;Clostridia;Tissierellales;Peptoniphilaceae;Parvimonas;Parvimonas_micra,HQ813265.1.1435
strong,1,U13039.1.1496,Eubacterium_B_infirmum,false,Eubacterium_B_infirmum,Root;Bacteria;Firmicutes_A;Clostridia;Peptostreptococcales;Anaerovoracaceae;Eubacterium_B;Eubacterium_B_infirmum,U13039.1.1496
strong,1,AB114256.1.1414,unclassified_Clostridium,false,unclassified_Clostridium,Root;Bacteria;Firmicutes_A;Clostridia;Clostridiales;Clostridiaceae;Clostridium;unclassified_Clostridium,AB114256.1.1414
strong,0,EU775648.1.1303,unclassified_Streptococcus,false,unclassified_Streptococcus,Root;Bacteria;Firmicutes;Bacilli;Lactobacillales;Streptococcaceae;Streptococcus;unclassified_Streptococcus,EU775648.1.1303
strong,1,HQ681980.1.1394,Diaphorobacter_nitroreducens,false,Diaphorobacter_nitroreducens,Root;Bacteria;Proteobacteria;Gammaproteobacteria;Burkholderiales;Burkholderiaceae;Diaphorobacter;Diaphorobacter_nitroreducens,HQ681980.1.1394
strong,0,CP002390.719678.721200,Filifactor_alocis,false,Filifactor_alocis,Root;Bacteria;Firmicutes_A;Clostridia;Peptostreptococcales;Filifactoraceae;Filifactor;Filifactor_alocis,CP002390.719678.721200
strong,0,JQ464583.1.1260,unclassified_Lachnoanaerobaculum,false,unclassified_Lachnoanaerobaculum,Root;Bacteria;Firmicutes_A;Clostridia;Lachnospirales;Lachnospiraceae;Lachnoanaerobaculum;unclassified_Lachnoanaerobaculum,JQ464583.1.1260
strong,0,JQ468003.1.1391,unclassified_Capnocytophaga,false,unclassified_Capnocytophaga,Root;Bacteria;Bacteroidota;Bacteroidia;Flavobacteriales;Flavobacteriaceae;Capnocytophaga;unclassified_Capnocytophaga,JQ468003.1.1391
strong,0,JQ453535.1.1340,unclassified_Capnocytophaga,false,unclassified_Capnocytophaga,Root;Bacteria;Bacteroidota;Bacteroidia;Flavobacteriales;Flavobacteriaceae;Capnocytophaga;unclassified_Capnocytophaga,JQ453535.1.1340
strong,0,JQ456184.1.1331,Corynebacterium_durum,false,Corynebacterium_durum,Root;Bacteria;Actinobacteriota;Actinomycetia;Mycobacteriales;Mycobacteriaceae;Corynebacterium;Corynebacterium_durum,JQ456184.1.1331
strong,0,JQ468640.1.1349,Saccharimonas_sp905373835,false,Saccharimonas_sp905373835,Root;Bacteria;Patescibacteria;Saccharimonadia;Saccharimonadales;Saccharimonadaceae;Saccharimonas;Saccharimonas_sp905373835,JQ468640.1.1349
strong,1,KC677617.1.1481,unclassified_Bradyrhizobium,false,unclassified_Bradyrhizobium,Root;Bacteria;Proteobacteria;Alphaproteobacteria;Rhizobiales;Xanthobacteraceae;Bradyrhizobium;unclassified_Bradyrhizobium,KC677617.1.1481
strong,1,AB639140.1.1432,Lancefieldella_parvula,false,Lancefieldella_parvula,Root;Bacteria;Actinobacteriota;Coriobacteriia;Coriobacteriales;Atopobiaceae;Lancefieldella;Lancefieldella_parvula,AB639140.1.1432
strong,1,HQ616378.1.1270,Centipeda_sp000315545,false,Centipeda_sp000315545,Root;Bacteria;Firmicutes_C;Negativicutes;Selenomonadales;Selenomonadaceae;Centipeda;Centipeda_sp000315545,HQ616378.1.1270
strong,1,FJ470414.1.1528,unclassified_Veillonellales,false,unclassified_Veillonellales,Root;Bacteria;Firmicutes_C;Negativicutes;Veillonellales;unclassified_Veillonellales,FJ470414.1.1528
strong,1,JQ475612.1.1415,unclassified_Centipeda,false,unclassified_Centipeda,Root;Bacteria;Firmicutes_C;Negativicutes;Selenomonadales;Selenomonadaceae;Centipeda;unclassified_Centipeda,JQ475612.1.1415
strong,0,GZ223358.1.1493,Prevotella_denticola,false,Prevotella_denticola,Root;Bacteria;Bacteroidota;Bacteroidia;Bacteroidales;Bacteroidaceae;Prevotella;Prevotella_denticola,GZ223358.1.1493
strong,0,JQ468465.1.1385,Rothia_dentocariosa,false,Rothia_dentocariosa,Root;Bacteria;Actinobacteriota;Actinomycetia;Actinomycetales;Micrococcaceae;Rothia;Rothia_dentocariosa,JQ468465.1.1385
strong,0,JQ463863.1.1350,unclassified_Actinomyces,false,unclassified_Actinomyces,Root;Bacteria;Actinobacteriota;Actinomycetia;Actinomycetales;Actinomycetaceae;Actinomyces;unclassified_Actinomyces,JQ463863.1.1350
strong,0,JQ467407.1.1370,unclassified_Root,false,unclassified_Root,Root;unclassified_Root,JQ467407.1.1370
strong,0,JQ451948.1.1388,unclassified_Capnocytophaga,false,unclassified_Capnocytophaga,Root;Bacteria;Bacteroidota;Bacteroidia;Flavobacteriales;Flavobacteriaceae;Capnocytophaga;unclassified_Capnocytophaga,JQ451948.1.1388
strong,0,JQ454705.1.1394,unclassified_Capnocytophaga,false,unclassified_Capnocytophaga,Root;Bacteria;Bacteroidota;Bacteroidia;Flavobacteriales;Flavobacteriaceae;Capnocytophaga;unclassified_Capnocytophaga,JQ454705.1.1394
strong,0,GU561421.1.1427,Aggregatibacter_segnis,false,Aggregatibacter_segnis,Root;Bacteria;Proteobacteria;Gammaproteobacteria;Enterobacterales;Pasteurellaceae;Aggregatibacter;Aggregatibacter_segnis,GU561421.1.1427
strong,0,ATCI01000003.3713.5218,unclassified_Capnocytophaga,false,unclassified_Capnocytophaga,Root;Bacteria;Bacteroidota;Bacteroidia;Flavobacteriales;Flavobacteriaceae;Capnocytophaga;unclassified_Capnocytophaga,ATCI01000003.3713.5218
strong,0,JQ476837.1.1392,unclassified_Root,false,unclassified_Root,Root;unclassified_Root,JQ476837.1.1392
strong,1,EF679189.1.1505,unclassified_Bacteria,false,unclassified_Bacteria,Root;Bacteria;unclassified_Bacteria,EF679189.1.1505
strong,1,AGXT01000001.2.1241,Bacteroides_ovatus,false,Bacteroides_ovatus,Root;Bacteria;Bacteroidota;Bacteroidia;Bacteroidales;Bacteroidaceae;Bacteroides;Bacteroides_ovatus,AGXT01000001.2.1241
strong,1,EU768425.1.1355,Bacteroides_ovatus,false,Bacteroides_ovatus,Root;Bacteria;Bacteroidota;Bacteroidia;Bacteroidales;Bacteroidaceae;Bacteroides;Bacteroides_ovatus,EU768425.1.1355
strong,1,JQ456394.1.1359,Alloprevotella_sp900095835,false,Alloprevotella_sp900095835,Root;Bacteria;Bacteroidota;Bacteroidia;Bacteroidales;Bacteroidaceae;Alloprevotella;Alloprevotella_sp900095835,JQ456394.1.1359
strong,0,EU432416.1.1359,Alloprevotella_sp900095835,false,Alloprevotella_sp900095835,Root;Bacteria;Bacteroidota;Bacteroidia;Bacteroidales;Bacteroidaceae;Alloprevotella;Alloprevotella_sp900095835,EU432416.1.1359
strong,0,HM258797.1.1375,Abiotrophia_defectiva,false,Abiotrophia_defectiva,Root;Bacteria;Firmicutes;Bacilli;Lactobacillales;Aerococcaceae;Abiotrophia;Abiotrophia_defectiva,HM258797.1.1375
strong,1,JF189563.1.1375,unclassified_Aerococcaceae,false,unclassified_Aerococcaceae,Root;Bacteria;Firmicutes;Bacilli;Lactobacillales;Aerococcaceae;unclassified_Aerococcaceae,JF189563.1.1375
strong,0,FJ976372.1.1351,unclassified_Root,false,unclassified_Root,Root;unclassified_Root,FJ976372.1.1351
strong,1,JF146210.1.1369,unclassified_Lactobacillales,false,unclassified_Lactobacillales,Root;Bacteria;Firmicutes;Bacilli;Lactobacillales;unclassified_Lactobacillales,JF146210.1.1369
strong,0,JQ451787.1.1399,Corynebacterium_matruchotii,false,Corynebacterium_matruchotii,Root;Bacteria;Actinobacteriota;Actinomycetia;Mycobacteriales;Mycobacteriaceae;Corynebacterium;Corynebacterium_matruchotii,JQ451787.1.1399
strong,1,JQ452462.1.1238,Capnocytophaga_endodontalis,false,Capnocytophaga_endodontalis,Root;Bacteria;Bacteroidota;Bacteroidia;Flavobacteriales;Flavobacteriaceae;Capnocytophaga;Capnocytophaga_endodontalis,JQ452462.1.1238
strong,1,JQ467142.1.1299,Parvimonas_sp000214475,false,Parvimonas_sp000214475,Root;Bacteria;Firmicutes_A;Clostridia;Tissierellales;Peptoniphilaceae;Parvimonas;Parvimonas_sp000214475,JQ467142.1.1299
strong,0,JQ451282.1.1368,HOT-345_sp003260355,false,HOT-345_sp003260355,Root;Bacteria;Patescibacteria;JAEDAM01;Absconditabacterales;X112;HOT-345;HOT-345_sp003260355,JQ451282.1.1368
strong,0,HM840615.1.1355,Johnsonella_sp900766185,false,Johnsonella_sp900766185,Root;Bacteria;Firmicutes_A;Clostridia;Lachnospirales;Lachnospiraceae;Johnsonella;Johnsonella_sp900766185,HM840615.1.1355
strong,1,HQ775782.1.1450,unclassified_Pasteurellaceae,false,unclassified_Pasteurellaceae,Root;Bacteria;Proteobacteria;Gammaproteobacteria;Enterobacterales;Pasteurellaceae;unclassified_Pasteurellaceae,HQ775782.1.1450
strong,0,JF142842.1.1376,unclassified_Gemella,false,unclassified_Gemella,Root;Bacteria;Firmicutes;Bacilli;Staphylococcales;Gemellaceae;Gemella;unclassified_Gemella,JF142842.1.1376
strong,0,FJ976298.1.1352,W11650_sp002999035,false,W11650_sp002999035,Root;Bacteria;Firmicutes_A;Clostridia;Lachnospirales;Vallitaleaceae;W11650;W11650_sp002999035,FJ976298.1.1352
strong,1,DQ798116.1.1389,unclassified_Lachnospiraceae,false,unclassified_Lachnospiraceae,Root;Bacteria;Firmicutes_A;Clostridia;Lachnospirales;Lachnospiraceae;unclassified_Lachnospiraceae,DQ798116.1.1389
strong,1,JQ460144.1.1407,unclassified_Prevotella,false,unclassified_Prevotella,Root;Bacteria;Bacteroidota;Bacteroidia;Bacteroidales;Bacteroidaceae;Prevotella;unclassified_Prevotella,JQ460144.1.1407
strong,0,FJ470442.1.1491,unclassified_Centipeda,false,unclassified_Centipeda,Root;Bacteria;Firmicutes_C;Negativicutes;Selenomonadales;Selenomonadaceae;Centipeda;unclassified_Centipeda,FJ470442.1.1491
strong,1,AM420255.1.1205,unclassified_Prevotella,false,unclassified_Prevotella,Root;Bacteria;Bacteroidota;Bacteroidia;Bacteroidales;Bacteroidaceae;Prevotella;unclassified_Prevotella,AM420255.1.1205
strong,0,JQ466076.1.1330,unclassified_Campylobacter_A,false,unclassified_Campylobacter_A,Root;Bacteria;Campylobacterota;Campylobacteria;Campylobacterales;Campylobacteraceae;Campylobacter_A;unclassified_Campylobacter_A,JQ466076.1.1330
strong,0,JQ473916.1.1409,unclassified_Actinomyces,false,unclassified_Actinomyces,Root;Bacteria;Actinobacteriota;Actinomycetia;Actinomycetales;Actinomycetaceae;Actinomyces;unclassified_Actinomyces,JQ473916.1.1409
strong,1,JQ460952.1.1398,unclassified_Root,false,unclassified_Root,Root;unclassified_Root,JQ460952.1.1398
strong,1,JQ453445.1.1411,unclassified_Neisseria,false,unclassified_Neisseria,Root;Bacteria;Proteobacteria;Gammaproteobacteria;Burkholderiales;Neisseriaceae;Neisseria;unclassified_Neisseria,JQ453445.1.1411
strong,1,JQ449267.1.1375,unclassified_Campylobacteraceae,false,unclassified_Campylobacteraceae,Root;Bacteria;Campylobacterota;Campylobacteria;Campylobacterales;Campylobacteraceae;unclassified_Campylobacteraceae,JQ449267.1.1375
strong,0,AF385494.1.1501,unclassified_Bacteroidia,false,unclassified_Bacteroidia,Root;Bacteria;Bacteroidota;Bacteroidia;unclassified_Bacteroidia,AF385494.1.1501
strong,1,EF509096.1.1462,Bulleidia_extructa,false,Bulleidia_extructa,Root;Bacteria;Firmicutes;Bacilli;Erysipelotrichales;Erysipelotrichaceae;Bulleidia;Bulleidia_extructa,EF509096.1.1462
strong,1,JQ467950.1.1436,Allisonella_pneumosintes,false,Allisonella_pneumosintes,Root;Bacteria;Firmicutes_C;Negativicutes;Veillonellales;Dialisteraceae;Allisonella;Allisonella_pneumosintes,JQ467950.1.1436
strong,1,JQ454235.1.1442,unclassified_Actinomyces,false,unclassified_Actinomyces,Root;Bacteria;Actinobacteriota;Actinomycetia;Actinomycetales;Actinomycetaceae;Actinomyces;unclassified_Actinomyces,JQ454235.1.1442
strong,1,JQ452602.1.1388,unclassified_Porphyromonas,false,unclassified_Porphyromonas,Root;Bacteria;Bacteroidota;Bacteroidia;Bacteroidales;Porphyromonadaceae;Porphyromonas;unclassified_Porphyromonas,JQ452602.1.1388
strong,0,JQ473934.1.1322,unclassified_Capnocytophaga,false,unclassified_Capnocytophaga,Root;Bacteria;Bacteroidota;Bacteroidia;Flavobacteriales;Flavobacteriaceae;Capnocytophaga;unclassified_Capnocytophaga,JQ473934.1.1322
strong,1,APCF01000172.2485.4022,Desulfobulbus_oralis,false,Desulfobulbus_oralis,Root;Bacteria;Desulfobacterota;Desulfobulbia;Desulfobulbales;Desulfobulbaceae;Desulfobulbus;Desulfobulbus_oralis,APCF01000172.2485.4022
strong,1,APVK01000098.3358.4834,Flexilinea_sp001717545,false,Flexilinea_sp001717545,Root;Bacteria;Chloroflexota;Anaerolineae;Anaerolineales;Anaerolineaceae;Flexilinea;Flexilinea_sp001717545,APVK01000098.3358.4834
strong,0,JQ475394.1.1428,unclassified_Treponema,false,unclassified_Treponema,Root;Bacteria;Spirochaetota;Spirochaetia;Treponematales;Treponemataceae;Treponema;unclassified_Treponema,JQ475394.1.1428
strong,1,JN867258.1.1326,unclassified_Prevotella,false,unclassified_Prevotella,Root;Bacteria;Bacteroidota;Bacteroidia;Bacteroidales;Bacteroidaceae;Prevotella;unclassified_Prevotella,JN867258.1.1326
strong,1,JQ460386.1.1400,Nanosynbacter_sp007845355,false,Nanosynbacter_sp007845355,Root;Bacteria;Patescibacteria;Saccharimonadia;Saccharimonadales;Nanosynbacteraceae;Nanosynbacter;Nanosynbacter_sp007845355,JQ460386.1.1400
strong,0,JQ470946.1.1394,Tannerella_sp002890585,false,Tannerella_sp002890585,Root;Bacteria;Bacteroidota;Bacteroidia;Bacteroidales;Tannerellaceae;Tannerella;Tannerella_sp002890585,JQ470946.1.1394
strong,1,GU413690.1.1212,unclassified_Veillonella,false,unclassified_Veillonella,Root;Bacteria;Firmicutes_C;Negativicutes;Veillonellales;Veillonellaceae;Veillonella;unclassified_Veillonella,GU413690.1.1212
strong,0,JQ452430.1.1385,unclassified_Actinomyces,false,unclassified_Actinomyces,Root;Bacteria;Actinobacteriota;Actinomycetia;Actinomycetales;Actinomycetaceae;Actinomyces;unclassified_Actinomyces,JQ452430.1.1385
strong,1,HQ743718.1.1468,unclassified_Dialister,false,unclassified_Dialister,Root;Bacteria;Firmicutes_C;Negativicutes;Veillonellales;Dialisteraceae;Dialister;unclassified_Dialister,HQ743718.1.1468
strong,0,AB547696.1.1280,Prevotella_nigrescens,false,Prevotella_nigrescens,Root;Bacteria;Bacteroidota;Bacteroidia;Bacteroidales;Bacteroidaceae;Prevotella;Prevotella_nigrescens,AB547696.1.1280
strong,1,JF133250.1.1372,unclassified_Bacilli,false,unclassified_Bacilli,Root;Bacteria;Firmicutes;Bacilli;unclassified_Bacilli,JF133250.1.1372
strong,1,JF189706.1.1349,unclassified_Oribacterium,false,unclassified_Oribacterium,Root;Bacteria;Firmicutes_A;Clostridia;Lachnospirales;Lachnospiraceae;Oribacterium;unclassified_Oribacterium,JF189706.1.1349
strong,1,AY349379.1.1524,unclassified_Root,false,unclassified_Root,Root;unclassified_Root,AY349379.1.1524
strong,0,JQ450291.1.1417,unclassified_Actinomyces,false,unclassified_Actinomyces,Root;Bacteria;Actinobacteriota;Actinomycetia;Actinomycetales;Actinomycetaceae;Actinomyces;unclassified_Actinomyces,JQ450291.1.1417
strong,0,JQ454843.1.1296,unclassified_Centipeda,false,unclassified_Centipeda,Root;Bacteria;Firmicutes_C;Negativicutes;Selenomonadales;Selenomonadaceae;Centipeda;unclassified_Centipeda,JQ454843.1.1296
strong,1,JF766421.1.1506,unclassified_Enterobacteriaceae,false,unclassified_Enterobacteriaceae,Root;Bacteria;Proteobacteria;Gammaproteobacteria;Enterobacterales;Enterobacteriaceae;unclassified_Enterobacteriaceae,JF766421.1.1506
strong,0,JQ467466.1.1366,unclassified_Leptotrichia,false,unclassified_Leptotrichia,Root;Bacteria;Fusobacteriota;Fusobacteriia;Fusobacteriales;Leptotrichiaceae;Leptotrichia;unclassified_Leptotrichia,JQ467466.1.1366
strong,1,JF082022.1.1250,unclassified_Neisseria,false,unclassified_Neisseria,Root;Bacteria;Proteobacteria;Gammaproteobacteria;Burkholderiales;Neisseriaceae;Neisseria;unclassified_Neisseria,JF082022.1.1250
strong,0,JF146388.1.1355,Lautropia_mirabilis,false,Lautropia_mirabilis,Root;Bacteria;Proteobacteria;Gammaproteobacteria;Burkholderiales;Burkholderiaceae;Lautropia;Lautropia_mirabilis,JF146388.1.1355
strong,0,JF156452.1.1372,unclassified_Granulicatella,false,unclassified_Granulicatella,Root;Bacteria;Firmicutes;Bacilli;Lactobacillales;Aerococcaceae;Granulicatella;unclassified_Granulicatella,JF156452.1.1372
strong,1,AUFQ01000046.32.1280,Prevotella_baroniae,false,Prevotella_baroniae,Root;Bacteria;Bacteroidota;Bacteroidia;Bacteroidales;Bacteroidaceae;Prevotella;Prevotella_baroniae,AUFQ01000046.32.1280
strong,1,AF537212.1.1453,Prevotella_sp003043925,false,Prevotella_sp003043925,Root;Bacteria;Bacteroidota;Bacteroidia;Bacteroidales;Bacteroidaceae;Prevotella;Prevotella_sp003043925,AF537212.1.1453
strong,1,DQ801638.1.1318,unclassified_Faecalibacterium,false,unclassified_Faecalibacterium,Root;Bacteria;Firmicutes_A;Clostridia;Oscillospirales;Ruminococcaceae;Faecalibacterium;unclassified_Faecalibacterium,DQ801638.1.1318
strong,1,FJ557871.1.1402,unclassified_Prevotella,false,unclassified_Prevotella,Root;Bacteria;Bacteroidota;Bacteroidia;Bacteroidales;Bacteroidaceae;Prevotella;unclassified_Prevotella,FJ557871.1.1402
strong,0,FJ558013.1.1408,unclassified_Prevotella,false,unclassified_Prevotella,Root;Bacteria;Bacteroidota;Bacteroidia;Bacteroidales;Bacteroidaceae;Prevotella;unclassified_Prevotella,FJ558013.1.1408
strong,0,JQ448754.1.1389,unclassified_Pasteurellaceae,false,unclassified_Pasteurellaceae,Root;Bacteria;Proteobacteria;Gammaproteobacteria;Enterobacterales;Pasteurellaceae;unclassified_Pasteurellaceae,JQ448754.1.1389
strong,1,JF091426.1.1366,unclassified_Haemophilus,false,unclassified_Haemophilus,Root;Bacteria;Proteobacteria;Gammaproteobacteria;Enterobacterales;Pasteurellaceae;Haemophilus;unclassified_Haemophilus,JF091426.1.1366
strong,1,JF146273.1.1371,unclassified_Bacteria,false,unclassified_Bacteria,Root;Bacteria;unclassified_Bacteria,JF146273.1.1371
strong,1,DQ798111.1.1398,Alistipes_communis,false,Alistipes_communis,Root;Bacteria;Bacteroidota;Bacteroidia;Bacteroidales;Rikenellaceae;Alistipes;Alistipes_communis,DQ798111.1.1398
strong,1,DQ808638.1.1397,Phocaeicola_vulgatus,false,Phocaeicola_vulgatus,Root;Bacteria;Bacteroidota;Bacteroidia;Bacteroidales;Bacteroidaceae;Phocaeicola;Phocaeicola_vulgatus,DQ808638.1.1397
strong,1,JQ958870.1.1334,unclassified_Neisseria,false,unclassified_Neisseria,Root;Bacteria;Proteobacteria;Gammaproteobacteria;Burkholderiales;Neisseriaceae;Neisseria;unclassified_Neisseria,JQ958870.1.1334
strong,1,JQ449393.1.1397,Alloprevotella_rava,false,Alloprevotella_rava,Root;Bacteria;Bacteroidota;Bacteroidia;Bacteroidales;Bacteroidaceae;Alloprevotella;Alloprevotella_rava,JQ449393.1.1397
strong,0,EF510743.1.1459,Metamycoplasma_salivarium,false,Metamycoplasma_salivarium,Root;Bacteria;Firmicutes;Bacilli;Mycoplasmatales;Metamycoplasmataceae;Metamycoplasma;Metamycoplasma_salivarium,EF510743.1.1459
strong,1,JQ462206.1.1399,unclassified_Root,false,unclassified_Root,Root;unclassified_Root,JQ462206.1.1399
strong,1,JQ454965.1.1419,unclassified_Centipeda,false,unclassified_Centipeda,Root;Bacteria;Firmicutes_C;Negativicutes;Selenomonadales;Selenomonadaceae;Centipeda;unclassified_Centipeda,JQ454965.1.1419
strong,0,JF150125.1.1382,unclassified_F0422,false,unclassified_F0422,Root;Bacteria;Firmicutes_C;Negativicutes;Veillonellales;Veillonellaceae;F0422;unclassified_F0422,JF150125.1.1382
strong,0,JQ454603.1.1399,unclassified_Porphyromonas,false,unclassified_Porphyromonas,Root;Bacteria;Bacteroidota;Bacteroidia;Bacteroidales;Porphyromonadaceae;Porphyromonas;unclassified_Porphyromonas,JQ454603.1.1399
strong,1,JQ467261.1.1383,unclassified_Capnocytophaga,false,unclassified_Capnocytophaga,Root;Bacteria;Bacteroidota;Bacteroidia;Flavobacteriales;Flavobacteriaceae;Capnocytophaga;unclassified_Capnocytophaga,JQ467261.1.1383
strong,1,EF608513.1.1443,unclassified_Enterobacteriaceae,false,unclassified_Enterobacteriaceae,Root;Bacteria;Proteobacteria;Gammaproteobacteria;Enterobacterales;Enterobacteriaceae;unclassified_Enterobacteriaceae,EF608513.1.1443
strong,1,HQ407225.1.1417,unclassified_Providencia,false,unclassified_Providencia,Root;Bacteria;Proteobacteria;Gammaproteobacteria;Enterobacterales;Enterobacteriaceae;Providencia;unclassified_Providencia,HQ407225.1.1417
strong,0,JF125962.1.1359,unclassified_Porphyromonas,false,unclassified_Porphyromonas,Root;Bacteria;Bacteroidota;Bacteroidia;Bacteroidales;Porphyromonadaceae;Porphyromonas;unclassified_Porphyromonas,JF125962.1.1359
strong,1,DQ093274.1.1273,Leptotrichia_wadei,false,Leptotrichia_wadei,Root;Bacteria;Fusobacteriota;Fusobacteriia;Fusobacteriales;Leptotrichiaceae;Leptotrichia;Leptotrichia_wadei,DQ093274.1.1273
strong,0,GU086183.1.1312,Leptotrichia_shahii,false,Leptotrichia_shahii,Root;Bacteria;Fusobacteriota;Fusobacteriia;Fusobacteriales;Leptotrichiaceae;Leptotrichia;Leptotrichia_shahii,GU086183.1.1312
strong,1,BAAU01002937.1.1278,Alistipes_onderdonkii,false,Alistipes_onderdonkii,Root;Bacteria;Bacteroidota;Bacteroidia;Bacteroidales;Rikenellaceae;Alistipes;Alistipes_onderdonkii,BAAU01002937.1.1278
strong,1,JQ453528.1.1345,unclassified_Actinomyces,false,unclassified_Actinomyces,Root;Bacteria;Actinobacteriota;Actinomycetia;Actinomycetales;Actinomycetaceae;Actinomyces;unclassified_Actinomyces,JQ453528.1.1345
strong,0,JQ204964.1.1359,unclassified_Pauljensenia,false,unclassified_Pauljensenia,Root;Bacteria;Actinobacteriota;Actinomycetia;Actinomycetales;Actinomycetaceae;Pauljensenia;unclassified_Pauljensenia,JQ204964.1.1359
strong,1,JQ478165.1.1383,unclassified_Fusobacterium,false,unclassified_Fusobacterium,Root;Bacteria;Fusobacteriota;Fusobacteriia;Fusobacteriales;Fusobacteriaceae;Fusobacterium;unclassified_Fusobacterium,JQ478165.1.1383
strong,1,JQ460060.1.1314,unclassified_Veillonella,false,unclassified_Veillonella,Root;Bacteria;Firmicutes_C;Negativicutes;Veillonellales;Veillonellaceae;Veillonella;unclassified_Veillonella,JQ460060.1.1314
strong,0,HQ799607.1.1424,unclassified_Campylobacter_A,false,unclassified_Campylobacter_A,Root;Bacteria;Campylobacterota;Campylobacteria;Campylobacterales;Campylobacteraceae;Campylobacter_A;unclassified_Campylobacter_A,HQ799607.1.1424
strong,1,JF235588.1.1357,Tannerella_sp003033925,false,Tannerella_sp003033925,Root;Bacteria;Bacteroidota;Bacteroidia;Bacteroidales;Tannerellaceae;Tannerella;Tannerella_sp003033925,JF235588.1.1357
strong,0,AZGQ01000004.321752.323280,Eikenella_corrodens,false,Eikenella_corrodens,Root;Bacteria;Proteobacteria;Gammaproteobacteria;Burkholderiales;Neisseriaceae;Eikenella;Eikenella_corrodens,AZGQ01000004.321752.323280
strong,1,JF163338.1.1313,SDRW01_sp007845485,false,SDRW01_sp007845485,Root;Bacteria;Patescibacteria;Saccharimonadia;Saccharimonadales;UBA10027;SDRW01;SDRW01_sp007845485,JF163338.1.1313
strong,1,JQ472773.1.1326,unclassified_Nanosynbacter,false,unclassified_Nanosynbacter,Root;Bacteria;Patescibacteria;Saccharimonadia;Saccharimonadales;Nanosynbacteraceae;Nanosynbacter;unclassified_Nanosynbacter,JQ472773.1.1326
strong,1,AF385500.1.1353,unclassified_Nanosynbacter,false,unclassified_Nanosynbacter,Root;Bacteria;Patescibacteria;Saccharimonadia;Saccharimonadales;Nanosynbacteraceae;Nanosynbacter;unclassified_Nanosynbacter,AF385500.1.1353
strong,1,GQ072867.1.1313,Saccharimonas_sp905365145,false,Saccharimonas_sp905365145,Root;Bacteria;Patescibacteria;Saccharimonadia;Saccharimonadales;Saccharimonadaceae;Saccharimonas;Saccharimonas_sp905365145,GQ072867.1.1313
strong,0,JF193379.1.1369,Corynebacterium_matruchotii,false,Corynebacterium_matruchotii,Root;Bacteria;Actinobacteriota;Actinomycetia;Mycobacteriales;Mycobacteriaceae;Corynebacterium;Corynebacterium_matruchotii,JF193379.1.1369
strong,1,JQ475425.1.1237,Corynebacterium_matruchotii,false,Corynebacterium_matruchotii,Root;Bacteria;Actinobacteriota;Actinomycetia;Mycobacteriales;Mycobacteriaceae;Corynebacterium;Corynebacterium_matruchotii,JQ475425.1.1237
strong,1,FJ983016.1.1511,unclassified_Fusobacterium,false,unclassified_Fusobacterium,Root;Bacteria;Fusobacteriota;Fusobacteriia;Fusobacteriales;Fusobacteriaceae;Fusobacterium;unclassified_Fusobacterium,FJ983016.1.1511
strong,0,FJ558235.1.1235,Stomatobaculum_longum,false,Stomatobaculum_longum,Root;Bacteria;Firmicutes_A;Clostridia;Lachnospirales;Lachnospiraceae;Stomatobaculum;Stomatobaculum_longum,FJ558235.1.1235
strong,1,JF133435.1.1362,Neisseria_bacilliformis,false,Neisseria_bacilliformis,Root;Bacteria;Proteobacteria;Gammaproteobacteria;Burkholderiales;Neisseriaceae;Neisseria;Neisseria_bacilliformis,JF133435.1.1362
strong,1,X87152.1.1478,Johnsonella_ignava,false,Johnsonella_ignava,Root;Bacteria;Firmicutes_A;Clostridia;Lachnospirales;Lachnospiraceae;Johnsonella;Johnsonella_ignava,X87152.1.1478
strong,1,JF105591.1.1361,unclassified_Haemophilus_D,false,unclassified_Haemophilus_D,Root;Bacteria;Proteobacteria;Gammaproteobacteria;Enterobacterales;Pasteurellaceae;Haemophilus_D;unclassified_Haemophilus_D,JF105591.1.1361
strong,1,JQ451158.1.1406,unclassified_Aggregatibacter,false,unclassified_Aggregatibacter,Root;Bacteria;Proteobacteria;Gammaproteobacteria;Enterobacterales;Pasteurellaceae;Aggregatibacter;unclassified_Aggregatibacter,JQ451158.1.1406
strong,1,JF160877.1.1344,unclassified_Corynebacterium,false,unclassified_Corynebacterium,Root;Bacteria;Actinobacteriota;Actinomycetia;Mycobacteriales;Mycobacteriaceae;Corynebacterium;unclassified_Corynebacterium,JF160877.1.1344
strong,1,JF191777.1.1369,unclassified_Streptococcus,false,unclassified_Streptococcus,Root;Bacteria;Firmicutes;Bacilli;Lactobacillales;Streptococcaceae;Streptococcus;unclassified_Streptococcus,JF191777.1.1369
strong,1,CP003368.578899.580323,Prevotella_seregens,false,Prevotella_seregens,Root;Bacteria;Bacteroidota;Bacteroidia;Bacteroidales;Bacteroidaceae;Prevotella;Prevotella_seregens,CP003368.578899.580323
strong,1,JF240084.1.1380,unclassified_F0422,false,unclassified_F0422,Root;Bacteria;Firmicutes_C;Negativicutes;Veillonellales;Veillonellaceae;F0422;unclassified_F0422,JF240084.1.1380
strong,1,HQ744682.1.1460,unclassified_Streptococcus,false,unclassified_Streptococcus,Root;Bacteria;Firmicutes;Bacilli;Lactobacillales;Streptococcaceae;Streptococcus;unclassified_Streptococcus,HQ744682.1.1460
strong,1,EU451649.1.1430,unclassified_Lactobacillus,false,unclassified_Lactobacillus,Root;Bacteria;Firmicutes;Bacilli;Lactobacillales;Lactobacillaceae;Lactobacillus;unclassified_Lactobacillus,EU451649.1.1430
strong,1,EU452588.1.1419,unclassified_Lactobacillus,false,unclassified_Lactobacillus,Root;Bacteria;Firmicutes;Bacilli;Lactobacillales;Lactobacillaceae;Lactobacillus;unclassified_Lactobacillus,EU452588.1.1419
strong,0,HQ807557.1.1454,Dialister_invisus,false,Dialister_invisus,Root;Bacteria;Firmicutes_C;Negativicutes;Veillonellales;Dialisteraceae;Dialister;Dialister_invisus,HQ807557.1.1454
strong,1,JQ472095.1.1364,unclassified_Saccharimonas,false,unclassified_Saccharimonas,Root;Bacteria;Patescibacteria;Saccharimonadia;Saccharimonadales;Saccharimonadaceae;Saccharimonas;unclassified_Saccharimonas,JQ472095.1.1364
strong,1,EU535719.1.1397,unclassified_Stenotrophomonas,false,unclassified_Stenotrophomonas,Root;Bacteria;Proteobacteria;Gammaproteobacteria;Xanthomonadales;Xanthomonadaceae;Stenotrophomonas;unclassified_Stenotrophomonas,EU535719.1.1397
strong,1,JQ462826.1.1403,Prevotella_pleuritidis,false,Prevotella_pleuritidis,Root;Bacteria;Bacteroidota;Bacteroidia;Bacteroidales;Bacteroidaceae;Prevotella;Prevotella_pleuritidis,JQ462826.1.1403
strong,1,JQ463667.1.1394,Prevotella_pleuritidis,false,Prevotella_pleuritidis,Root;Bacteria;Bacteroidota;Bacteroidia;Bacteroidales;Bacteroidaceae;Prevotella;Prevotella_pleuritidis,JQ463667.1.1394
strong,1,HQ774884.1.1441,Prevotella_sp003043945,false,Prevotella_sp003043945,Root;Bacteria;Bacteroidota;Bacteroidia;Bacteroidales;Bacteroidaceae;Prevotella;Prevotella_sp003043945,HQ774884.1.1441
strong,1,GU118178.1.1404,unclassified_Caulobacteraceae,false,unclassified_Caulobacteraceae,Root;Bacteria;Proteobacteria;Alphaproteobacteria;Caulobacterales;Caulobacteraceae;unclassified_Caulobacteraceae,GU118178.1.1404
strong,1,AY922111.1.1395,unclassified_Bacteria,false,unclassified_Bacteria,Root;Bacteria;unclassified_Bacteria,AY922111.1.1395
strong,0,JQ452519.1.1326,Corynebacterium_durum,false,Corynebacterium_durum,Root;Bacteria;Actinobacteriota;Actinomycetia;Mycobacteriales;Mycobacteriaceae;Corynebacterium;Corynebacterium_durum,JQ452519.1.1326
strong,0,JQ463641.1.1385,unclassified_Actinomyces,false,unclassified_Actinomyces,Root;Bacteria;Actinobacteriota;Actinomycetia;Actinomycetales;Actinomycetaceae;Actinomyces;unclassified_Actinomyces,JQ463641.1.1385
strong,1,DQ798189.1.1370,Gemmiger_qucibialis,false,Gemmiger_qucibialis,Root;Bacteria;Firmicutes_A;Clostridia;Oscillospirales;Ruminococcaceae;Gemmiger;Gemmiger_qucibialis,DQ798189.1.1370
strong,1,DQ808859.1.1280,Gemmiger_sp900540775,false,Gemmiger_sp900540775,Root;Bacteria;Firmicutes_A;Clostridia;Oscillospirales;Ruminococcaceae;Gemmiger;Gemmiger_sp900540775,DQ808859.1.1280
strong,1,AY207050.1.1452,unclassified_Prevotella,false,unclassified_Prevotella,Root;Bacteria;Bacteroidota;Bacteroidia;Bacteroidales;Bacteroidaceae;Prevotella;unclassified_Prevotella,AY207050.1.1452
strong,1,JQ450631.1.1396,unclassified_Neisseria,false,unclassified_Neisseria,Root;Bacteria;Proteobacteria;Gammaproteobacteria;Burkholderiales;Neisseriaceae;Neisseria;unclassified_Neisseria,JQ450631.1.1396
strong,1,JQ454765.1.1354,Nanosyncoccus_nanoralicus,false,Nanosyncoccus_nanoralicus,Root;Bacteria;Patescibacteria;Saccharimonadia;Saccharimonadales;Nanosyncoccaceae;Nanosyncoccus;Nanosyncoccus_nanoralicus,JQ454765.1.1354
strong,1,JF151842.1.1344,unclassified_Actinomycetia,false,unclassified_Actinomycetia,Root;Bacteria;Actinobacteriota;Actinomycetia;unclassified_Actinomycetia,JF151842.1.1344
strong,1,AY188348.1.1545,Streptococcus_mutans,false,Streptococcus_mutans,Root;Bacteria;Firmicutes;Bacilli;Lactobacillales;Streptococcaceae;Streptococcus;Streptococcus_mutans,AY188348.1.1545
strong,0,EU762705.1.1383,Dialister_invisus,false,Dialister_invisus,Root;Bacteria;Firmicutes_C;Negativicutes;Veillonellales;Dialisteraceae;Dialister;Dialister_invisus,EU762705.1.1383
strong,1,JQ457812.1.1407,unclassified_Streptococcus,false,unclassified_Streptococcus,Root;Bacteria;Firmicutes;Bacilli;Lactobacillales;Streptococcaceae;Streptococcus;unclassified_Streptococcus,JQ457812.1.1407
strong,1,JQ472834.1.1394,unclassified_Root,false,unclassified_Root,Root;unclassified_Root,JQ472834.1.1394
strong,0,ACZS01000106.131.1559,Prevotella_conceptionensis,false,Prevotella_conceptionensis,Root;Bacteria;Bacteroidota;Bacteroidia;Bacteroidales;Bacteroidaceae;Prevotella;Prevotella_conceptionensis,ACZS01000106.131.1559
strong,1,JQ471117.1.1399,Neisseria_cinerea,false,Neisseria_cinerea,Root;Bacteria;Proteobacteria;Gammaproteobacteria;Burkholderiales;Neisseriaceae;Neisseria;Neisseria_cinerea,JQ471117.1.1399
strong,0,JQ467789.1.1279,unclassified_Leptotrichia,false,unclassified_Leptotrichia,Root;Bacteria;Fusobacteriota;Fusobacteriia;Fusobacteriales;Leptotrichiaceae;Leptotrichia;unclassified_Leptotrichia,JQ467789.1.1279
strong,1,JQ453458.1.1382,Rothia_dentocariosa,false,Rothia_dentocariosa,Root;Bacteria;Actinobacteriota;Actinomycetia;Actinomycetales;Micrococcaceae;Rothia;Rothia_dentocariosa,JQ453458.1.1382
strong,1,JQ465904.1.1391,Prevotella_oris,false,Prevotella_oris,Root;Bacteria;Bacteroidota;Bacteroidia;Bacteroidales;Bacteroidaceae;Prevotella;Prevotella_oris,JQ465904.1.1391
strong,0,JQ467793.1.1389,unclassified_Fusobacterium,false,unclassified_Fusobacterium,Root;Bacteria;Fusobacteriota;Fusobacteriia;Fusobacteriales;Fusobacteriaceae;Fusobacterium;unclassified_Fusobacterium,JQ467793.1.1389
strong,1,GU409549.1.1209,unclassified_Root,false,unclassified_Root,Root;unclassified_Root,GU409549.1.1209
strong,0,FM997533.1.1446,unclassified_Centipeda,false,unclassified_Centipeda,Root;Bacteria;Firmicutes_C;Negativicutes;Selenomonadales;Selenomonadaceae;Centipeda;unclassified_Centipeda,FM997533.1.1446
strong,1,JX294354.1.1467,GN02-873_sp003260345,false,GN02-873_sp003260345,Root;Bacteria;Patescibacteria;JAEDAM01;BD1-5;UBA2023;GN02-873;GN02-873_sp003260345,JX294354.1.1467
strong,0,JQ468479.1.1415,unclassified_Streptococcus,false,unclassified_Streptococcus,Root;Bacteria;Firmicutes;Bacilli;Lactobacillales;Streptococcaceae;Streptococcus;unclassified_Streptococcus,JQ468479.1.1415
strong,1,AY974850.1.1358,Phocaeicola_vulgatus,false,Phocaeicola_vulgatus,Root;Bacteria;Bacteroidota;Bacteroidia;Bacteroidales;Bacteroidaceae;Phocaeicola;Phocaeicola_vulgatus,AY974850.1.1358
strong,1,EF154271.1.1419,unclassified_Pseudomonas_E,false,unclassified_Pseudomonas_E,Root;Bacteria;Proteobacteria;Gammaproteobacteria;Pseudomonadales;Pseudomonadaceae;Pseudomonas_E;unclassified_Pseudomonas_E,EF154271.1.1419
strong,1,JQ467910.1.1405,unclassified_Porphyromonas,false,unclassified_Porphyromonas,Root;Bacteria;Bacteroidota;Bacteroidia;Bacteroidales;Porphyromonadaceae;Porphyromonas;unclassified_Porphyromonas,JQ467910.1.1405
strong,0,JQ654183.1.1495,unclassified_Root,false,unclassified_Root,Root;unclassified_Root,JQ654183.1.1495
strong,1,HE681248.1.1520,unclassified_Root,false,unclassified_Root,Root;unclassified_Root,HE681248.1.1520
strong,1,GU400587.1.1441,Oribacterium_sp000160135,false,Oribacterium_sp000160135,Root;Bacteria;Firmicutes_A;Clostridia;Lachnospirales;Lachnospiraceae;Oribacterium;Oribacterium_sp000160135,GU400587.1.1441
strong,1,JQ469155.1.1380,Capnocytophaga_sp000192225,false,Capnocytophaga_sp000192225,Root;Bacteria;Bacteroidota;Bacteroidia;Flavobacteriales;Flavobacteriaceae;Capnocytophaga;Capnocytophaga_sp000192225,JQ469155.1.1380
strong,1,JQ478180.1.1372,unclassified_Root,false,unclassified_Root,Root;unclassified_Root,JQ478180.1.1372
strong,1,AXUQ01000035.65.1481,Parvimonas_micra,false,Parvimonas_micra,Root;Bacteria;Firmicutes_A;Clostridia;Tissierellales;Peptoniphilaceae;Parvimonas;Parvimonas_micra,AXUQ01000035.65.1481
strong,0,HQ805158.1.1469,unclassified_Streptococcus,false,unclassified_Streptococcus,Root;Bacteria;Firmicutes;Bacilli;Lactobacillales;Streptococcaceae;Streptococcus;unclassified_Streptococcus,HQ805158.1.1469
strong,0,GQ030562.1.1369,unclassified_Streptococcus,false,unclassified_Streptococcus,Root;Bacteria;Firmicutes;Bacilli;Lactobacillales;Streptococcaceae;Streptococcus;unclassified_Streptococcus,GQ030562.1.1369
strong,0,JQ460155.1.1401,Prevotella_oulorum,false,Prevotella_oulorum,Root;Bacteria;Bacteroidota;Bacteroidia;Bacteroidales;Bacteroidaceae;Prevotella;Prevotella_oulorum,JQ460155.1.1401
strong,0,JQ477578.1.1386,unclassified_Fusobacterium,false,unclassified_Fusobacterium,Root;Bacteria;Fusobacteriota;Fusobacteriia;Fusobacteriales;Fusobacteriaceae;Fusobacterium;unclassified_Fusobacterium,JQ477578.1.1386
strong,1,FJ557325.1.1390,unclassified_Veillonella,false,unclassified_Veillonella,Root;Bacteria;Firmicutes_C;Negativicutes;Veillonellales;Veillonellaceae;Veillonella;unclassified_Veillonella,FJ557325.1.1390
strong,1,JF151430.1.1347,unclassified_Streptobacillus,false,unclassified_Streptobacillus,Root;Bacteria;Fusobacteriota;Fusobacteriia;Fusobacteriales;Leptotrichiaceae;Streptobacillus;unclassified_Streptobacillus,JF151430.1.1347
strong,1,DQ805884.1.1399,unclassified_Bacteroides,false,unclassified_Bacteroides,Root;Bacteria;Bacteroidota;Bacteroidia;Bacteroidales;Bacteroidaceae;Bacteroides;unclassified_Bacteroides,DQ805884.1.1399
strong,0,JQ468030.1.1401,unclassified_Root,false,unclassified_Root,Root;unclassified_Root,JQ468030.1.1401
strong,1,GQ047360.1.1358,unclassified_Root,false,unclassified_Root,Root;unclassified_Root,GQ047360.1.1358
strong,1,FJ470511.1.1458,unclassified_Root,false,unclassified_Root,Root;unclassified_Root,FJ470511.1.1458
strong,0,JQ452301.1.1384,unclassified_Rothia,false,unclassified_Rothia,Root;Bacteria;Actinobacteriota;Actinomycetia;Actinomycetales;Micrococcaceae;Rothia;unclassified_Rothia,JQ452301.1.1384
strong,1,FJ557307.1.1402,unclassified_Neisseria,false,unclassified_Neisseria,Root;Bacteria;Proteobacteria;Gammaproteobacteria;Burkholderiales;Neisseriaceae;Neisseria;unclassified_Neisseria,FJ557307.1.1402
strong,1,AY134905.1.1504,unclassified_Root,false,unclassified_Root,Root;unclassified_Root,AY134905.1.1504
strong,1,JF177519.1.1333,Leptotrichia_sp002240055,false,Leptotrichia_sp002240055,Root;Bacteria;Fusobacteriota;Fusobacteriia;Fusobacteriales;Leptotrichiaceae;Leptotrichia;Leptotrichia_sp002240055,JF177519.1.1333
strong,1,JQ467148.1.1286,unclassified_Prevotella,false,unclassified_Prevotella,Root;Bacteria;Bacteroidota;Bacteroidia;Bacteroidales;Bacteroidaceae;Prevotella;unclassified_Prevotella,JQ467148.1.1286
strong,1,HM294535.1.1353,unclassified_Lachnoanaerobaculum,false,unclassified_Lachnoanaerobaculum,Root;Bacteria;Firmicutes_A;Clostridia;Lachnospirales;Lachnospiraceae;Lachnoanaerobaculum;unclassified_Lachnoanaerobaculum,HM294535.1.1353
strong,1,FJ470471.1.1535,unclassified_Root,false,unclassified_Root,Root;unclassified_Root,FJ470471.1.1535
strong,1,FJ470510.1.1487,unclassified_Root,false,unclassified_Root,Root;unclassified_Root,FJ470510.1.1487
strong,0,HE681362.1.1508,unclassified_Fusobacterium,false,unclassified_Fusobacterium,Root;Bacteria;Fusobacteriota;Fusobacteriia;Fusobacteriales;Fusobacteriaceae;Fusobacterium;unclassified_Fusobacterium,HE681362.1.1508
strong,1,JQ477249.1.1397,unclassified_Fusobacterium,false,unclassified_Fusobacterium,Root;Bacteria;Fusobacteriota;Fusobacteriia;Fusobacteriales;Fusobacteriaceae;Fusobacterium;unclassified_Fusobacterium,JQ477249.1.1397
strong,0,JQ456138.1.1363,JABCPE02_sp013333255,false,JABCPE02_sp013333255,Root;Bacteria;Bacteroidota;Bacteroidia;Flavobacteriales;Weeksellaceae;JABCPE02;JABCPE02_sp013333255,JQ456138.1.1363
strong,0,JQ452670.1.1361,unclassified_Capnocytophaga,false,unclassified_Capnocytophaga,Root;Bacteria;Bacteroidota;Bacteroidia;Flavobacteriales;Flavobacteriaceae;Capnocytophaga;unclassified_Capnocytophaga,JQ452670.1.1361
strong,0,EF511181.1.1499,unclassified_Haemophilus_D,false,unclassified_Haemophilus_D,Root;Bacteria;Proteobacteria;Gammaproteobacteria;Enterobacterales;Pasteurellaceae;Haemophilus_D;unclassified_Haemophilus_D,EF511181.1.1499
strong,1,JF175191.1.1373,unclassified_Bacilli,false,unclassified_Bacilli,Root;Bacteria;Firmicutes;Bacilli;unclassified_Bacilli,JF175191.1.1373
strong,1,DQ807372.1.1409,unclassified_Bacteroides,false,unclassified_Bacteroides,Root;Bacteria;Bacteroidota;Bacteroidia;Bacteroidales;Bacteroidaceae;Bacteroides;unclassified_Bacteroides,DQ807372.1.1409
strong,0,JQ474147.1.1380,Capnocytophaga_endodontalis,false,Capnocytophaga_endodontalis,Root;Bacteria;Bacteroidota;Bacteroidia;Flavobacteriales;Flavobacteriaceae;Capnocytophaga;Capnocytophaga_endodontalis,JQ474147.1.1380
strong,1,AF538861.1.1476,unclassified_Centipeda,false,unclassified_Centipeda,Root;Bacteria;Firmicutes_C;Negativicutes;Selenomonadales;Selenomonadaceae;Centipeda;unclassified_Centipeda,AF538861.1.1476
strong,1,JQ469831.1.1349,Saccharimonas_sp018127705,false,Saccharimonas_sp018127705,Root;Bacteria;Patescibacteria;Saccharimonadia;Saccharimonadales;Saccharimonadaceae;Saccharimonas;Saccharimonas_sp018127705,JQ469831.1.1349
strong,1,JQ465727.1.1352,unclassified_Veillonella,false,unclassified_Veillonella,Root;Bacteria;Firmicutes_C;Negativicutes;Veillonellales;Veillonellaceae;Veillonella;unclassified_Veillonella,JQ465727.1.1352
strong,1,JF140904.1.1363,unclassified_Streptococcus,false,unclassified_Streptococcus,Root;Bacteria;Firmicutes;Bacilli;Lactobacillales;Streptococcaceae;Streptococcus;unclassified_Streptococcus,JF140904.1.1363
strong,1,JQ447706.1.1383,unclassified_Actinomyces,false,unclassified_Actinomyces,Root;Bacteria;Actinobacteriota;Actinomycetia;Actinomycetales;Actinomycetaceae;Actinomyces;unclassified_Actinomyces,JQ447706.1.1383
strong,1,KC121039.1.1433,unclassified_Enterobacteriaceae,false,unclassified_Enterobacteriaceae,Root;Bacteria;Proteobacteria;Gammaproteobacteria;Enterobacterales;Enterobacteriaceae;unclassified_Enterobacteriaceae,KC121039.1.1433
strong,0,JQ467220.1.1402,unclassified_Porphyromonas,false,unclassified_Porphyromonas,Root;Bacteria;Bacteroidota;Bacteroidia;Bacteroidales;Porphyromonadaceae;Porphyromonas;unclassified_Porphyromonas,JQ467220.1.1402
strong,1,EF511159.1.1419,unclassified_Lactobacillales,false,unclassified_Lactobacillales,Root;Bacteria;Firmicutes;Bacilli;Lactobacillales;unclassified_Lactobacillales,EF511159.1.1419
strong,1,JQ466224.1.1311,Leptotrichia_hofstadii,false,Leptotrichia_hofstadii,Root;Bacteria;Fusobacteriota;Fusobacteriia;Fusobacteriales;Leptotrichiaceae;Leptotrichia;Leptotrichia_hofstadii,JQ466224.1.1311
strong,1,GQ010625.1.1348,unclassified_Rothia,false,unclassified_Rothia,Root;Bacteria;Actinobacteriota;Actinomycetia;Actinomycetales;Micrococcaceae;Rothia;unclassified_Rothia,GQ010625.1.1348
strong,1,JQ449973.1.1393,unclassified_Neisseria,false,unclassified_Neisseria,Root;Bacteria;Proteobacteria;Gammaproteobacteria;Burkholderiales;Neisseriaceae;Neisseria;unclassified_Neisseria,JQ449973.1.1393
strong,0,FM996957.1.1473,Prevotella_pleuritidis,false,Prevotella_pleuritidis,Root;Bacteria;Bacteroidota;Bacteroidia;Bacteroidales;Bacteroidaceae;Prevotella;Prevotella_pleuritidis,FM996957.1.1473
strong,1,AY953260.1.1527,Capnocytophaga_sputigena,false,Capnocytophaga_sputigena,Root;Bacteria;Bacteroidota;Bacteroidia;Flavobacteriales;Flavobacteriaceae;Capnocytophaga;Capnocytophaga_sputigena,AY953260.1.1527
strong,1,JQ472032.1.1340,unclassified_Nanoperiomorbus,false,unclassified_Nanoperiomorbus,Root;Bacteria;Patescibacteria;Saccharimonadia;Saccharimonadales;Nanoperiomorbaceae;Nanoperiomorbus;unclassified_Nanoperiomorbus,JQ472032.1.1340
strong,1,JQ463435.1.1396,unclassified_Neisseria,false,unclassified_Neisseria,Root;Bacteria;Proteobacteria;Gammaproteobacteria;Burkholderiales;Neisseriaceae;Neisseria;unclassified_Neisseria,JQ463435.1.1396
strong,0,HM312822.1.1357,Alloprevotella_sp900095835,false,Alloprevotella_sp900095835,Root;Bacteria;Bacteroidota;Bacteroidia;Bacteroidales;Bacteroidaceae;Alloprevotella;Alloprevotella_sp900095835,HM312822.1.1357
strong,0,HQ799702.1.1442,unclassified_Lachnoanaerobaculum,false,unclassified_Lachnoanaerobaculum,Root;Bacteria;Firmicutes_A;Clostridia;Lachnospirales;Lachnospiraceae;Lachnoanaerobaculum;unclassified_Lachnoanaerobaculum,HQ799702.1.1442
strong,1,GQ158076.1.1476,unclassified_Veillonella,false,unclassified_Veillonella,Root;Bacteria;Firmicutes_C;Negativicutes;Veillonellales;Veillonellaceae;Veillonella;unclassified_Veillonella,GQ158076.1.1476
strong,0,JQ452508.1.1385,unclassified_Porphyromonas,false,unclassified_Porphyromonas,Root;Bacteria;Bacteroidota;Bacteroidia;Bacteroidales;Porphyromonadaceae;Porphyromonas;unclassified_Porphyromonas,JQ452508.1.1385
strong,1,JQ463941.1.1379,unclassified_Root,false,unclassified_Root,Root;unclassified_Root,JQ463941.1.1379
strong,1,AF366269.1.1534,unclassified_Prevotella,false,unclassified_Prevotella,Root;Bacteria;Bacteroidota;Bacteroidia;Bacteroidales;Bacteroidaceae;Prevotella;unclassified_Prevotella,AF366269.1.1534
strong,0,JQ447690.1.1420,Selenomonas_sputigena,false,Selenomonas_sputigena,Root;Bacteria;Firmicutes_C;Negativicutes;Selenomonadales;Selenomonadaceae;Selenomonas;Selenomonas_sputigena,JQ447690.1.1420
strong,1,EU236222.1.1374,unclassified_Root,false,unclassified_Root,Root;unclassified_Root,EU236222.1.1374
strong,1,DQ824105.1.1398,unclassified_Phocaeicola,false,unclassified_Phocaeicola,Root;Bacteria;Bacteroidota;Bacteroidia;Bacteroidales;Bacteroidaceae;Phocaeicola;unclassified_Phocaeicola,DQ824105.1.1398
strong,0,JQ461335.1.1385,unclassified_Haemophilus_D,false,unclassified_Haemophilus_D,Root;Bacteria;Proteobacteria;Gammaproteobacteria;Enterobacterales;Pasteurellaceae;Haemophilus_D;unclassified_Haemophilus_D,JQ461335.1.1385
strong,1,JQ467884.1.1404,Prevotella_oulorum,false,Prevotella_oulorum,Root;Bacteria;Bacteroidota;Bacteroidia;Bacteroidales;Bacteroidaceae;Prevotella;Prevotella_oulorum,JQ467884.1.1404
strong,1,JQ453474.1.1347,unclassified_Haemophilus_D,false,unclassified_Haemophilus_D,Root;Bacteria;Proteobacteria;Gammaproteobacteria;Enterobacterales;Pasteurellaceae;Haemophilus_D;unclassified_Haemophilus_D,JQ453474.1.1347
strong,1,AF287780.1.1494,unclassified_Root,false,unclassified_Root,Root;unclassified_Root,AF287780.1.1494
strong,0,JF134055.1.1368,unclassified_Streptococcus,false,unclassified_Streptococcus,Root;Bacteria;Firmicutes;Bacilli;Lactobacillales;Streptococcaceae;Streptococcus;unclassified_Streptococcus,JF134055.1.1368
strong,0,AJ010963.1.1494,unclassified_Centipeda,false,unclassified_Centipeda,Root;Bacteria;Firmicutes_C;Negativicutes;Selenomonadales;Selenomonadaceae;Centipeda;unclassified_Centipeda,AJ010963.1.1494
strong,1,GQ338720.1.1529,unclassified_Anaeroglobus,false,unclassified_Anaeroglobus,Root;Bacteria;Firmicutes_C;Negativicutes;Veillonellales;Megasphaeraceae;Anaeroglobus;unclassified_Anaeroglobus,GQ338720.1.1529
strong,1,JQ475259.1.1382,unclassified_Fusobacterium,false,unclassified_Fusobacterium,Root;Bacteria;Fusobacteriota;Fusobacteriia;Fusobacteriales;Fusobacteriaceae;Fusobacterium;unclassified_Fusobacterium,JQ475259.1.1382
strong,1,HQ762278.1.1450,Porphyromonas_gingivalis,false,Porphyromonas_gingivalis,Root;Bacteria;Bacteroidota;Bacteroidia;Bacteroidales;Porphyromonadaceae;Porphyromonas;Porphyromonas_gingivalis,HQ762278.1.1450
strong,1,AJZS01000099.7315.8789,Porphyromonas_gingivalis,false,Porphyromonas_gingivalis,Root;Bacteria;Bacteroidota;Bacteroidia;Bacteroidales;Porphyromonadaceae;Porphyromonas;Porphyromonas_gingivalis,AJZS01000099.7315.8789
strong,1,DQ797298.1.1291,unclassified_Faecalibacterium,false,unclassified_Faecalibacterium,Root;Bacteria;Firmicutes_A;Clostridia;Oscillospirales;Ruminococcaceae;Faecalibacterium;unclassified_Faecalibacterium,DQ797298.1.1291
strong,0,JQ465148.1.1398,Prevotella_oris,false,Prevotella_oris,Root;Bacteria;Bacteroidota;Bacteroidia;Bacteroidales;Bacteroidaceae;Prevotella;Prevotella_oris,JQ465148.1.1398
strong,1,HE681352.1.1518,F0428_sp003043955,false,F0428_sp003043955,Root;Bacteria;Firmicutes_A;Clostridia;Lachnospirales;Lachnospiraceae;F0428;F0428_sp003043955,HE681352.1.1518
strong,1,KF312691.1.1439,unclassified_Limosilactobacillus,false,unclassified_Limosilactobacillus,Root;Bacteria;Firmicutes;Bacilli;Lactobacillales;Lactobacillaceae;Limosilactobacillus;unclassified_Limosilactobacillus,KF312691.1.1439
strong,1,AY349409.1.1549,unclassified_Root,false,unclassified_Root,Root;unclassified_Root,AY349409.1.1549
strong,1,AM980448.1.1422,unclassified_Treponema,false,unclassified_Treponema,Root;Bacteria;Spirochaetota;Spirochaetia;Treponematales;Treponemataceae;Treponema;unclassified_Treponema,AM980448.1.1422
strong,1,AM420251.1.1246,Prevotella_fusca,false,Prevotella_fusca,Root;Bacteria;Bacteroidota;Bacteroidia;Bacteroidales;Bacteroidaceae;Prevotella;Prevotella_fusca,AM420251.1.1246
strong,1,EF517956.1.1666,unclassified_Acinetobacter,false,unclassified_Acinetobacter,Root;Bacteria;Proteobacteria;Gammaproteobacteria;Pseudomonadales;Moraxellaceae;Acinetobacter;unclassified_Acinetobacter,EF517956.1.1666
strong,0,JQ475515.1.1389,Leptotrichia_sp013394795,false,Leptotrichia_sp013394795,Root;Bacteria;Fusobacteriota;Fusobacteriia;Fusobacteriales;Leptotrichiaceae;Leptotrichia;Leptotrichia_sp013394795,JQ475515.1.1389
strong,0,JQ462618.1.1403,Prevotella_nigrescens,false,Prevotella_nigrescens,Root;Bacteria;Bacteroidota;Bacteroidia;Bacteroidales;Bacteroidaceae;Prevotella;Prevotella_nigrescens,JQ462618.1.1403
strong,0,JQ455449.1.1379,unclassified_Campylobacter_A,false,unclassified_Campylobacter_A,Root;Bacteria;Campylobacterota;Campylobacteria;Campylobacterales;Campylobacteraceae;Campylobacter_A;unclassified_Campylobacter_A,JQ455449.1.1379
strong,1,GQ010645.1.1361,unclassified_Prevotella,false,unclassified_Prevotella,Root;Bacteria;Bacteroidota;Bacteroidia;Bacteroidales;Bacteroidaceae;Prevotella;unclassified_Prevotella,GQ010645.1.1361
strong,0,AB643464.1.1414,unclassified_Centipeda,false,unclassified_Centipeda,Root;Bacteria;Firmicutes_C;Negativicutes;Selenomonadales;Selenomonadaceae;Centipeda;unclassified_Centipeda,AB643464.1.1414
strong,1,JQ452522.1.1379,unclassified_Root,false,unclassified_Root,Root;unclassified_Root,JQ452522.1.1379
strong,0,JF803528.1.1394,unclassified_Actinomyces,false,unclassified_Actinomyces,Root;Bacteria;Actinobacteriota;Actinomycetia;Actinomycetales;Actinomycetaceae;Actinomyces;unclassified_Actinomyces,JF803528.1.1394
strong,0,EU669566.1.1536,unclassified_Centipeda,false,unclassified_Centipeda,Root;Bacteria;Firmicutes_C;Negativicutes;Selenomonadales;Selenomonadaceae;Centipeda;unclassified_Centipeda,EU669566.1.1536
strong,1,JF709905.1.1429,unclassified_Parafannyhessea,false,unclassified_Parafannyhessea,Root;Bacteria;Actinobacteriota;Coriobacteriia;Coriobacteriales;Atopobiaceae;Parafannyhessea;unclassified_Parafannyhessea,JF709905.1.1429
strong,1,JQ467983.1.1392,Capnocytophaga_granulosa,false,Capnocytophaga_granulosa,Root;Bacteria;Bacteroidota;Bacteroidia;Flavobacteriales;Flavobacteriaceae;Capnocytophaga;Capnocytophaga_granulosa,JQ467983.1.1392
strong,0,JF240333.1.1372,unclassified_Streptococcus,false,unclassified_Streptococcus,Root;Bacteria;Firmicutes;Bacilli;Lactobacillales;Streptococcaceae;Streptococcus;unclassified_Streptococcus,JF240333.1.1372
strong,0,GU400649.1.1435,unclassified_Root,false,unclassified_Root,Root;unclassified_Root,GU400649.1.1435
strong,0,JQ467944.1.1397,Alloprevotella_tannerae,false,Alloprevotella_tannerae,Root;Bacteria;Bacteroidota;Bacteroidia;Bacteroidales;Bacteroidaceae;Alloprevotella;Alloprevotella_tannerae,JQ467944.1.1397
strong,0,JQ450183.1.1376,unclassified_Arachnia,false,unclassified_Arachnia,Root;Bacteria;Actinobacteriota;Actinomycetia;Propionibacteriales;Propionibacteriaceae;Arachnia;unclassified_Arachnia,JQ450183.1.1376
strong,1,JQ452441.1.1350,unclassified_Root,false,unclassified_Root,Root;unclassified_Root,JQ452441.1.1350
strong,1,JQ452435.1.1382,unclassified_Root,false,unclassified_Root,Root;unclassified_Root,JQ452435.1.1382
strong,0,FJ470415.1.1512,unclassified_Gemella,false,unclassified_Gemella,Root;Bacteria;Firmicutes;Bacilli;Staphylococcales;Gemellaceae;Gemella;unclassified_Gemella,FJ470415.1.1512
strong,1,KF385053.1.1517,unclassified_Pelomonas,false,unclassified_Pelomonas,Root;Bacteria;Proteobacteria;Gammaproteobacteria;Burkholderiales;Burkholderiaceae;Pelomonas;unclassified_Pelomonas,KF385053.1.1517
strong,1,FJ503749.1.1320,Parabacteroides_johnsonii,false,Parabacteroides_johnsonii,Root;Bacteria;Bacteroidota;Bacteroidia;Bacteroidales;Tannerellaceae;Parabacteroides;Parabacteroides_johnsonii,FJ503749.1.1320
strong,1,EF091840.1.1407,unclassified_Pseudomonas_E,false,unclassified_Pseudomonas_E,Root;Bacteria;Proteobacteria;Gammaproteobacteria;Pseudomonadales;Pseudomonadaceae;Pseudomonas_E;unclassified_Pseudomonas_E,EF091840.1.1407
strong,1,JQ459484.1.1409,unclassified_Bacteria,false,unclassified_Bacteria,Root;Bacteria;unclassified_Bacteria,JQ459484.1.1409
strong,1,DQ798038.1.1408,unclassified_Bacteria,false,unclassified_Bacteria,Root;Bacteria;unclassified_Bacteria,DQ798038.1.1408
strong,1,JQ456289.1.1338,SDRW01_sp007845485,false,SDRW01_sp007845485,Root;Bacteria;Patescibacteria;Saccharimonadia;Saccharimonadales;UBA10027;SDRW01;SDRW01_sp007845485,JQ456289.1.1338
strong,1,EU681966.1.1347,unclassified_Nanosynbacter,false,unclassified_Nanosynbacter,Root;Bacteria;Patescibacteria;Saccharimonadia;Saccharimonadales;Nanosynbacteraceae;Nanosynbacter;unclassified_Nanosynbacter,EU681966.1.1347
strong,1,AY253728.1.1441,Porphyromonas_endodontalis,false,Porphyromonas_endodontalis,Root;Bacteria;Bacteroidota;Bacteroidia;Bacteroidales;Porphyromonadaceae;Porphyromonas;Porphyromonas_endodontalis,AY253728.1.1441
strong,1,FJ470579.1.1493,Porphyromonas_endodontalis,false,Porphyromonas_endodontalis,Root;Bacteria;Bacteroidota;Bacteroidia;Bacteroidales;Porphyromonadaceae;Porphyromonas;Porphyromonas_endodontalis,FJ470579.1.1493
strong,1,ACON01000003.712136.713636,Eubacterium_N_saphenum,false,Eubacterium_N_saphenum,Root;Bacteria;Firmicutes_A;Clostridia;Peptostreptococcales;Anaerovoracaceae;Eubacterium_N;Eubacterium_N_saphenum,ACON01000003.712136.713636
strong,0,JQ474225.1.1386,unclassified_Fusobacterium,false,unclassified_Fusobacterium,Root;Bacteria;Fusobacteriota;Fusobacteriia;Fusobacteriales;Fusobacteriaceae;Fusobacterium;unclassified_Fusobacterium,JQ474225.1.1386
strong,1,JQ469086.1.1416,unclassified_Centipeda,false,unclassified_Centipeda,Root;Bacteria;Firmicutes_C;Negativicutes;Selenomonadales;Selenomonadaceae;Centipeda;unclassified_Centipeda,JQ469086.1.1416
strong,1,JF118670.1.1349,unclassified_Weeksellaceae,false,unclassified_Weeksellaceae,Root;Bacteria;Bacteroidota;Bacteroidia;Flavobacteriales;Weeksellaceae;unclassified_Weeksellaceae,JF118670.1.1349
strong,1,JF058121.1.1279,unclassified_Streptococcus,false,unclassified_Streptococcus,Root;Bacteria;Firmicutes;Bacilli;Lactobacillales;Streptococcaceae;Streptococcus;unclassified_Streptococcus,JF058121.1.1279
strong,1,JF220935.1.1372,unclassified_Bacilli,false,unclassified_Bacilli,Root;Bacteria;Firmicutes;Bacilli;unclassified_Bacilli,JF220935.1.1372
strong,1,JF160083.1.1354,unclassified_Lachnoanaerobaculum,false,unclassified_Lachnoanaerobaculum,Root;Bacteria;Firmicutes_A;Clostridia;Lachnospirales;Lachnospiraceae;Lachnoanaerobaculum;unclassified_Lachnoanaerobaculum,JF160083.1.1354
strong,0,JQ450584.1.1399,unclassified_Streptococcus,false,unclassified_Streptococcus,Root;Bacteria;Firmicutes;Bacilli;Lactobacillales;Streptococcaceae;Streptococcus;unclassified_Streptococcus,JQ450584.1.1399
strong,1,FJ823141.1.1435,Kingella_B_oralis,false,Kingella_B_oralis,Root;Bacteria;Proteobacteria;Gammaproteobacteria;Burkholderiales;Neisseriaceae;Kingella_B;Kingella_B_oralis,FJ823141.1.1435
strong,0,JQ472197.1.1406,Corynebacterium_matruchotii,false,Corynebacterium_matruchotii,Root;Bacteria;Actinobacteriota;Actinomycetia;Mycobacteriales;Mycobacteriaceae;Corynebacterium;Corynebacterium_matruchotii,JQ472197.1.1406
strong,1,AY850116.1.1431,Dialister_micraerophilus,false,Dialister_micraerophilus,Root;Bacteria;Firmicutes_C;Negativicutes;Veillonellales;Dialisteraceae;Dialister;Dialister_micraerophilus,AY850116.1.1431
strong,1,JF115339.1.1339,unclassified_Corynebacterium,false,unclassified_Corynebacterium,Root;Bacteria;Actinobacteriota;Actinomycetia;Mycobacteriales;Mycobacteriaceae;Corynebacterium;unclassified_Corynebacterium,JF115339.1.1339
strong,1,EU762681.1.1284,Bacteroides_uniformis,false,Bacteroides_uniformis,Root;Bacteria;Bacteroidota;Bacteroidia;Bacteroidales;Bacteroidaceae;Bacteroides;Bacteroides_uniformis,EU762681.1.1284
strong,1,JQ452455.1.1354,Leptotrichia_hofstadii,false,Leptotrichia_hofstadii,Root;Bacteria;Fusobacteriota;Fusobacteriia;Fusobacteriales;Leptotrichiaceae;Leptotrichia;Leptotrichia_hofstadii,JQ452455.1.1354
strong,0,JQ475598.1.1396,unclassified_Capnocytophaga,false,unclassified_Capnocytophaga,Root;Bacteria;Bacteroidota;Bacteroidia;Flavobacteriales;Flavobacteriaceae;Capnocytophaga;unclassified_Capnocytophaga,JQ475598.1.1396
strong,1,JQ462350.1.1310,unclassified_Root,false,unclassified_Root,Root;unclassified_Root,JQ462350.1.1310
strong,1,FJ557967.1.1399,Alloprevotella_tannerae,false,Alloprevotella_tannerae,Root;Bacteria;Bacteroidota;Bacteroidia;Bacteroidales;Bacteroidaceae;Alloprevotella;Alloprevotella_tannerae,FJ557967.1.1399
strong,0,JQ456725.1.1406,unclassified_Root,false,unclassified_Root,Root;unclassified_Root,JQ456725.1.1406
strong,0,JQ452987.1.1399,unclassified_Root,false,unclassified_Root,Root;unclassified_Root,JQ452987.1.1399
strong,1,JQ455434.1.1437,unclassified_Actinomyces,false,unclassified_Actinomyces,Root;Bacteria;Actinobacteriota;Actinomycetia;Actinomycetales;Actinomycetaceae;Actinomyces;unclassified_Actinomyces,JQ455434.1.1437
strong,1,AUFL01000034.2017.3448,Dysgonomonas_capnocytophagoides,false,Dysgonomonas_capnocytophagoides,Root;Bacteria;Bacteroidota;Bacteroidia;Bacteroidales;Dysgonomonadaceae;Dysgonomonas;Dysgonomonas_capnocytophagoides,AUFL01000034.2017.3448
strong,0,JQ463508.1.1424,Prevotella_denticola,false,Prevotella_denticola,Root;Bacteria;Bacteroidota;Bacteroidia;Bacteroidales;Bacteroidaceae;Prevotella;Prevotella_denticola,JQ463508.1.1424
strong,1,JF000204.1.1365,unclassified_Bacteria,false,unclassified_Bacteria,Root;Bacteria;unclassified_Bacteria,JF000204.1.1365
strong,1,JF047012.1.1369,unclassified_Streptococcus,false,unclassified_Streptococcus,Root;Bacteria;Firmicutes;Bacilli;Lactobacillales;Streptococcaceae;Streptococcus;unclassified_Streptococcus,JF047012.1.1369
strong,1,DQ793884.1.1391,unclassified_Bacteroides,false,unclassified_Bacteroides,Root;Bacteria;Bacteroidota;Bacteroidia;Bacteroidales;Bacteroidaceae;Bacteroides;unclassified_Bacteroides,DQ793884.1.1391
strong,0,JQ453331.1.1427,unclassified_Streptococcus,false,unclassified_Streptococcus,Root;Bacteria;Firmicutes;Bacilli;Lactobacillales;Streptococcaceae;Streptococcus;unclassified_Streptococcus,JQ453331.1.1427
strong,1,DQ798181.1.1398,unclassified_Bacteroidaceae,false,unclassified_Bacteroidaceae,Root;Bacteria;Bacteroidota;Bacteroidia;Bacteroidales;Bacteroidaceae;unclassified_Bacteroidaceae,DQ798181.1.1398
strong,1,HQ767656.1.1441,unclassified_Lachnospiraceae,false,unclassified_Lachnospiraceae,Root;Bacteria;Firmicutes_A;Clostridia;Lachnospirales;Lachnospiraceae;unclassified_Lachnospiraceae,HQ767656.1.1441
strong,0,AB002520.1.1377,Streptococcus_gordonii,false,Streptococcus_gordonii,Root;Bacteria;Firmicutes;Bacilli;Lactobacillales;Streptococcaceae;Streptococcus;Streptococcus_gordonii,AB002520.1.1377
strong,0,JQ456596.1.1360,unclassified_Fusobacterium,false,unclassified_Fusobacterium,Root;Bacteria;Fusobacteriota;Fusobacteriia;Fusobacteriales;Fusobacteriaceae;Fusobacterium;unclassified_Fusobacterium,JQ456596.1.1360
strong,0,JQ467321.1.1393,unclassified_Capnocytophaga,false,unclassified_Capnocytophaga,Root;Bacteria;Bacteroidota;Bacteroidia;Flavobacteriales;Flavobacteriaceae;Capnocytophaga;unclassified_Capnocytophaga,JQ467321.1.1393
strong,1,JQ450352.1.1377,Arachnia_rubra,false,Arachnia_rubra,Root;Bacteria;Actinobacteriota;Actinomycetia;Propionibacteriales;Propionibacteriaceae;Arachnia;Arachnia_rubra,JQ450352.1.1377
strong,1,JQ455381.1.1314,Lautropia_mirabilis,false,Lautropia_mirabilis,Root;Bacteria;Proteobacteria;Gammaproteobacteria;Burkholderiales;Burkholderiaceae;Lautropia;Lautropia_mirabilis,JQ455381.1.1314
strong,0,JF238916.1.1371,unclassified_Bacteria,false,unclassified_Bacteria,Root;Bacteria;unclassified_Bacteria,JF238916.1.1371
strong,1,JQ452399.1.1408,unclassified_Neisseria,false,unclassified_Neisseria,Root;Bacteria;Proteobacteria;Gammaproteobacteria;Burkholderiales;Neisseriaceae;Neisseria;unclassified_Neisseria,JQ452399.1.1408
strong,1,EF398318.1.1492,Faecalimonas_phoceensis,false,Faecalimonas_phoceensis,Root;Bacteria;Firmicutes_A;Clostridia;Lachnospirales;Lachnospiraceae;Faecalimonas;Faecalimonas_phoceensis,EF398318.1.1492
strong,1,JQ452700.1.1384,Corynebacterium_matruchotii,false,Corynebacterium_matruchotii,Root;Bacteria;Actinobacteriota;Actinomycetia;Mycobacteriales;Mycobacteriaceae;Corynebacterium;Corynebacterium_matruchotii,JQ452700.1.1384
strong,1,JQ460464.1.1400,unclassified_Prevotella,false,unclassified_Prevotella,Root;Bacteria;Bacteroidota;Bacteroidia;Bacteroidales;Bacteroidaceae;Prevotella;unclassified_Prevotella,JQ460464.1.1400
strong,1,GU413658.1.1224,unclassified_Root,false,unclassified_Root,Root;unclassified_Root,GU413658.1.1224
strong,1,FJ557792.1.1403,unclassified_Prevotella,false,unclassified_Prevotella,Root;Bacteria;Bacteroidota;Bacteroidia;Bacteroidales;Bacteroidaceae;Prevotella;unclassified_Prevotella,FJ557792.1.1403
strong,0,JF231450.1.1376,unclassified_Abiotrophia,false,unclassified_Abiotrophia,Root;Bacteria;Firmicutes;Bacilli;Lactobacillales;Aerococcaceae;Abiotrophia;unclassified_Abiotrophia,JF231450.1.1376
strong,1,JF231403.1.1360,unclassified_Porphyromonas,false,unclassified_Porphyromonas,Root;Bacteria;Bacteroidota;Bacteroidia;Bacteroidales;Porphyromonadaceae;Porphyromonas;unclassified_Porphyromonas,JF231403.1.1360
strong,1,JQ452653.1.1393,unclassified_Haemophilus_D,false,unclassified_Haemophilus_D,Root;Bacteria;Proteobacteria;Gammaproteobacteria;Enterobacterales;Pasteurellaceae;Haemophilus_D;unclassified_Haemophilus_D,JQ452653.1.1393
strong,0,JF220365.1.1371,unclassified_Streptococcus,false,unclassified_Streptococcus,Root;Bacteria;Firmicutes;Bacilli;Lactobacillales;Streptococcaceae;Streptococcus;unclassified_Streptococcus,JF220365.1.1371
strong,1,AY323228.1.1374,unclassified_Oribacterium,false,unclassified_Oribacterium,Root;Bacteria;Firmicutes_A;Clostridia;Lachnospirales;Lachnospiraceae;Oribacterium;unclassified_Oribacterium,AY323228.1.1374
strong,1,JF241929.1.1349,unclassified_Oribacterium,false,unclassified_Oribacterium,Root;Bacteria;Firmicutes_A;Clostridia;Lachnospirales;Lachnospiraceae;Oribacterium;unclassified_Oribacterium,JF241929.1.1349
strong,1,GU227192.1.1474,unclassified_Bacteria,false,unclassified_Bacteria,Root;Bacteria;unclassified_Bacteria,GU227192.1.1474
strong,1,AF550650.1.1555,Campylobacter_A_curvus,false,Campylobacter_A_curvus,Root;Bacteria;Campylobacterota;Campylobacteria;Campylobacterales;Campylobacteraceae;Campylobacter_A;Campylobacter_A_curvus,AF550650.1.1555
strong,0,JQ474008.1.1251,unclassified_Treponema_D,false,unclassified_Treponema_D,Root;Bacteria;Spirochaetota;Spirochaetia;Treponematales;Treponemataceae;Treponema_D;unclassified_Treponema_D,JQ474008.1.1251
strong,0,JQ448053.1.1401,Prevotella_conceptionensis,false,Prevotella_conceptionensis,Root;Bacteria;Bacteroidota;Bacteroidia;Bacteroidales;Bacteroidaceae;Prevotella;Prevotella_conceptionensis,JQ448053.1.1401
strong,0,JQ447821.1.1420,unclassified_Centipeda,false,unclassified_Centipeda,Root;Bacteria;Firmicutes_C;Negativicutes;Selenomonadales;Selenomonadaceae;Centipeda;unclassified_Centipeda,JQ447821.1.1420
strong,1,DQ016716.1.1447,unclassified_Centipeda,false,unclassified_Centipeda,Root;Bacteria;Firmicutes_C;Negativicutes;Selenomonadales;Selenomonadaceae;Centipeda;unclassified_Centipeda,DQ016716.1.1447
strong,0,JQ475311.1.1396,Catonella_morbi,false,Catonella_morbi,Root;Bacteria;Firmicutes_A;Clostridia;Lachnospirales;Lachnospiraceae;Catonella;Catonella_morbi,JQ475311.1.1396
strong,1,DQ009624.1.1492,Capnocytophaga_haemolytica,false,Capnocytophaga_haemolytica,Root;Bacteria;Bacteroidota;Bacteroidia;Flavobacteriales;Flavobacteriaceae;Capnocytophaga;Capnocytophaga_haemolytica,DQ009624.1.1492
strong,1,JQ454461.1.1386,Capnocytophaga_haemolytica,false,Capnocytophaga_haemolytica,Root;Bacteria;Bacteroidota;Bacteroidia;Flavobacteriales;Flavobacteriaceae;Capnocytophaga;Capnocytophaga_haemolytica,JQ454461.1.1386
strong,1,GU227180.1.1441,unclassified_Propionibacteriaceae,false,unclassified_Propionibacteriaceae,Root;Bacteria;Actinobacteriota;Actinomycetia;Propionibacteriales;Propionibacteriaceae;unclassified_Propionibacteriaceae,GU227180.1.1441
strong,1,HE681346.1.1511,unclassified_Root,false,unclassified_Root,Root;unclassified_Root,HE681346.1.1511
strong,0,JQ473788.1.1402,unclassified_Actinomyces,false,unclassified_Actinomyces,Root;Bacteria;Actinobacteriota;Actinomycetia;Actinomycetales;Actinomycetaceae;Actinomyces;unclassified_Actinomyces,JQ473788.1.1402
strong,1,HM172666.1.1381,unclassified_Corynebacterium,false,unclassified_Corynebacterium,Root;Bacteria;Actinobacteriota;Actinomycetia;Mycobacteriales;Mycobacteriaceae;Corynebacterium;unclassified_Corynebacterium,HM172666.1.1381
strong,0,JF214839.1.1367,unclassified_Streptococcus,false,unclassified_Streptococcus,Root;Bacteria;Firmicutes;Bacilli;Lactobacillales;Streptococcaceae;Streptococcus;unclassified_Streptococcus,JF214839.1.1367
strong,1,JQ455178.1.1375,HOT-345_sp013333605,false,HOT-345_sp013333605,Root;Bacteria;Patescibacteria;JAEDAM01;Absconditabacterales;X112;HOT-345;HOT-345_sp013333605,JQ455178.1.1375
strong,1,JQ359082.1.1446,unclassified_Pseudomonas_E,false,unclassified_Pseudomonas_E,Root;Bacteria;Proteobacteria;Gammaproteobacteria;Pseudomonadales;Pseudomonadaceae;Pseudomonas_E;unclassified_Pseudomonas_E,JQ359082.1.1446
strong,1,GU561415.1.1420,Neisseria_sp000090875,false,Neisseria_sp000090875,Root;Bacteria;Proteobacteria;Gammaproteobacteria;Burkholderiales;Neisseriaceae;Neisseria;Neisseria_sp000090875,GU561415.1.1420
strong,0,JQ457591.1.1392,Pauljensenia_hongkongensis,false,Pauljensenia_hongkongensis,Root;Bacteria;Actinobacteriota;Actinomycetia;Actinomycetales;Actinomycetaceae;Pauljensenia;Pauljensenia_hongkongensis,JQ457591.1.1392
strong,0,JF187745.1.1356,unclassified_Pauljensenia,false,unclassified_Pauljensenia,Root;Bacteria;Actinobacteriota;Actinomycetia;Actinomycetales;Actinomycetaceae;Pauljensenia;unclassified_Pauljensenia,JF187745.1.1356
strong,0,JQ455231.1.1360,unclassified_Fusobacterium,false,unclassified_Fusobacterium,Root;Bacteria;Fusobacteriota;Fusobacteriia;Fusobacteriales;Fusobacteriaceae;Fusobacterium;unclassified_Fusobacterium,JQ455231.1.1360
strong,0,JQ654203.1.1499,unclassified_Treponemataceae,false,unclassified_Treponemataceae,Root;Bacteria;Spirochaetota;Spirochaetia;Treponematales;Treponemataceae;unclassified_Treponemataceae,JQ654203.1.1499
strong,0,HE681404.1.1531,unclassified_Root,false,unclassified_Root,Root;unclassified_Root,HE681404.1.1531
strong,0,ADGQ01000048.63.1487,Peptostreptococcus_stomatis,false,Peptostreptococcus_stomatis,Root;Bacteria;Firmicutes_A;Clostridia;Peptostreptococcales;Peptostreptococcaceae;Peptostreptococcus;Peptostreptococcus_stomatis,ADGQ01000048.63.1487
strong,0,JQ475464.1.1374,unclassified_Fusobacterium,false,unclassified_Fusobacterium,Root;Bacteria;Fusobacteriota;Fusobacteriia;Fusobacteriales;Fusobacteriaceae;Fusobacterium;unclassified_Fusobacterium,JQ475464.1.1374
strong,0,GQ167660.1.1449,unclassified_Campylobacter_A,false,unclassified_Campylobacter_A,Root;Bacteria;Campylobacterota;Campylobacteria;Campylobacterales;Campylobacteraceae;Campylobacter_A;unclassified_Campylobacter_A,GQ167660.1.1449
strong,1,JF220326.1.1362,Prevotella_sp000163055,false,Prevotella_sp000163055,Root;Bacteria;Bacteroidota;Bacteroidia;Bacteroidales;Bacteroidaceae;Prevotella;Prevotella_sp000163055,JF220326.1.1362
strong,1,Y09959.1.1443,unclassified_Root,false,unclassified_Root,Root;unclassified_Root,Y09959.1.1443
strong,1,GU188566.1.1436,CAJPSE01_sp003860125,false,CAJPSE01_sp003860125,Root;Bacteria;Synergistota;Synergistia;Synergistales;Aminobacteriaceae;CAJPSE01;CAJPSE01_sp003860125,GU188566.1.1436
strong,0,JQ452714.1.1417,unclassified_Actinomyces,false,unclassified_Actinomyces,Root;Bacteria;Actinobacteriota;Actinomycetia;Actinomycetales;Actinomycetaceae;Actinomyces;unclassified_Actinomyces,JQ452714.1.1417
strong,1,GU432165.1.1236,unclassified_Root,false,unclassified_Root,Root;unclassified_Root,GU432165.1.1236
strong,1,EU768384.1.1367,unclassified_Haemophilus_D,false,unclassified_Haemophilus_D,Root;Bacteria;Proteobacteria;Gammaproteobacteria;Enterobacterales;Pasteurellaceae;Haemophilus_D;unclassified_Haemophilus_D,EU768384.1.1367
strong,1,FM996527.1.1514,Anaeroglobus_micronuciformis,false,Anaeroglobus_micronuciformis,Root;Bacteria;Firmicutes_C;Negativicutes;Veillonellales;Megasphaeraceae;Anaeroglobus;Anaeroglobus_micronuciformis,FM996527.1.1514
strong,0,GU427479.1.1458,Treponema_D_sp014334325,false,Treponema_D_sp014334325,Root;Bacteria;Spirochaetota;Spirochaetia;Treponematales;Treponemataceae;Treponema_D;Treponema_D_sp014334325,GU427479.1.1458
strong,1,JF150911.1.1363,unclassified_Root,false,unclassified_Root,Root;unclassified_Root,JF150911.1.1363
strong,1,JQ455215.1.1370,Leptotrichia_A_sp001274535,false,Leptotrichia_A_sp001274535,Root;Bacteria;Fusobacteriota;Fusobacteriia;Fusobacteriales;Leptotrichiaceae;Leptotrichia_A;Leptotrichia_A_sp001274535,JQ455215.1.1370
strong,0,JQ478228.1.1397,Treponema_B_denticola,false,Treponema_B_denticola,Root;Bacteria;Spirochaetota;Spirochaetia;Treponematales;Treponemataceae;Treponema_B;Treponema_B_denticola,JQ478228.1.1397
strong,1,AY349366.1.1543,unclassified_Actinomyces,false,unclassified_Actinomyces,Root;Bacteria;Actinobacteriota;Actinomycetia;Actinomycetales;Actinomycetaceae;Actinomyces;unclassified_Actinomyces,AY349366.1.1543
strong,0,JQ472192.1.1400,unclassified_Prevotella,false,unclassified_Prevotella,Root;Bacteria;Bacteroidota;Bacteroidia;Bacteroidales;Bacteroidaceae;Prevotella;unclassified_Prevotella,JQ472192.1.1400
strong,1,AY423746.1.1420,unclassified_Root,false,unclassified_Root,Root;unclassified_Root,AY423746.1.1420
strong,0,JQ475838.1.1418,Actinomyces_sp001278845,false,Actinomyces_sp001278845,Root;Bacteria;Actinobacteriota;Actinomycetia;Actinomycetales;Actinomycetaceae;Actinomyces;Actinomyces_sp001278845,JQ475838.1.1418
strong,1,JQ467992.1.1381,unclassified_Leptotrichiaceae,false,unclassified_Leptotrichiaceae,Root;Bacteria;Fusobacteriota;Fusobacteriia;Fusobacteriales;Leptotrichiaceae;unclassified_Leptotrichiaceae,JQ467992.1.1381
strong,1,JQ447773.1.1374,unclassified_Campylobacter_A,false,unclassified_Campylobacter_A,Root;Bacteria;Campylobacterota;Campylobacteria;Campylobacterales;Campylobacteraceae;Campylobacter_A;unclassified_Campylobacter_A,JQ447773.1.1374
strong,1,GZ793541.182.1466,unclassified_Neisseria,false,unclassified_Neisseria,Root;Bacteria;Proteobacteria;Gammaproteobacteria;Burkholderiales;Neisseriaceae;Neisseria;unclassified_Neisseria,GZ793541.182.1466
strong,0,JQ475429.1.1392,Prevotella_conceptionensis,false,Prevotella_conceptionensis,Root;Bacteria;Bacteroidota;Bacteroidia;Bacteroidales;Bacteroidaceae;Prevotella;Prevotella_conceptionensis,JQ475429.1.1392
strong,0,AEQO01000237.30.1459,Prevotella_salivae,false,Prevotella_salivae,Root;Bacteria;Bacteroidota;Bacteroidia;Bacteroidales;Bacteroidaceae;Prevotella;Prevotella_salivae,AEQO01000237.30.1459
strong,1,JQ465867.1.1296,unclassified_Fusobacterium,false,unclassified_Fusobacterium,Root;Bacteria;Fusobacteriota;Fusobacteriia;Fusobacteriales;Fusobacteriaceae;Fusobacterium;unclassified_Fusobacterium,JQ465867.1.1296
strong,1,JF146217.1.1372,Granulicatella_elegans,false,Granulicatella_elegans,Root;Bacteria;Firmicutes;Bacilli;Lactobacillales;Aerococcaceae;Granulicatella;Granulicatella_elegans,JF146217.1.1372
strong,1,JF229621.1.1361,Prevotella_aurantiaca,false,Prevotella_aurantiaca,Root;Bacteria;Bacteroidota;Bacteroidia;Bacteroidales;Bacteroidaceae;Prevotella;Prevotella_aurantiaca,JF229621.1.1361
strong,0,GU408663.1.1463,unclassified_Treponema,false,unclassified_Treponema,Root;Bacteria;Spirochaetota;Spirochaetia;Treponematales;Treponemataceae;Treponema;unclassified_Treponema,GU408663.1.1463
strong,0,JF130890.1.1361,Aggregatibacter_segnis,false,Aggregatibacter_segnis,Root;Bacteria;Proteobacteria;Gammaproteobacteria;Enterobacterales;Pasteurellaceae;Aggregatibacter;Aggregatibacter_segnis,JF130890.1.1361
strong,0,JQ468087.1.1402,unclassified_Root,false,unclassified_Root,Root;unclassified_Root,JQ468087.1.1402
strong,0,JQ474056.1.1401,unclassified_Prevotella,false,unclassified_Prevotella,Root;Bacteria;Bacteroidota;Bacteroidia;Bacteroidales;Bacteroidaceae;Prevotella;unclassified_Prevotella,JQ474056.1.1401
strong,1,HQ777058.1.1403,unclassified_Fusobacterium,false,unclassified_Fusobacterium,Root;Bacteria;Fusobacteriota;Fusobacteriia;Fusobacteriales;Fusobacteriaceae;Fusobacterium;unclassified_Fusobacterium,HQ777058.1.1403
strong,1,JF186297.1.1367,unclassified_Bacteria,false,unclassified_Bacteria,Root;Bacteria;unclassified_Bacteria,JF186297.1.1367
strong,0,JQ466557.1.1399,unclassified_Fusobacterium,false,unclassified_Fusobacterium,Root;Bacteria;Fusobacteriota;Fusobacteriia;Fusobacteriales;Fusobacteriaceae;Fusobacterium;unclassified_Fusobacterium,JQ466557.1.1399
strong,0,GM884218.1.1502,Hornefia_nodata,false,Hornefia_nodata,Root;Bacteria;Firmicutes_A;Clostridia;Peptostreptococcales;Anaerovoracaceae;Hornefia;Hornefia_nodata,GM884218.1.1502
strong,1,JQ475379.1.1403,unclassified_Treponema,false,unclassified_Treponema,Root;Bacteria;Spirochaetota;Spirochaetia;Treponematales;Treponemataceae;Treponema;unclassified_Treponema,JQ475379.1.1403
strong,1,FM873521.1.1477,unclassified_Root,false,unclassified_Root,Root;unclassified_Root,FM873521.1.1477
strong,1,HQ807487.1.1390,unclassified_Veillonella,false,unclassified_Veillonella,Root;Bacteria;Firmicutes_C;Negativicutes;Veillonellales;Veillonellaceae;Veillonella;unclassified_Veillonella,HQ807487.1.1390
strong,1,FM996618.1.1476,Prevotella_salivae,false,Prevotella_salivae,Root;Bacteria;Bacteroidota;Bacteroidia;Bacteroidales;Bacteroidaceae;Prevotella;Prevotella_salivae,FM996618.1.1476
strong,0,JQ474038.1.1406,Treponema_D_sp014334335,false,Treponema_D_sp014334335,Root;Bacteria;Spirochaetota;Spirochaetia;Treponematales;Treponemataceae;Treponema_D;Treponema_D_sp014334335,JQ474038.1.1406
strong,1,JQ448065.1.1401,unclassified_Veillonella,false,unclassified_Veillonella,Root;Bacteria;Firmicutes_C;Negativicutes;Veillonellales;Veillonellaceae;Veillonella;unclassified_Veillonella,JQ448065.1.1401
strong,1,EU763146.1.1380,unclassified_Veillonella,false,unclassified_Veillonella,Root;Bacteria;Firmicutes_C;Negativicutes;Veillonellales;Veillonellaceae;Veillonella;unclassified_Veillonella,EU763146.1.1380
strong,1,EU764527.1.1303,unclassified_Veillonella,false,unclassified_Veillonella,Root;Bacteria;Firmicutes_C;Negativicutes;Veillonellales;Veillonellaceae;Veillonella;unclassified_Veillonella,EU764527.1.1303
strong,1,EU779078.1.1293,unclassified_Gemmiger,false,unclassified_Gemmiger,Root;Bacteria;Firmicutes_A;Clostridia;Oscillospirales;Ruminococcaceae;Gemmiger;unclassified_Gemmiger,EU779078.1.1293
strong,1,DQ824571.1.1393,unclassified_Bacteria,false,unclassified_Bacteria,Root;Bacteria;unclassified_Bacteria,DQ824571.1.1393
strong,0,JF210702.1.1368,unclassified_Treponema,false,unclassified_Treponema,Root;Bacteria;Spirochaetota;Spirochaetia;Treponematales;Treponemataceae;Treponema;unclassified_Treponema,JF210702.1.1368
strong,1,JQ447910.1.1400,unclassified_Prevotella,false,unclassified_Prevotella,Root;Bacteria;Bacteroidota;Bacteroidia;Bacteroidales;Bacteroidaceae;Prevotella;unclassified_Prevotella,JQ447910.1.1400
strong,0,JQ477944.1.1380,unclassified_Fusobacterium,false,unclassified_Fusobacterium,Root;Bacteria;Fusobacteriota;Fusobacteriia;Fusobacteriales;Fusobacteriaceae;Fusobacterium;unclassified_Fusobacterium,JQ477944.1.1380
strong,1,JQ471785.1.1413,Selenomonas_sputigena,false,Selenomonas_sputigena,Root;Bacteria;Firmicutes_C;Negativicutes;Selenomonadales;Selenomonadaceae;Selenomonas;Selenomonas_sputigena,JQ471785.1.1413
strong,0,FJ470463.1.1526,unclassified_Veillonella,false,unclassified_Veillonella,Root;Bacteria;Firmicutes_C;Negativicutes;Veillonellales;Veillonellaceae;Veillonella;unclassified_Veillonella,FJ470463.1.1526
strong,1,JQ454854.1.1400,unclassified_Neisseria,false,unclassified_Neisseria,Root;Bacteria;Proteobacteria;Gammaproteobacteria;Burkholderiales;Neisseriaceae;Neisseria;unclassified_Neisseria,JQ454854.1.1400
strong,1,JQ477996.1.1420,unclassified_Actinomyces,false,unclassified_Actinomyces,Root;Bacteria;Actinobacteriota;Actinomycetia;Actinomycetales;Actinomycetaceae;Actinomyces;unclassified_Actinomyces,JQ477996.1.1420
strong,0,JQ467354.1.1339,unclassified_Fusobacterium,false,unclassified_Fusobacterium,Root;Bacteria;Fusobacteriota;Fusobacteriia;Fusobacteriales;Fusobacteriaceae;Fusobacterium;unclassified_Fusobacterium,JQ467354.1.1339
strong,1,FJ558274.1.1244,unclassified_Root,false,unclassified_Root,Root;unclassified_Root,FJ558274.1.1244
strong,1,KC001222.1.1314,unclassified_Granulicatella,false,unclassified_Granulicatella,Root;Bacteria;Firmicutes;Bacilli;Lactobacillales;Aerococcaceae;Granulicatella;unclassified_Granulicatella,KC001222.1.1314
strong,0,GU561349.1.1403,Prevotella_conceptionensis,false,Prevotella_conceptionensis,Root;Bacteria;Bacteroidota;Bacteroidia;Bacteroidales;Bacteroidaceae;Prevotella;Prevotella_conceptionensis,GU561349.1.1403
strong,1,U42009.1.1450,unclassified_Capnocytophaga,false,unclassified_Capnocytophaga,Root;Bacteria;Bacteroidota;Bacteroidia;Flavobacteriales;Flavobacteriaceae;Capnocytophaga;unclassified_Capnocytophaga,U42009.1.1450
strong,0,AY349385.1.1504,unclassified_Leptotrichia,false,unclassified_Leptotrichia,Root;Bacteria;Fusobacteriota;Fusobacteriia;Fusobacteriales;Leptotrichiaceae;Leptotrichia;unclassified_Leptotrichia,AY349385.1.1504
strong,0,JQ457774.1.1412,unclassified_Centipeda,false,unclassified_Centipeda,Root;Bacteria;Firmicutes_C;Negativicutes;Selenomonadales;Selenomonadaceae;Centipeda;unclassified_Centipeda,JQ457774.1.1412
strong,1,AF287776.1.1486,unclassified_Root,false,unclassified_Root,Root;unclassified_Root,AF287776.1.1486
strong,1,AF481219.1.1486,unclassified_Root,false,unclassified_Root,Root;unclassified_Root,AF481219.1.1486
strong,1,FJ470504.1.1484,unclassified_Root,false,unclassified_Root,Root;unclassified_Root,FJ470504.1.1484
strong,1,JQ460176.1.1377,unclassified_Prevotella,false,unclassified_Prevotella,Root;Bacteria;Bacteroidota;Bacteroidia;Bacteroidales;Bacteroidaceae;Prevotella;unclassified_Prevotella,JQ460176.1.1377
strong,1,JQ460809.1.1334,unclassified_Root,false,unclassified_Root,Root;unclassified_Root,JQ460809.1.1334
strong,1,DQ807011.1.1390,Ruminococcus_D_bicirculans,false,Ruminococcus_D_bicirculans,Root;Bacteria;Firmicutes_A;Clostridia;Oscillospirales;Ruminococcaceae;Ruminococcus_D;Ruminococcus_D_bicirculans,DQ807011.1.1390
strong,1,AF023029.1.1469,unclassified_Treponema_B,false,unclassified_Treponema_B,Root;Bacteria;Spirochaetota;Spirochaetia;Treponematales;Treponemataceae;Treponema_B;unclassified_Treponema_B,AF023029.1.1469
strong,1,JQ452624.1.1328,unclassified_Root,false,unclassified_Root,Root;unclassified_Root,JQ452624.1.1328
strong,0,FM995704.1.1414,Haemophilus_D_parainfluenzae_N,false,Haemophilus_D_parainfluenzae_N,Root;Bacteria;Proteobacteria;Gammaproteobacteria;Enterobacterales;Pasteurellaceae;Haemophilus_D;Haemophilus_D_parainfluenzae_N,FM995704.1.1414
strong,0,JQ455398.1.1416,unclassified_Abiotrophia,false,unclassified_Abiotrophia,Root;Bacteria;Firmicutes;Bacilli;Lactobacillales;Aerococcaceae;Abiotrophia;unclassified_Abiotrophia,JQ455398.1.1416
strong,0,AM420223.1.1227,Alloprevotella_sp003639005,false,Alloprevotella_sp003639005,Root;Bacteria;Bacteroidota;Bacteroidia;Bacteroidales;Bacteroidaceae;Alloprevotella;Alloprevotella_sp003639005,AM420223.1.1227
strong,1,FJ940882.1.1455,Prevotella_baroniae,false,Prevotella_baroniae,Root;Bacteria;Bacteroidota;Bacteroidia;Bacteroidales;Bacteroidaceae;Prevotella;Prevotella_baroniae,FJ940882.1.1455
strong,1,JQ455281.1.1401,JABCPE02_sp013333255,false,JABCPE02_sp013333255,Root;Bacteria;Bacteroidota;Bacteroidia;Flavobacteriales;Weeksellaceae;JABCPE02;JABCPE02_sp013333255,JQ455281.1.1401
strong,0,JQ456783.1.1401,JABCPE02_sp013333255,false,JABCPE02_sp013333255,Root;Bacteria;Bacteroidota;Bacteroidia;Flavobacteriales;Weeksellaceae;JABCPE02;JABCPE02_sp013333255,JQ456783.1.1401
strong,1,JQ451079.1.1389,unclassified_Porphyromonas,false,unclassified_Porphyromonas,Root;Bacteria;Bacteroidota;Bacteroidia;Bacteroidales;Porphyromonadaceae;Porphyromonas;unclassified_Porphyromonas,JQ451079.1.1389
strong,1,FM996790.1.1459,Prevotella_histicola,false,Prevotella_histicola,Root;Bacteria;Bacteroidota;Bacteroidia;Bacteroidales;Bacteroidaceae;Prevotella;Prevotella_histicola,FM996790.1.1459
strong,0,AF465777.1.1248,Metamycoplasma_hyosynoviae,false,Metamycoplasma_hyosynoviae,Root;Bacteria;Firmicutes;Bacilli;Mycoplasmatales;Metamycoplasmataceae;Metamycoplasma;Metamycoplasma_hyosynoviae,AF465777.1.1248
strong,1,JQ469111.1.1399,Eikenella_exigua,false,Eikenella_exigua,Root;Bacteria;Proteobacteria;Gammaproteobacteria;Burkholderiales;Neisseriaceae;Eikenella;Eikenella_exigua,JQ469111.1.1399
strong,1,JQ456072.1.1363,unclassified_Fusobacterium,false,unclassified_Fusobacterium,Root;Bacteria;Fusobacteriota;Fusobacteriia;Fusobacteriales;Fusobacteriaceae;Fusobacterium;unclassified_Fusobacterium,JQ456072.1.1363
strong,1,JQ468017.1.1370,unclassified_Fusobacterium,false,unclassified_Fusobacterium,Root;Bacteria;Fusobacteriota;Fusobacteriia;Fusobacteriales;Fusobacteriaceae;Fusobacterium;unclassified_Fusobacterium,JQ468017.1.1370
strong,0,JF143288.1.1346,Capnocytophaga_sputigena,false,Capnocytophaga_sputigena,Root;Bacteria;Bacteroidota;Bacteroidia;Flavobacteriales;Flavobacteriaceae;Capnocytophaga;Capnocytophaga_sputigena,JF143288.1.1346
strong,1,JQ468300.1.1423,unclassified_Bacteria,false,unclassified_Bacteria,Root;Bacteria;unclassified_Bacteria,JQ468300.1.1423
strong,1,HQ769829.1.1443,Lachnospira_rogosae_A,false,Lachnospira_rogosae_A,Root;Bacteria;Firmicutes_A;Clostridia;Lachnospirales;Lachnospiraceae;Lachnospira;Lachnospira_rogosae_A,HQ769829.1.1443
strong,1,JQ472165.1.1399,unclassified_Treponema_D,false,unclassified_Treponema_D,Root;Bacteria;Spirochaetota;Spirochaetia;Treponematales;Treponemataceae;Treponema_D;unclassified_Treponema_D,JQ472165.1.1399
strong,1,HQ760919.1.1471,unclassified_Bacteria,false,unclassified_Bacteria,Root;Bacteria;unclassified_Bacteria,HQ760919.1.1471
strong,0,JQ452498.1.1373,unclassified_Gemella,false,unclassified_Gemella,Root;Bacteria;Firmicutes;Bacilli;Staphylococcales;Gemellaceae;Gemella;unclassified_Gemella,JQ452498.1.1373
strong,0,HM318757.1.1360,Prevotella_saccharolytica,false,Prevotella_saccharolytica,Root;Bacteria;Bacteroidota;Bacteroidia;Bacteroidales;Bacteroidaceae;Prevotella;Prevotella_saccharolytica,HM318757.1.1360
strong,0,JQ447858.1.1353,GN02-872_sp003260325,false,GN02-872_sp003260325,Root;Bacteria;Patescibacteria;JAEDAM01;BD1-5;UBA6164;GN02-872;GN02-872_sp003260325,JQ447858.1.1353
strong,1,JQ450465.1.1396,unclassified_Pasteurellaceae,false,unclassified_Pasteurellaceae,Root;Bacteria;Proteobacteria;Gammaproteobacteria;Enterobacterales;Pasteurellaceae;unclassified_Pasteurellaceae,JQ450465.1.1396
strong,1,JQ455322.1.1364,GN02-872_sp003260325,false,GN02-872_sp003260325,Root;Bacteria;Patescibacteria;JAEDAM01;BD1-5;UBA6164;GN02-872;GN02-872_sp003260325,JQ455322.1.1364
strong,0,FJ773364.1.1385,unclassified_Capnocytophaga,false,unclassified_Capnocytophaga,Root;Bacteria;Bacteroidota;Bacteroidia;Flavobacteriales;Flavobacteriaceae;Capnocytophaga;unclassified_Capnocytophaga,FJ773364.1.1385
strong,1,JQ460181.1.1411,Prevotella_sp000257925,false,Prevotella_sp000257925,Root;Bacteria;Bacteroidota;Bacteroidia;Bacteroidales;Bacteroidaceae;Prevotella;Prevotella_sp000257925,JQ460181.1.1411
strong,1,JF154482.1.1370,unclassified_Streptococcus,false,unclassified_Streptococcus,Root;Bacteria;Firmicutes;Bacilli;Lactobacillales;Streptococcaceae;Streptococcus;unclassified_Streptococcus,JF154482.1.1370
strong,0,JF232082.1.1361,unclassified_Pasteurellaceae,false,unclassified_Pasteurellaceae,Root;Bacteria;Proteobacteria;Gammaproteobacteria;Enterobacterales;Pasteurellaceae;unclassified_Pasteurellaceae,JF232082.1.1361
strong,1,JQ467066.1.1389,unclassified_Peptoanaerobacter,false,unclassified_Peptoanaerobacter,Root;Bacteria;Firmicutes_A;Clostridia;Peptostreptococcales;Filifactoraceae;Peptoanaerobacter;unclassified_Peptoanaerobacter,JQ467066.1.1389
strong,0,AJ575186.1.1517,unclassified_Actinomyces,false,unclassified_Actinomyces,Root;Bacteria;Actinobacteriota;Actinomycetia;Actinomycetales;Actinomycetaceae;Actinomyces;unclassified_Actinomyces,AJ575186.1.1517
strong,1,AY134896.1.1487,unclassified_Leptotrichia,false,unclassified_Leptotrichia,Root;Bacteria;Fusobacteriota;Fusobacteriia;Fusobacteriales;Leptotrichiaceae;Leptotrichia;unclassified_Leptotrichia,AY134896.1.1487
strong,1,JN713565.1.1497,unclassified_Treponema_B,false,unclassified_Treponema_B,Root;Bacteria;Spirochaetota;Spirochaetia;Treponematales;Treponemataceae;Treponema_B;unclassified_Treponema_B,JN713565.1.1497
strong,1,JQ451916.1.1404,unclassified_Gemella,false,unclassified_Gemella,Root;Bacteria;Firmicutes;Bacilli;Staphylococcales;Gemellaceae;Gemella;unclassified_Gemella,JQ451916.1.1404
strong,1,AF481227.1.1485,Prevotella_marshii,false,Prevotella_marshii,Root;Bacteria;Bacteroidota;Bacteroidia;Bacteroidales;Bacteroidaceae;Prevotella;Prevotella_marshii,AF481227.1.1485
strong,1,JQ452463.1.1372,Capnocytophaga_granulosa,false,Capnocytophaga_granulosa,Root;Bacteria;Bacteroidota;Bacteroidia;Flavobacteriales;Flavobacteriaceae;Capnocytophaga;Capnocytophaga_granulosa,JQ452463.1.1372
strong,1,EU663607.1.1411,unclassified_Prevotella,false,unclassified_Prevotella,Root;Bacteria;Bacteroidota;Bacteroidia;Bacteroidales;Bacteroidaceae;Prevotella;unclassified_Prevotella,EU663607.1.1411
strong,1,AY005065.1.1524,unclassified_Root,false,unclassified_Root,Root;unclassified_Root,AY005065.1.1524
strong,1,DQ799650.1.1397,Bacteroides_caccae,false,Bacteroides_caccae,Root;Bacteria;Bacteroidota;Bacteroidia;Bacteroidales;Bacteroidaceae;Bacteroides;Bacteroides_caccae,DQ799650.1.1397
strong,1,JQ467859.1.1398,Tannerella_sp002890585,false,Tannerella_sp002890585,Root;Bacteria;Bacteroidota;Bacteroidia;Bacteroidales;Tannerellaceae;Tannerella;Tannerella_sp002890585,JQ467859.1.1398
strong,0,GU408776.1.1470,unclassified_Root,false,unclassified_Root,Root;unclassified_Root,GU408776.1.1470
strong,0,JQ654192.1.1495,unclassified_Root,false,unclassified_Root,Root;unclassified_Root,JQ654192.1.1495
strong,0,JQ474792.1.1408,unclassified_Treponema,false,unclassified_Treponema,Root;Bacteria;Spirochaetota;Spirochaetia;Treponematales;Treponemataceae;Treponema;unclassified_Treponema,JQ474792.1.1408
strong,0,DQ003636.1.1454,unclassified_Centipeda,false,unclassified_Centipeda,Root;Bacteria;Firmicutes_C;Negativicutes;Selenomonadales;Selenomonadaceae;Centipeda;unclassified_Centipeda,DQ003636.1.1454
strong,0,JQ654118.1.1498,Treponema_C_maltophilum,false,Treponema_C_maltophilum,Root;Bacteria;Spirochaetota;Spirochaetia;Treponematales;Treponemataceae;Treponema_C;Treponema_C_maltophilum,JQ654118.1.1498
strong,0,DQ012328.1.1486,Capnocytophaga_endodontalis,false,Capnocytophaga_endodontalis,Root;Bacteria;Bacteroidota;Bacteroidia;Flavobacteriales;Flavobacteriaceae;Capnocytophaga;Capnocytophaga_endodontalis,DQ012328.1.1486
strong,1,JQ449281.1.1398,unclassified_Gammaproteobacteria,false,unclassified_Gammaproteobacteria,Root;Bacteria;Proteobacteria;Gammaproteobacteria;unclassified_Gammaproteobacteria,JQ449281.1.1398
strong,0,X67149.1.1349,Lancefieldella_rimae,false,Lancefieldella_rimae,Root;Bacteria;Actinobacteriota;Coriobacteriia;Coriobacteriales;Atopobiaceae;Lancefieldella;Lancefieldella_rimae,X67149.1.1349
strong,0,GQ159687.1.1472,Prevotella_buccae,false,Prevotella_buccae,Root;Bacteria;Bacteroidota;Bacteroidia;Bacteroidales;Bacteroidaceae;Prevotella;Prevotella_buccae,GQ159687.1.1472
strong,1,AJ005635.1.1447,Prevotella_enoeca,false,Prevotella_enoeca,Root;Bacteria;Bacteroidota;Bacteroidia;Bacteroidales;Bacteroidaceae;Prevotella;Prevotella_enoeca,AJ005635.1.1447
strong,1,JF216619.1.1327,Fusobacterium_massiliense,false,Fusobacterium_massiliense,Root;Bacteria;Fusobacteriota;Fusobacteriia;Fusobacteriales;Fusobacteriaceae;Fusobacterium;Fusobacterium_massiliense,JF216619.1.1327
strong,0,FJ470514.1.1503,unclassified_Actinomycetales,false,unclassified_Actinomycetales,Root;Bacteria;Actinobacteriota;Actinomycetia;Actinomycetales;unclassified_Actinomycetales,FJ470514.1.1503
strong,1,JQ450650.1.1403,unclassified_Actinomyces,false,unclassified_Actinomyces,Root;Bacteria;Actinobacteriota;Actinomycetia;Actinomycetales;Actinomycetaceae;Actinomyces;unclassified_Actinomyces,JQ450650.1.1403
strong,0,JQ470905.1.1394,Bacteroides_D_sp905373475,false,Bacteroides_D_sp905373475,Root;Bacteria;Bacteroidota;Bacteroidia;Bacteroidales;CAJPTX01;Bacteroides_D;Bacteroides_D_sp905373475,JQ470905.1.1394
strong,0,JQ475488.1.1396,Prevotella_conceptionensis,false,Prevotella_conceptionensis,Root;Bacteria;Bacteroidota;Bacteroidia;Bacteroidales;Bacteroidaceae;Prevotella;Prevotella_conceptionensis,JQ475488.1.1396
strong,1,AF182837.1.1498,unclassified_Root,false,unclassified_Root,Root;unclassified_Root,AF182837.1.1498
strong,1,JF151899.1.1372,unclassified_Root,false,unclassified_Root,Root;unclassified_Root,JF151899.1.1372
strong,1,JX543478.1.1514,unclassified_Root,false,unclassified_Root,Root;unclassified_Root,JX543478.1.1514
strong,1,JQ474837.1.1402,unclassified_Rothia,false,unclassified_Rothia,Root;Bacteria;Actinobacteriota;Actinomycetia;Actinomycetales;Micrococcaceae;Rothia;unclassified_Rothia,JQ474837.1.1402
strong,1,JF208203.1.1361,Peptidiphaga_gingivicola,false,Peptidiphaga_gingivicola,Root;Bacteria;Actinobacteriota;Actinomycetia;Actinomycetales;Actinomycetaceae;Peptidiphaga;Peptidiphaga_gingivicola,JF208203.1.1361
strong,1,AY349363.1.1532,unclassified_Actinomycetaceae,false,unclassified_Actinomycetaceae,Root;Bacteria;Actinobacteriota;Actinomycetia;Actinomycetales;Actinomycetaceae;unclassified_Actinomycetaceae,AY349363.1.1532
strong,0,FM997726.1.1414,Capnocytophaga_leadbetteri,false,Capnocytophaga_leadbetteri,Root;Bacteria;Bacteroidota;Bacteroidia;Flavobacteriales;Flavobacteriaceae;Capnocytophaga;Capnocytophaga_leadbetteri,FM997726.1.1414
strong,1,HE681269.1.1528,unclassified_Peptoanaerobacter,false,unclassified_Peptoanaerobacter,Root;Bacteria;Firmicutes_A;Clostridia;Peptostreptococcales;Filifactoraceae;Peptoanaerobacter;unclassified_Peptoanaerobacter,HE681269.1.1528
strong,1,HQ799613.1.1443,unclassified_Lachnospiraceae,false,unclassified_Lachnospiraceae,Root;Bacteria;Firmicutes_A;Clostridia;Lachnospirales;Lachnospiraceae;unclassified_Lachnospiraceae,HQ799613.1.1443
strong,1,FJ470491.1.1516,unclassified_Root,false,unclassified_Root,Root;unclassified_Root,FJ470491.1.1516
strong,1,DQ809018.1.1280,unclassified_Faecalibacterium,false,unclassified_Faecalibacterium,Root;Bacteria;Firmicutes_A;Clostridia;Oscillospirales;Ruminococcaceae;Faecalibacterium;unclassified_Faecalibacterium,DQ809018.1.1280
strong,0,JQ452487.1.1287,Peptidiphaga_sp000466165,false,Peptidiphaga_sp000466165,Root;Bacteria;Actinobacteriota;Actinomycetia;Actinomycetales;Actinomycetaceae;Peptidiphaga;Peptidiphaga_sp000466165,JQ452487.1.1287
strong,1,JQ469604.1.1393,Peptoanaerobacter_yurii,false,Peptoanaerobacter_yurii,Root;Bacteria;Firmicutes_A;Clostridia;Peptostreptococcales;Filifactoraceae;Peptoanaerobacter;Peptoanaerobacter_yurii,JQ469604.1.1393
strong,1,JQ451985.1.1383,Capnocytophaga_granulosa,false,Capnocytophaga_granulosa,Root;Bacteria;Bacteroidota;Bacteroidia;Flavobacteriales;Flavobacteriaceae;Capnocytophaga;Capnocytophaga_granulosa,JQ451985.1.1383
strong,0,JQ455591.1.1393,Cardiobacterium_hominis,false,Cardiobacterium_hominis,Root;Bacteria;Proteobacteria;Gammaproteobacteria;Cardiobacteriales;Cardiobacteriaceae;Cardiobacterium;Cardiobacterium_hominis,JQ455591.1.1393
strong,0,JQ457847.1.1403,Corynebacterium_matruchotii,false,Corynebacterium_matruchotii,Root;Bacteria;Actinobacteriota;Actinomycetia;Mycobacteriales;Mycobacteriaceae;Corynebacterium;Corynebacterium_matruchotii,JQ457847.1.1403
strong,1,X80414.1.1415,Actinomyces_gerencseriae,false,Actinomyces_gerencseriae,Root;Bacteria;Actinobacteriota;Actinomycetia;Actinomycetales;Actinomycetaceae;Actinomyces;Actinomyces_gerencseriae,X80414.1.1415
strong,1,GAJK01095101.106.1432,unclassified_Root,false,unclassified_Root,Root;unclassified_Root,GAJK01095101.106.1432
strong,1,JF184797.1.1352,Stomatobaculum_longum,false,Stomatobaculum_longum,Root;Bacteria;Firmicutes_A;Clostridia;Lachnospirales;Lachnospiraceae;Stomatobaculum;Stomatobaculum_longum,JF184797.1.1352
strong,1,JQ455291.1.1388,Capnocytophaga_haemolytica,false,Capnocytophaga_haemolytica,Root;Bacteria;Bacteroidota;Bacteroidia;Flavobacteriales;Flavobacteriaceae;Capnocytophaga;Capnocytophaga_haemolytica,JQ455291.1.1388
strong,1,JQ455477.1.1394,unclassified_Root,false,unclassified_Root,Root;unclassified_Root,JQ455477.1.1394
strong,1,JQ452687.1.1398,unclassified_Pasteurellaceae,false,unclassified_Pasteurellaceae,Root;Bacteria;Proteobacteria;Gammaproteobacteria;Enterobacterales;Pasteurellaceae;unclassified_Pasteurellaceae,JQ452687.1.1398
strong,0,KF385058.1.1410,Aggregatibacter_aphrophilus,false,Aggregatibacter_aphrophilus,Root;Bacteria;Proteobacteria;Gammaproteobacteria;Enterobacterales;Pasteurellaceae;Aggregatibacter;Aggregatibacter_aphrophilus,KF385058.1.1410
strong,0,JF229649.1.1365,unclassified_Bacteria,false,unclassified_Bacteria,Root;Bacteria;unclassified_Bacteria,JF229649.1.1365
strong,1,AF287771.1.1463,Oribacterium_sp000160135,false,Oribacterium_sp000160135,Root;Bacteria;Firmicutes_A;Clostridia;Lachnospirales;Lachnospiraceae;Oribacterium;Oribacterium_sp000160135,AF287771.1.1463
strong,1,FJ470483.1.1514,unclassified_Root,false,unclassified_Root,Root;unclassified_Root,FJ470483.1.1514
strong,1,JF116233.1.1347,Cutibacterium_acnes,false,Cutibacterium_acnes,Root;Bacteria;Actinobacteriota;Actinomycetia;Propionibacteriales;Propionibacteriaceae;Cutibacterium;Cutibacterium_acnes,JF116233.1.1347
strong,0,JQ452601.1.1231,Leptotrichia_hofstadii,false,Leptotrichia_hofstadii,Root;Bacteria;Fusobacteriota;Fusobacteriia;Fusobacteriales;Leptotrichiaceae;Leptotrichia;Leptotrichia_hofstadii,JQ452601.1.1231
strong,0,EU767330.1.1363,unclassified_Haemophilus_D,false,unclassified_Haemophilus_D,Root;Bacteria;Proteobacteria;Gammaproteobacteria;Enterobacterales;Pasteurellaceae;Haemophilus_D;unclassified_Haemophilus_D,EU767330.1.1363
strong,1,JQ460482.1.1399,unclassified_Bacteria,false,unclassified_Bacteria,Root;Bacteria;unclassified_Bacteria,JQ460482.1.1399
strong,1,JF173909.1.1387,unclassified_Negativicutes,false,unclassified_Negativicutes,Root;Bacteria;Firmicutes_C;Negativicutes;unclassified_Negativicutes,JF173909.1.1387
strong,0,JF091690.1.1353,unclassified_Lachnoanaerobaculum,false,unclassified_Lachnoanaerobaculum,Root;Bacteria;Firmicutes_A;Clostridia;Lachnospirales;Lachnospiraceae;Lachnoanaerobaculum;unclassified_Lachnoanaerobaculum,JF091690.1.1353
strong,1,JQ472527.1.1353,unclassified_Nanosynbacter,false,unclassified_Nanosynbacter,Root;Bacteria;Patescibacteria;Saccharimonadia;Saccharimonadales;Nanosynbacteraceae;Nanosynbacter;unclassified_Nanosynbacter,JQ472527.1.1353
strong,1,JF141755.1.1356,unclassified_Fusobacteriaceae,false,unclassified_Fusobacteriaceae,Root;Bacteria;Fusobacteriota;Fusobacteriia;Fusobacteriales;Fusobacteriaceae;unclassified_Fusobacteriaceae,JF141755.1.1356
strong,1,JQ451050.1.1405,unclassified_Root,false,unclassified_Root,Root;unclassified_Root,JQ451050.1.1405
strong,1,FJ470440.1.1493,unclassified_Root,false,unclassified_Root,Root;unclassified_Root,FJ470440.1.1493
strong,1,FJ763637.1.1406,unclassified_Neisseria,false,unclassified_Neisseria,Root;Bacteria;Proteobacteria;Gammaproteobacteria;Burkholderiales;Neisseriaceae;Neisseria;unclassified_Neisseria,FJ763637.1.1406
strong,0,JQ454470.1.1394,Prevotella_conceptionensis,false,Prevotella_conceptionensis,Root;Bacteria;Bacteroidota;Bacteroidia;Bacteroidales;Bacteroidaceae;Prevotella;Prevotella_conceptionensis,JQ454470.1.1394
strong,0,AMEM01000002.1.1339,Corynebacterium_durum,false,Corynebacterium_durum,Root;Bacteria;Actinobacteriota;Actinomycetia;Mycobacteriales;Mycobacteriaceae;Corynebacterium;Corynebacterium_durum,AMEM01000002.1.1339
strong,1,JQ450640.1.1353,Lautropia_mirabilis,false,Lautropia_mirabilis,Root;Bacteria;Proteobacteria;Gammaproteobacteria;Burkholderiales;Burkholderiaceae;Lautropia;Lautropia_mirabilis,JQ450640.1.1353
strong,1,HQ757349.1.1443,Shuttleworthia_satelles,false,Shuttleworthia_satelles,Root;Bacteria;Firmicutes_A;Clostridia;Lachnospirales;Lachnospiraceae;Shuttleworthia;Shuttleworthia_satelles,HQ757349.1.1443
strong,0,JQ453506.1.1278,Capnocytophaga_sputigena,false,Capnocytophaga_sputigena,Root;Bacteria;Bacteroidota;Bacteroidia;Flavobacteriales;Flavobacteriaceae;Capnocytophaga;Capnocytophaga_sputigena,JQ453506.1.1278
strong,1,JQ451972.1.1378,unclassified_Root,false,unclassified_Root,Root;unclassified_Root,JQ451972.1.1378
strong,1,JQ213120.1.1347,unclassified_Parvimonas,false,unclassified_Parvimonas,Root;Bacteria;Firmicutes_A;Clostridia;Tissierellales;Peptoniphilaceae;Parvimonas;unclassified_Parvimonas,JQ213120.1.1347
strong,0,JQ476846.1.1391,unclassified_Root,false,unclassified_Root,Root;unclassified_Root,JQ476846.1.1391
strong,0,JF089031.1.1367,Corynebacterium_matruchotii,false,Corynebacterium_matruchotii,Root;Bacteria;Actinobacteriota;Actinomycetia;Mycobacteriales;Mycobacteriaceae;Corynebacterium;Corynebacterium_matruchotii,JF089031.1.1367
strong,1,JQ460638.1.1395,unclassified_Alloprevotella,false,unclassified_Alloprevotella,Root;Bacteria;Bacteroidota;Bacteroidia;Bacteroidales;Bacteroidaceae;Alloprevotella;unclassified_Alloprevotella,JQ460638.1.1395
strong,1,FM997539.1.1427,unclassified_Alloprevotella,false,unclassified_Alloprevotella,Root;Bacteria;Bacteroidota;Bacteroidia;Bacteroidales;Bacteroidaceae;Alloprevotella;unclassified_Alloprevotella,FM997539.1.1427
strong,0,JQ469970.1.1406,unclassified_Aerococcaceae,false,unclassified_Aerococcaceae,Root;Bacteria;Firmicutes;Bacilli;Lactobacillales;Aerococcaceae;unclassified_Aerococcaceae,JQ469970.1.1406
strong,1,JF127027.1.1354,Cutibacterium_acnes,false,Cutibacterium_acnes,Root;Bacteria;Actinobacteriota;Actinomycetia;Propionibacteriales;Propionibacteriaceae;Cutibacterium;Cutibacterium_acnes,JF127027.1.1354
strong,1,HQ749447.1.1476,Anaeroglobus_massiliensis,false,Anaeroglobus_massiliensis,Root;Bacteria;Firmicutes_C;Negativicutes;Veillonellales;Megasphaeraceae;Anaeroglobus;Anaeroglobus_massiliensis,HQ749447.1.1476
strong,0,JQ451739.1.1406,unclassified_Actinomyces,false,unclassified_Actinomyces,Root;Bacteria;Actinobacteriota;Actinomycetia;Actinomycetales;Actinomycetaceae;Actinomyces;unclassified_Actinomyces,JQ451739.1.1406
strong,0,JQ468963.1.1376,Campylobacter_B_gracilis,false,Campylobacter_B_gracilis,Root;Bacteria;Campylobacterota;Campylobacteria;Campylobacterales;Campylobacteraceae;Campylobacter_B;Campylobacter_B_gracilis,JQ468963.1.1376
strong,0,JQ467821.1.1363,Capnocytophaga_endodontalis,false,Capnocytophaga_endodontalis,Root;Bacteria;Bacteroidota;Bacteroidia;Flavobacteriales;Flavobacteriaceae;Capnocytophaga;Capnocytophaga_endodontalis,JQ467821.1.1363
strong,0,JQ471748.1.1409,unclassified_Treponema,false,unclassified_Treponema,Root;Bacteria;Spirochaetota;Spirochaetia;Treponematales;Treponemataceae;Treponema;unclassified_Treponema,JQ471748.1.1409
strong,0,JF146160.1.1334,Leptotrichia_massiliensis,false,Leptotrichia_massiliensis,Root;Bacteria;Fusobacteriota;Fusobacteriia;Fusobacteriales;Leptotrichiaceae;Leptotrichia;Leptotrichia_massiliensis,JF146160.1.1334
strong,0,JQ471165.1.1387,Prevotella_conceptionensis,false,Prevotella_conceptionensis,Root;Bacteria;Bacteroidota;Bacteroidia;Bacteroidales;Bacteroidaceae;Prevotella;Prevotella_conceptionensis,JQ471165.1.1387
strong,1,DQ809192.1.1394,UMGS27_sp900538555,false,UMGS27_sp900538555,Root;Bacteria;Bacteroidota;Bacteroidia;Bacteroidales;Barnesiellaceae;UMGS27;UMGS27_sp900538555,DQ809192.1.1394
strong,1,JN084209.1.1374,Phocaeicola_vulgatus,false,Phocaeicola_vulgatus,Root;Bacteria;Bacteroidota;Bacteroidia;Bacteroidales;Bacteroidaceae;Phocaeicola;Phocaeicola_vulgatus,JN084209.1.1374
strong,0,FM997429.1.1393,unclassified_Porphyromonas,false,unclassified_Porphyromonas,Root;Bacteria;Bacteroidota;Bacteroidia;Bacteroidales;Porphyromonadaceae;Porphyromonas;unclassified_Porphyromonas,FM997429.1.1393
strong,0,JF122898.1.1348,Mogibacterium_diversum,false,Mogibacterium_diversum,Root;Bacteria;Firmicutes_A;Clostridia;Peptostreptococcales;Anaerovoracaceae;Mogibacterium;Mogibacterium_diversum,JF122898.1.1348
strong,1,EF399991.1.1493,unclassified_Prevotella,false,unclassified_Prevotella,Root;Bacteria;Bacteroidota;Bacteroidia;Bacteroidales;Bacteroidaceae;Prevotella;unclassified_Prevotella,EF399991.1.1493
strong,1,JQ465609.1.1318,unclassified_Fusobacterium,false,unclassified_Fusobacterium,Root;Bacteria;Fusobacteriota;Fusobacteriia;Fusobacteriales;Fusobacteriaceae;Fusobacterium;unclassified_Fusobacterium,JQ465609.1.1318
strong,1,JQ467964.1.1401,Alloprevotella_tannerae,false,Alloprevotella_tannerae,Root;Bacteria;Bacteroidota;Bacteroidia;Bacteroidales;Bacteroidaceae;Alloprevotella;Alloprevotella_tannerae,JQ467964.1.1401
strong,1,FJ470571.1.1493,unclassified_Bacteria,false,unclassified_Bacteria,Root;Bacteria;unclassified_Bacteria,FJ470571.1.1493
strong,1,ACUX02000006.1.1301,Slackia_exigua,false,Slackia_exigua,Root;Bacteria;Actinobacteriota;Coriobacteriia;Coriobacteriales;Eggerthellaceae;Slackia;Slackia_exigua,ACUX02000006.1.1301
strong,0,GM884491.1.1514,unclassified_Root,false,unclassified_Root,Root;unclassified_Root,GM884491.1.1514
strong,1,DQ795473.1.1393,unclassified_Lachnospiraceae,false,unclassified_Lachnospiraceae,Root;Bacteria;Firmicutes_A;Clostridia;Lachnospirales;Lachnospiraceae;unclassified_Lachnospiraceae,DQ795473.1.1393
strong,1,KC001977.1.1372,unclassified_Citrobacter,false,unclassified_Citrobacter,Root;Bacteria;Proteobacteria;Gammaproteobacteria;Enterobacterales;Enterobacteriaceae;Citrobacter;unclassified_Citrobacter,KC001977.1.1372
strong,1,AF366272.1.1505,unclassified_Leptotrichia,false,unclassified_Leptotrichia,Root;Bacteria;Fusobacteriota;Fusobacteriia;Fusobacteriales;Leptotrichiaceae;Leptotrichia;unclassified_Leptotrichia,AF366272.1.1505
strong,0,JQ474018.1.1417,unclassified_Centipeda,false,unclassified_Centipeda,Root;Bacteria;Firmicutes_C;Negativicutes;Selenomonadales;Selenomonadaceae;Centipeda;unclassified_Centipeda,JQ474018.1.1417
strong,1,AF458222.1.1493,unclassified_Centipeda,false,unclassified_Centipeda,Root;Bacteria;Firmicutes_C;Negativicutes;Selenomonadales;Selenomonadaceae;Centipeda;unclassified_Centipeda,AF458222.1.1493
strong,1,JF194500.1.1350,unclassified_Root,false,unclassified_Root,Root;unclassified_Root,JF194500.1.1350
strong,1,AY976008.1.1354,Alistipes_finegoldii,false,Alistipes_finegoldii,Root;Bacteria;Bacteroidota;Bacteroidia;Bacteroidales;Rikenellaceae;Alistipes;Alistipes_finegoldii,AY976008.1.1354
strong,1,HQ774387.1.1461,Parasutterella_gallistercoris,false,Parasutterella_gallistercoris,Root;Bacteria;Proteobacteria;Gammaproteobacteria;Burkholderiales;Burkholderiaceae;Parasutterella;Parasutterella_gallistercoris,HQ774387.1.1461
strong,1,JQ467024.1.1344,unclassified_Root,false,unclassified_Root,Root;unclassified_Root,JQ467024.1.1344
strong,0,JQ470143.1.1399,unclassified_Root,false,unclassified_Root,Root;unclassified_Root,JQ470143.1.1399
strong,1,AY977912.1.1346,unclassified_Root,false,unclassified_Root,Root;unclassified_Root,AY977912.1.1346
strong,1,GU227221.1.1448,unclassified_Root,false,unclassified_Root,Root;unclassified_Root,GU227221.1.1448
strong,1,HM809932.1.1361,unclassified_Enterobacteriaceae,false,unclassified_Enterobacteriaceae,Root;Bacteria;Proteobacteria;Gammaproteobacteria;Enterobacterales;Enterobacteriaceae;unclassified_Enterobacteriaceae,HM809932.1.1361
strong,1,KC691177.1.1456,unclassified_Enterobacteriaceae,false,unclassified_Enterobacteriaceae,Root;Bacteria;Proteobacteria;Gammaproteobacteria;Enterobacterales;Enterobacteriaceae;unclassified_Enterobacteriaceae,KC691177.1.1456
strong,0,GQ000517.1.1387,Actinomyces_massiliensis,false,Actinomyces_massiliensis,Root;Bacteria;Actinobacteriota;Actinomycetia;Actinomycetales;Actinomycetaceae;Actinomyces;Actinomyces_massiliensis,GQ000517.1.1387
strong,0,GQ068444.1.1362,Neisseria_elongata,false,Neisseria_elongata,Root;Bacteria;Proteobacteria;Gammaproteobacteria;Burkholderiales;Neisseriaceae;Neisseria;Neisseria_elongata,GQ068444.1.1362
strong,1,JF141334.1.1371,unclassified_Streptococcus,false,unclassified_Streptococcus,Root;Bacteria;Firmicutes;Bacilli;Lactobacillales;Streptococcaceae;Streptococcus;unclassified_Streptococcus,JF141334.1.1371
strong,1,JQ454788.1.1389,Kingella_A_denitrificans,false,Kingella_A_denitrificans,Root;Bacteria;Proteobacteria;Gammaproteobacteria;Burkholderiales;Neisseriaceae;Kingella_A;Kingella_A_denitrificans,JQ454788.1.1389
strong,0,JF229376.1.1339,unclassified_Root,false,unclassified_Root,Root;unclassified_Root,JF229376.1.1339
strong,1,AY976633.1.1359,unclassified_Bacteroides,false,unclassified_Bacteroides,Root;Bacteria;Bacteroidota;Bacteroidia;Bacteroidales;Bacteroidaceae;Bacteroides;unclassified_Bacteroides,AY976633.1.1359
strong,0,JQ452555.1.1392,unclassified_Neisseriaceae,false,unclassified_Neisseriaceae,Root;Bacteria;Proteobacteria;Gammaproteobacteria;Burkholderiales;Neisseriaceae;unclassified_Neisseriaceae,JQ452555.1.1392
strong,1,JQ449590.1.1397,unclassified_Pasteurellaceae,false,unclassified_Pasteurellaceae,Root;Bacteria;Proteobacteria;Gammaproteobacteria;Enterobacterales;Pasteurellaceae;unclassified_Pasteurellaceae,JQ449590.1.1397
strong,1,AF385536.1.1504,unclassified_Root,false,unclassified_Root,Root;unclassified_Root,AF385536.1.1504
strong,1,JF803601.1.1386,unclassified_Pauljensenia,false,unclassified_Pauljensenia,Root;Bacteria;Actinobacteriota;Actinomycetia;Actinomycetales;Actinomycetaceae;Pauljensenia;unclassified_Pauljensenia,JF803601.1.1386
strong,0,JF114703.1.1333,unclassified_Leptotrichia,false,unclassified_Leptotrichia,Root;Bacteria;Fusobacteriota;Fusobacteriia;Fusobacteriales;Leptotrichiaceae;Leptotrichia;unclassified_Leptotrichia,JF114703.1.1333
strong,0,JQ473107.1.1401,Treponema_C_maltophilum,false,Treponema_C_maltophilum,Root;Bacteria;Spirochaetota;Spirochaetia;Treponematales;Treponemataceae;Treponema_C;Treponema_C_maltophilum,JQ473107.1.1401
strong,1,JQ474796.1.1382,Rothia_dentocariosa,false,Rothia_dentocariosa,Root;Bacteria;Actinobacteriota;Actinomycetia;Actinomycetales;Micrococcaceae;Rothia;Rothia_dentocariosa,JQ474796.1.1382
strong,1,JQ450455.1.1412,Neisseria_sp002237445,false,Neisseria_sp002237445,Root;Bacteria;Proteobacteria;Gammaproteobacteria;Burkholderiales;Neisseriaceae;Neisseria;Neisseria_sp002237445,JQ450455.1.1412
strong,1,FJ557743.1.1389,Stomatobaculum_longum,false,Stomatobaculum_longum,Root;Bacteria;Firmicutes_A;Clostridia;Lachnospirales;Lachnospiraceae;Stomatobaculum;Stomatobaculum_longum,FJ557743.1.1389
strong,0,JQ451673.1.1437,Actinomyces_gerencseriae,false,Actinomyces_gerencseriae,Root;Bacteria;Actinobacteriota;Actinomycetia;Actinomycetales;Actinomycetaceae;Actinomyces;Actinomyces_gerencseriae,JQ451673.1.1437
strong,0,HQ757541.1.1442,Alloprevotella_rava,false,Alloprevotella_rava,Root;Bacteria;Bacteroidota;Bacteroidia;Bacteroidales;Bacteroidaceae;Alloprevotella;Alloprevotella_rava,HQ757541.1.1442
strong,0,JF155629.1.1355,Johnsonella_sp900766185,false,Johnsonella_sp900766185,Root;Bacteria;Firmicutes_A;Clostridia;Lachnospirales;Lachnospiraceae;Johnsonella;Johnsonella_sp900766185,JF155629.1.1355
strong,1,JQ465929.1.1444,Actinomyces_gerencseriae,false,Actinomyces_gerencseriae,Root;Bacteria;Actinobacteriota;Actinomycetia;Actinomycetales;Actinomycetaceae;Actinomyces;Actinomyces_gerencseriae,JQ465929.1.1444
strong,0,JQ466260.1.1419,Corynebacterium_matruchotii,false,Corynebacterium_matruchotii,Root;Bacteria;Actinobacteriota;Actinomycetia;Mycobacteriales;Mycobacteriaceae;Corynebacterium;Corynebacterium_matruchotii,JQ466260.1.1419
strong,1,HM347083.1.1331,unclassified_Fusobacterium,false,unclassified_Fusobacterium,Root;Bacteria;Fusobacteriota;Fusobacteriia;Fusobacteriales;Fusobacteriaceae;Fusobacterium;unclassified_Fusobacterium,HM347083.1.1331
strong,0,JQ459212.1.1405,unclassified_Pasteurellaceae,false,unclassified_Pasteurellaceae,Root;Bacteria;Proteobacteria;Gammaproteobacteria;Enterobacterales;Pasteurellaceae;unclassified_Pasteurellaceae,JQ459212.1.1405
strong,0,GU561330.1.1345,Capnocytophaga_ochracea,false,Capnocytophaga_ochracea,Root;Bacteria;Bacteroidota;Bacteroidia;Flavobacteriales;Flavobacteriaceae;Capnocytophaga;Capnocytophaga_ochracea,GU561330.1.1345
strong,1,DQ327276.1.1365,unclassified_Bacteria,false,unclassified_Bacteria,Root;Bacteria;unclassified_Bacteria,DQ327276.1.1365
strong,1,JQ452123.1.1407,unclassified_Root,false,unclassified_Root,Root;unclassified_Root,JQ452123.1.1407
strong,0,JF207434.1.1370,unclassified_Granulicatella,false,unclassified_Granulicatella,Root;Bacteria;Firmicutes;Bacilli;Lactobacillales;Aerococcaceae;Granulicatella;unclassified_Granulicatella,JF207434.1.1370
strong,1,AM420106.1.1496,unclassified_Root,false,unclassified_Root,Root;unclassified_Root,AM420106.1.1496
strong,1,JF217529.1.1349,unclassified_Rothia,false,unclassified_Rothia,Root;Bacteria;Actinobacteriota;Actinomycetia;Actinomycetales;Micrococcaceae;Rothia;unclassified_Rothia,JF217529.1.1349
strong,0,JQ473908.1.1428,Allisonella_pneumosintes,false,Allisonella_pneumosintes,Root;Bacteria;Firmicutes_C;Negativicutes;Veillonellales;Dialisteraceae;Allisonella;Allisonella_pneumosintes,JQ473908.1.1428
strong,1,FJ976446.1.1392,Actinomyces_sp001278845,false,Actinomyces_sp001278845,Root;Bacteria;Actinobacteriota;Actinomycetia;Actinomycetales;Actinomycetaceae;Actinomyces;Actinomyces_sp001278845,FJ976446.1.1392
strong,0,JQ452603.1.1366,Capnocytophaga_granulosa,false,Capnocytophaga_granulosa,Root;Bacteria;Bacteroidota;Bacteroidia;Flavobacteriales;Flavobacteriaceae;Capnocytophaga;Capnocytophaga_granulosa,JQ452603.1.1366
strong,1,JQ452137.1.1333,unclassified_Actinomyces,false,unclassified_Actinomyces,Root;Bacteria;Actinobacteriota;Actinomycetia;Actinomycetales;Actinomycetaceae;Actinomyces;unclassified_Actinomyces,JQ452137.1.1333
strong,1,JQ467193.1.1406,unclassified_Veillonella,false,unclassified_Veillonella,Root;Bacteria;Firmicutes_C;Negativicutes;Veillonellales;Veillonellaceae;Veillonella;unclassified_Veillonella,JQ467193.1.1406
strong,1,JQ467450.1.1378,unclassified_Root,false,unclassified_Root,Root;unclassified_Root,JQ467450.1.1378
strong,1,HM256094.1.1365,Nanogingivalis_gingivitcus,false,Nanogingivalis_gingivitcus,Root;Bacteria;Patescibacteria;Saccharimonadia;Saccharimonadales;Nanogingivalaceae;Nanogingivalis;Nanogingivalis_gingivitcus,HM256094.1.1365
strong,1,DQ804633.1.1384,unclassified_Blautia_A,false,unclassified_Blautia_A,Root;Bacteria;Firmicutes_A;Clostridia;Lachnospirales;Lachnospiraceae;Blautia_A;unclassified_Blautia_A,DQ804633.1.1384
strong,0,JQ467790.1.1348,Leptotrichia_wadei,false,Leptotrichia_wadei,Root;Bacteria;Fusobacteriota;Fusobacteriia;Fusobacteriales;Leptotrichiaceae;Leptotrichia;Leptotrichia_wadei,JQ467790.1.1348
strong,1,FJ470444.1.1500,unclassified_Bacteroidales,false,unclassified_Bacteroidales,Root;Bacteria;Bacteroidota;Bacteroidia;Bacteroidales;unclassified_Bacteroidales,FJ470444.1.1500
strong,0,JQ453220.1.1388,unclassified_Rothia,false,unclassified_Rothia,Root;Bacteria;Actinobacteriota;Actinomycetia;Actinomycetales;Micrococcaceae;Rothia;unclassified_Rothia,JQ453220.1.1388
strong,1,JQ448826.1.1385,unclassified_Streptococcus,false,unclassified_Streptococcus,Root;Bacteria;Firmicutes;Bacilli;Lactobacillales;Streptococcaceae;Streptococcus;unclassified_Streptococcus,JQ448826.1.1385
strong,1,HM127020.1.1462,unclassified_Providencia,false,unclassified_Providencia,Root;Bacteria;Proteobacteria;Gammaproteobacteria;Enterobacterales;Enterobacteriaceae;Providencia;unclassified_Providencia,HM127020.1.1462
strong,0,JQ472083.1.1388,unclassified_Root,false,unclassified_Root,Root;unclassified_Root,JQ472083.1.1388
strong,1,L06165.1.1489,unclassified_Eikenella,false,unclassified_Eikenella,Root;Bacteria;Proteobacteria;Gammaproteobacteria;Burkholderiales;Neisseriaceae;Eikenella;unclassified_Eikenella,L06165.1.1489
strong,0,JQ451880.1.1378,unclassified_Fusobacterium,false,unclassified_Fusobacterium,Root;Bacteria;Fusobacteriota;Fusobacteriia;Fusobacteriales;Fusobacteriaceae;Fusobacterium;unclassified_Fusobacterium,JQ451880.1.1378
strong,1,JQ452099.1.1291,unclassified_Root,false,unclassified_Root,Root;unclassified_Root,JQ452099.1.1291
strong,1,JQ451989.1.1408,unclassified_Root,false,unclassified_Root,Root;unclassified_Root,JQ451989.1.1408
strong,1,HQ744803.1.1434,unclassified_Bacteroides,false,unclassified_Bacteroides,Root;Bacteria;Bacteroidota;Bacteroidia;Bacteroidales;Bacteroidaceae;Bacteroides;unclassified_Bacteroides,HQ744803.1.1434
strong,1,AY916170.1.1355,unclassified_Bacteroides,false,unclassified_Bacteroides,Root;Bacteria;Bacteroidota;Bacteroidia;Bacteroidales;Bacteroidaceae;Bacteroides;unclassified_Bacteroides,AY916170.1.1355
strong,1,JQ461544.1.1400,unclassified_Streptococcus,false,unclassified_Streptococcus,Root;Bacteria;Firmicutes;Bacilli;Lactobacillales;Streptococcaceae;Streptococcus;unclassified_Streptococcus,JQ461544.1.1400
strong,1,JQ466969.1.1400,unclassified_Fusobacterium,false,unclassified_Fusobacterium,Root;Bacteria;Fusobacteriota;Fusobacteriia;Fusobacteriales;Fusobacteriaceae;Fusobacterium;unclassified_Fusobacterium,JQ466969.1.1400
strong,1,AGEJ01000008.84769.86302,Eggerthia_catenaformis,false,Eggerthia_catenaformis,Root;Bacteria;Firmicutes;Bacilli;Erysipelotrichales;Coprobacillaceae;Eggerthia;Eggerthia_catenaformis,AGEJ01000008.84769.86302
strong,1,EU767893.1.1364,unclassified_Root,false,unclassified_Root,Root;unclassified_Root,EU767893.1.1364
strong,1,EU763911.1.1355,unclassified_Lachnospiraceae,false,unclassified_Lachnospiraceae,Root;Bacteria;Firmicutes_A;Clostridia;Lachnospirales;Lachnospiraceae;unclassified_Lachnospiraceae,EU763911.1.1355
strong,0,FJ557935.1.1397,unclassified_Pauljensenia,false,unclassified_Pauljensenia,Root;Bacteria;Actinobacteriota;Actinomycetia;Actinomycetales;Actinomycetaceae;Pauljensenia;unclassified_Pauljensenia,FJ557935.1.1397
strong,1,JF125650.1.1285,unclassified_Pauljensenia,false,unclassified_Pauljensenia,Root;Bacteria;Actinobacteriota;Actinomycetia;Actinomycetales;Actinomycetaceae;Pauljensenia;unclassified_Pauljensenia,JF125650.1.1285
strong,1,DQ003620.1.1455,Prevotella_fusca,false,Prevotella_fusca,Root;Bacteria;Bacteroidota;Bacteroidia;Bacteroidales;Bacteroidaceae;Prevotella;Prevotella_fusca,DQ003620.1.1455
strong,1,FJ557838.1.1307,unclassified_Corynebacterium,false,unclassified_Corynebacterium,Root;Bacteria;Actinobacteriota;Actinomycetia;Mycobacteriales;Mycobacteriaceae;Corynebacterium;unclassified_Corynebacterium,FJ557838.1.1307
strong,1,GQ062543.1.1350,unclassified_Corynebacterium,false,unclassified_Corynebacterium,Root;Bacteria;Actinobacteriota;Actinomycetia;Mycobacteriales;Mycobacteriaceae;Corynebacterium;unclassified_Corynebacterium,GQ062543.1.1350
strong,0,JF140866.1.1361,unclassified_Gemella,false,unclassified_Gemella,Root;Bacteria;Firmicutes;Bacilli;Staphylococcales;Gemellaceae;Gemella;unclassified_Gemella,JF140866.1.1361
strong,0,CP003502.202115.203572,Prevotella_intermedia,false,Prevotella_intermedia,Root;Bacteria;Bacteroidota;Bacteroidia;Bacteroidales;Bacteroidaceae;Prevotella;Prevotella_intermedia,CP003502.202115.203572
strong,1,AM420284.1.1491,unclassified_Prevotella,false,unclassified_Prevotella,Root;Bacteria;Bacteroidota;Bacteroidia;Bacteroidales;Bacteroidaceae;Prevotella;unclassified_Prevotella,AM420284.1.1491
strong,1,GQ000752.1.1377,unclassified_Streptococcus,false,unclassified_Streptococcus,Root;Bacteria;Firmicutes;Bacilli;Lactobacillales;Streptococcaceae;Streptococcus;unclassified_Streptococcus,GQ000752.1.1377
strong,1,JQ457940.1.1426,unclassified_Veillonella,false,unclassified_Veillonella,Root;Bacteria;Firmicutes_C;Negativicutes;Veillonellales;Veillonellaceae;Veillonella;unclassified_Veillonella,JQ457940.1.1426
strong,0,FJ470409.1.1474,unclassified_Leptotrichia,false,unclassified_Leptotrichia,Root;Bacteria;Fusobacteriota;Fusobacteriia;Fusobacteriales;Leptotrichiaceae;Leptotrichia;unclassified_Leptotrichia,FJ470409.1.1474
strong,1,JQ451131.1.1383,Leptotrichia_A_sp000469505,false,Leptotrichia_A_sp000469505,Root;Bacteria;Fusobacteriota;Fusobacteriia;Fusobacteriales;Leptotrichiaceae;Leptotrichia_A;Leptotrichia_A_sp000469505,JQ451131.1.1383
strong,1,JF223223.1.1359,Prevotella_shahii,false,Prevotella_shahii,Root;Bacteria;Bacteroidota;Bacteroidia;Bacteroidales;Bacteroidaceae;Prevotella;Prevotella_shahii,JF223223.1.1359
strong,1,AY628416.1.1339,Kingella_kingae,false,Kingella_kingae,Root;Bacteria;Proteobacteria;Gammaproteobacteria;Burkholderiales;Neisseriaceae;Kingella;Kingella_kingae,AY628416.1.1339
strong,0,JQ470986.1.1398,unclassified_Root,false,unclassified_Root,Root;unclassified_Root,JQ470986.1.1398
strong,1,EU790420.1.1218,unclassified_Burkholderiaceae,false,unclassified_Burkholderiaceae,Root;Bacteria;Proteobacteria;Gammaproteobacteria;Burkholderiales;Burkholderiaceae;unclassified_Burkholderiaceae,EU790420.1.1218
strong,1,JQ085661.1.1260,Bacteroides_ovatus,false,Bacteroides_ovatus,Root;Bacteria;Bacteroidota;Bacteroidia;Bacteroidales;Bacteroidaceae;Bacteroides;Bacteroides_ovatus,JQ085661.1.1260
strong,1,EU776524.1.1264,unclassified_Root,false,unclassified_Root,Root;unclassified_Root,EU776524.1.1264
strong,0,JF105411.1.1360,unclassified_Porphyromonas,false,unclassified_Porphyromonas,Root;Bacteria;Bacteroidota;Bacteroidia;Bacteroidales;Porphyromonadaceae;Porphyromonas;unclassified_Porphyromonas,JF105411.1.1360
strong,0,JQ473982.1.1239,Leptotrichia_sp013394795,false,Leptotrichia_sp013394795,Root;Bacteria;Fusobacteriota;Fusobacteriia;Fusobacteriales;Leptotrichiaceae;Leptotrichia;Leptotrichia_sp013394795,JQ473982.1.1239
strong,1,JQ460232.1.1325,unclassified_Prevotella,false,unclassified_Prevotella,Root;Bacteria;Bacteroidota;Bacteroidia;Bacteroidales;Bacteroidaceae;Prevotella;unclassified_Prevotella,JQ460232.1.1325
strong,0,JQ454351.1.1418,unclassified_Centipeda,false,unclassified_Centipeda,Root;Bacteria;Firmicutes_C;Negativicutes;Selenomonadales;Selenomonadaceae;Centipeda;unclassified_Centipeda,JQ454351.1.1418
strong,1,DQ805092.1.1398,Phocaeicola_vulgatus,false,Phocaeicola_vulgatus,Root;Bacteria;Bacteroidota;Bacteroidia;Bacteroidales;Bacteroidaceae;Phocaeicola;Phocaeicola_vulgatus,DQ805092.1.1398
strong,1,EF402149.1.1493,Phocaeicola_massiliensis,false,Phocaeicola_massiliensis,Root;Bacteria;Bacteroidota;Bacteroidia;Bacteroidales;Bacteroidaceae;Phocaeicola;Phocaeicola_massiliensis,EF402149.1.1493
strong,0,JQ478313.1.1407,unclassified_Treponema,false,unclassified_Treponema,Root;Bacteria;Spirochaetota;Spirochaetia;Treponematales;Treponemataceae;Treponema;unclassified_Treponema,JQ478313.1.1407
strong,0,AGEK01000035.51239.52758,unclassified_Prevotella,false,unclassified_Prevotella,Root;Bacteria;Bacteroidota;Bacteroidia;Bacteroidales;Bacteroidaceae;Prevotella;unclassified_Prevotella,AGEK01000035.51239.52758
strong,1,KC333892.1.1228,unclassified_Enterobacteriaceae,false,unclassified_Enterobacteriaceae,Root;Bacteria;Proteobacteria;Gammaproteobacteria;Enterobacterales;Enterobacteriaceae;unclassified_Enterobacteriaceae,KC333892.1.1228
strong,0,JQ466903.1.1308,unclassified_Leptotrichia,false,unclassified_Leptotrichia,Root;Bacteria;Fusobacteriota;Fusobacteriia;Fusobacteriales;Leptotrichiaceae;Leptotrichia;unclassified_Leptotrichia,JQ466903.1.1308
strong,1,JF193118.1.1352,unclassified_Capnocytophaga,false,unclassified_Capnocytophaga,Root;Bacteria;Bacteroidota;Bacteroidia;Flavobacteriales;Flavobacteriaceae;Capnocytophaga;unclassified_Capnocytophaga,JF193118.1.1352
strong,1,JQ885556.1.1460,unclassified_Enterobacteriaceae,false,unclassified_Enterobacteriaceae,Root;Bacteria;Proteobacteria;Gammaproteobacteria;Enterobacterales;Enterobacteriaceae;unclassified_Enterobacteriaceae,JQ885556.1.1460
strong,1,JQ449961.1.1384,unclassified_Haemophilus,false,unclassified_Haemophilus,Root;Bacteria;Proteobacteria;Gammaproteobacteria;Enterobacterales;Pasteurellaceae;Haemophilus;unclassified_Haemophilus,JQ449961.1.1384
strong,1,JQ855614.1.1252,unclassified_Corynebacterium,false,unclassified_Corynebacterium,Root;Bacteria;Actinobacteriota;Actinomycetia;Mycobacteriales;Mycobacteriaceae;Corynebacterium;unclassified_Corynebacterium,JQ855614.1.1252
strong,0,JQ448035.1.1428,unclassified_Root,false,unclassified_Root,Root;unclassified_Root,JQ448035.1.1428
strong,1,GU592683.1.1422,Oribacterium_sp013394775,false,Oribacterium_sp013394775,Root;Bacteria;Firmicutes_A;Clostridia;Lachnospirales;Lachnospiraceae;Oribacterium;Oribacterium_sp013394775,GU592683.1.1422
strong,1,DQ809030.1.1400,unclassified_Alistipes,false,unclassified_Alistipes,Root;Bacteria;Bacteroidota;Bacteroidia;Bacteroidales;Rikenellaceae;Alistipes;unclassified_Alistipes,DQ809030.1.1400
strong,1,DQ824321.1.1391,unclassified_Root,false,unclassified_Root,Root;unclassified_Root,DQ824321.1.1391
strong,1,HQ799523.1.1418,unclassified_Fusobacterium,false,unclassified_Fusobacterium,Root;Bacteria;Fusobacteriota;Fusobacteriia;Fusobacteriales;Fusobacteriaceae;Fusobacterium;unclassified_Fusobacterium,HQ799523.1.1418
strong,0,AF287801.1.1494,unclassified_Centipeda,false,unclassified_Centipeda,Root;Bacteria;Firmicutes_C;Negativicutes;Selenomonadales;Selenomonadaceae;Centipeda;unclassified_Centipeda,AF287801.1.1494
strong,0,HQ757432.1.1415,unclassified_Fusobacterium,false,unclassified_Fusobacterium,Root;Bacteria;Fusobacteriota;Fusobacteriia;Fusobacteriales;Fusobacteriaceae;Fusobacterium;unclassified_Fusobacterium,HQ757432.1.1415
strong,1,AY005050.1.1491,Gemella_massiliensis,false,Gemella_massiliensis,Root;Bacteria;Firmicutes;Bacilli;Staphylococcales;Gemellaceae;Gemella;Gemella_massiliensis,AY005050.1.1491
strong,1,JQ453432.1.1439,unclassified_Veillonella,false,unclassified_Veillonella,Root;Bacteria;Firmicutes_C;Negativicutes;Veillonellales;Veillonellaceae;Veillonella;unclassified_Veillonella,JQ453432.1.1439
strong,1,JQ474019.1.1417,unclassified_Prevotella,false,unclassified_Prevotella,Root;Bacteria;Bacteroidota;Bacteroidia;Bacteroidales;Bacteroidaceae;Prevotella;unclassified_Prevotella,JQ474019.1.1417
strong,1,JQ449498.1.1408,unclassified_Centipeda,false,unclassified_Centipeda,Root;Bacteria;Firmicutes_C;Negativicutes;Selenomonadales;Selenomonadaceae;Centipeda;unclassified_Centipeda,JQ449498.1.1408
strong,1,JQ478363.1.1412,unclassified_Treponema,false,unclassified_Treponema,Root;Bacteria;Spirochaetota;Spirochaetia;Treponematales;Treponemataceae;Treponema;unclassified_Treponema,JQ478363.1.1412
strong,1,GQ011472.1.1377,unclassified_Gemella,false,unclassified_Gemella,Root;Bacteria;Firmicutes;Bacilli;Staphylococcales;Gemellaceae;Gemella;unclassified_Gemella,GQ011472.1.1377
strong,1,FJ680121.1.1416,Choladocola_sp003480725,false,Choladocola_sp003480725,Root;Bacteria;Firmicutes_A;Clostridia;Lachnospirales;Lachnospiraceae;Choladocola;Choladocola_sp003480725,FJ680121.1.1416
strong,1,HQ783869.1.1408,Bacteroides_stercoris,false,Bacteroides_stercoris,Root;Bacteria;Bacteroidota;Bacteroidia;Bacteroidales;Bacteroidaceae;Bacteroides;Bacteroides_stercoris,HQ783869.1.1408
strong,1,AF182833.1.1283,unclassified_Root,false,unclassified_Root,Root;unclassified_Root,AF182833.1.1283
strong,0,JQ452088.1.1371,Prevotella_conceptionensis,false,Prevotella_conceptionensis,Root;Bacteria;Bacteroidota;Bacteroidia;Bacteroidales;Bacteroidaceae;Prevotella;Prevotella_conceptionensis,JQ452088.1.1371
strong,0,JQ467377.1.1339,Leptotrichia_A_sp001274535,false,Leptotrichia_A_sp001274535,Root;Bacteria;Fusobacteriota;Fusobacteriia;Fusobacteriales;Leptotrichiaceae;Leptotrichia_A;Leptotrichia_A_sp001274535,JQ467377.1.1339
strong,1,FJ470413.1.1479,unclassified_Leptotrichia_A,false,unclassified_Leptotrichia_A,Root;Bacteria;Fusobacteriota;Fusobacteriia;Fusobacteriales;Leptotrichiaceae;Leptotrichia_A;unclassified_Leptotrichia_A,FJ470413.1.1479
strong,1,GQ059427.1.1358,Prevotella_sp000163055,false,Prevotella_sp000163055,Root;Bacteria;Bacteroidota;Bacteroidia;Bacteroidales;Bacteroidaceae;Prevotella;Prevotella_sp000163055,GQ059427.1.1358
strong,1,GQ008221.1.1342,unclassified_Capnocytophaga,false,unclassified_Capnocytophaga,Root;Bacteria;Bacteroidota;Bacteroidia;Flavobacteriales;Flavobacteriaceae;Capnocytophaga;unclassified_Capnocytophaga,GQ008221.1.1342
strong,0,JF142294.1.1357,Corynebacterium_durum,false,Corynebacterium_durum,Root;Bacteria;Actinobacteriota;Actinomycetia;Mycobacteriales;Mycobacteriaceae;Corynebacterium;Corynebacterium_durum,JF142294.1.1357
strong,0,JQ477229.1.1399,Prevotella_nigrescens,false,Prevotella_nigrescens,Root;Bacteria;Bacteroidota;Bacteroidia;Bacteroidales;Bacteroidaceae;Prevotella;Prevotella_nigrescens,JQ477229.1.1399
strong,1,GU408580.1.1460,unclassified_Treponema,false,unclassified_Treponema,Root;Bacteria;Spirochaetota;Spirochaetia;Treponematales;Treponemataceae;Treponema;unclassified_Treponema,GU408580.1.1460
strong,0,JQ654164.1.1502,unclassified_Treponema,false,unclassified_Treponema,Root;Bacteria;Spirochaetota;Spirochaetia;Treponematales;Treponemataceae;Treponema;unclassified_Treponema,JQ654164.1.1502
strong,1,JQ680282.1.1350,unclassified_Streptococcus,false,unclassified_Streptococcus,Root;Bacteria;Firmicutes;Bacilli;Lactobacillales;Streptococcaceae;Streptococcus;unclassified_Streptococcus,JQ680282.1.1350
strong,1,JN192482.1.1260,unclassified_Methanobacteriaceae,false,unclassified_Methanobacteriaceae,Root;Archaea;Methanobacteriota;Methanobacteria;Methanobacteriales;Methanobacteriaceae;unclassified_Methanobacteriaceae,JN192482.1.1260
strong,0,JQ470103.1.1395,Aggregatibacter_sp000466335,false,Aggregatibacter_sp000466335,Root;Bacteria;Proteobacteria;Gammaproteobacteria;Enterobacterales;Pasteurellaceae;Aggregatibacter;Aggregatibacter_sp000466335,JQ470103.1.1395
strong,1,JF235709.1.1366,unclassified_Neisseria,false,unclassified_Neisseria,Root;Bacteria;Proteobacteria;Gammaproteobacteria;Burkholderiales;Neisseriaceae;Neisseria;unclassified_Neisseria,JF235709.1.1366
strong,1,EU779014.1.1408,unclassified_Streptococcus,false,unclassified_Streptococcus,Root;Bacteria;Firmicutes;Bacilli;Lactobacillales;Streptococcaceae;Streptococcus;unclassified_Streptococcus,EU779014.1.1408
strong,1,JQ460215.1.1385,Prevotella_pallens,false,Prevotella_pallens,Root;Bacteria;Bacteroidota;Bacteroidia;Bacteroidales;Bacteroidaceae;Prevotella;Prevotella_pallens,JQ460215.1.1385
strong,1,JQ454148.1.1371,Pseudoleptotrichia_goodfellowii,false,Pseudoleptotrichia_goodfellowii,Root;Bacteria;Fusobacteriota;Fusobacteriia;Fusobacteriales;Leptotrichiaceae;Pseudoleptotrichia;Pseudoleptotrichia_goodfellowii,JQ454148.1.1371
strong,1,GU561367.1.1398,Pseudoleptotrichia_goodfellowii,false,Pseudoleptotrichia_goodfellowii,Root;Bacteria;Fusobacteriota;Fusobacteriia;Fusobacteriales;Leptotrichiaceae;Pseudoleptotrichia;Pseudoleptotrichia_goodfellowii,GU561367.1.1398
strong,1,JQ451995.1.1382,Prevotella_conceptionensis,false,Prevotella_conceptionensis,Root;Bacteria;Bacteroidota;Bacteroidia;Bacteroidales;Bacteroidaceae;Prevotella;Prevotella_conceptionensis,JQ451995.1.1382
strong,0,JQ471949.1.1417,unclassified_Treponema,false,unclassified_Treponema,Root;Bacteria;Spirochaetota;Spirochaetia;Treponematales;Treponemataceae;Treponema;unclassified_Treponema,JQ471949.1.1417
strong,1,GU227181.1.1453,unclassified_Actinomycetia,false,unclassified_Actinomycetia,Root;Bacteria;Actinobacteriota;Actinomycetia;unclassified_Actinomycetia,GU227181.1.1453
strong,1,FM996847.1.1458,Prevotella_oulorum,false,Prevotella_oulorum,Root;Bacteria;Bacteroidota;Bacteroidia;Bacteroidales;Bacteroidaceae;Prevotella;Prevotella_oulorum,FM996847.1.1458
strong,1,JQ474320.1.1406,unclassified_Prevotella,false,unclassified_Prevotella,Root;Bacteria;Bacteroidota;Bacteroidia;Bacteroidales;Bacteroidaceae;Prevotella;unclassified_Prevotella,JQ474320.1.1406
strong,0,HQ744818.1.1425,Campylobacter_B_gracilis,false,Campylobacter_B_gracilis,Root;Bacteria;Campylobacterota;Campylobacteria;Campylobacterales;Campylobacteraceae;Campylobacter_B;Campylobacter_B_gracilis,HQ744818.1.1425
strong,1,JF130867.1.1361,Aggregatibacter_kilianii,false,Aggregatibacter_kilianii,Root;Bacteria;Proteobacteria;Gammaproteobacteria;Enterobacterales;Pasteurellaceae;Aggregatibacter;Aggregatibacter_kilianii,JF130867.1.1361
strong,1,JQ457925.1.1419,unclassified_Veillonella,false,unclassified_Veillonella,Root;Bacteria;Firmicutes_C;Negativicutes;Veillonellales;Veillonellaceae;Veillonella;unclassified_Veillonella,JQ457925.1.1419
strong,1,AJ290754.1.1466,Haemophilus_D_pittmaniae,false,Haemophilus_D_pittmaniae,Root;Bacteria;Proteobacteria;Gammaproteobacteria;Enterobacterales;Pasteurellaceae;Haemophilus_D;Haemophilus_D_pittmaniae,AJ290754.1.1466
strong,0,JQ467393.1.1314,unclassified_Leptotrichia,false,unclassified_Leptotrichia,Root;Bacteria;Fusobacteriota;Fusobacteriia;Fusobacteriales;Leptotrichiaceae;Leptotrichia;unclassified_Leptotrichia,JQ467393.1.1314
strong,1,ABQC02000019.758957.760260,Phocaeicola_plebeius,false,Phocaeicola_plebeius,Root;Bacteria;Bacteroidota;Bacteroidia;Bacteroidales;Bacteroidaceae;Phocaeicola;Phocaeicola_plebeius,ABQC02000019.758957.760260
strong,0,JQ455419.1.1384,Leptotrichia_A_sp001274535,false,Leptotrichia_A_sp001274535,Root;Bacteria;Fusobacteriota;Fusobacteriia;Fusobacteriales;Leptotrichiaceae;Leptotrichia_A;Leptotrichia_A_sp001274535,JQ455419.1.1384
strong,1,JF113832.1.1317,GN02-872_sp002761215,false,GN02-872_sp002761215,Root;Bacteria;Patescibacteria;JAEDAM01;BD1-5;UBA6164;GN02-872;GN02-872_sp002761215,JF113832.1.1317
strong,0,JQ467084.1.1319,unclassified_Leptotrichiaceae,false,unclassified_Leptotrichiaceae,Root;Bacteria;Fusobacteriota;Fusobacteriia;Fusobacteriales;Leptotrichiaceae;unclassified_Leptotrichiaceae,JQ467084.1.1319
strong,1,GU227193.1.1432,unclassified_Root,false,unclassified_Root,Root;unclassified_Root,GU227193.1.1432
strong,0,JQ448766.1.1407,unclassified_Streptococcus,false,unclassified_Streptococcus,Root;Bacteria;Firmicutes;Bacilli;Lactobacillales;Streptococcaceae;Streptococcus;unclassified_Streptococcus,JQ448766.1.1407
strong,0,ACKT01000055.15.1310,Centipeda_noxia,false,Centipeda_noxia,Root;Bacteria;Firmicutes_C;Negativicutes;Selenomonadales;Selenomonadaceae;Centipeda;Centipeda_noxia,ACKT01000055.15.1310
strong,0,JF193497.1.1384,Centipeda_felix,false,Centipeda_felix,Root;Bacteria;Firmicutes_C;Negativicutes;Selenomonadales;Selenomonadaceae;Centipeda;Centipeda_felix,JF193497.1.1384
strong,1,JQ467398.1.1418,unclassified_Root,false,unclassified_Root,Root;unclassified_Root,JQ467398.1.1418
strong,0,JQ461528.1.1380,Capnocytophaga_gingivalis,false,Capnocytophaga_gingivalis,Root;Bacteria;Bacteroidota;Bacteroidia;Flavobacteriales;Flavobacteriaceae;Capnocytophaga;Capnocytophaga_gingivalis,JQ461528.1.1380
strong,0,JQ468090.1.1395,unclassified_Treponema_D,false,unclassified_Treponema_D,Root;Bacteria;Spirochaetota;Spirochaetia;Treponematales;Treponemataceae;Treponema_D;unclassified_Treponema_D,JQ468090.1.1395
strong,1,JF146381.1.1370,unclassified_Streptococcus,false,unclassified_Streptococcus,Root;Bacteria;Firmicutes;Bacilli;Lactobacillales;Streptococcaceae;Streptococcus;unclassified_Streptococcus,JF146381.1.1370
strong,1,JQ453347.1.1261,unclassified_Haemophilus_D,false,unclassified_Haemophilus_D,Root;Bacteria;Proteobacteria;Gammaproteobacteria;Enterobacterales;Pasteurellaceae;Haemophilus_D;unclassified_Haemophilus_D,JQ453347.1.1261
strong,1,JQ453072.1.1419,unclassified_Actinomyces,false,unclassified_Actinomyces,Root;Bacteria;Actinobacteriota;Actinomycetia;Actinomycetales;Actinomycetaceae;Actinomyces;unclassified_Actinomyces,JQ453072.1.1419
strong,1,JQ458048.1.1399,unclassified_Veillonella,false,unclassified_Veillonella,Root;Bacteria;Firmicutes_C;Negativicutes;Veillonellales;Veillonellaceae;Veillonella;unclassified_Veillonella,JQ458048.1.1399
strong,1,CU919422.1.1335,unclassified_Novosphingobium,false,unclassified_Novosphingobium,Root;Bacteria;Proteobacteria;Alphaproteobacteria;Sphingomonadales;Sphingomonadaceae;Novosphingobium;unclassified_Novosphingobium,CU919422.1.1335
strong,1,JQ460220.1.1427,unclassified_Veillonella,false,unclassified_Veillonella,Root;Bacteria;Firmicutes_C;Negativicutes;Veillonellales;Veillonellaceae;Veillonella;unclassified_Veillonella,JQ460220.1.1427
strong,1,HQ799394.1.1459,unclassified_Veillonella,false,unclassified_Veillonella,Root;Bacteria;Firmicutes_C;Negativicutes;Veillonellales;Veillonellaceae;Veillonella;unclassified_Veillonella,HQ799394.1.1459
strong,1,AF385499.1.1521,unclassified_Treponemataceae,false,unclassified_Treponemataceae,Root;Bacteria;Spirochaetota;Spirochaetia;Treponematales;Treponemataceae;unclassified_Treponemataceae,AF385499.1.1521
strong,1,AJ289180.1.1378,unclassified_Root,false,unclassified_Root,Root;unclassified_Root,AJ289180.1.1378
strong,0,JX010895.1.1431,unclassified_Root,false,unclassified_Root,Root;unclassified_Root,JX010895.1.1431
strong,0,JQ475531.1.1404,unclassified_Root,false,unclassified_Root,Root;unclassified_Root,JQ475531.1.1404
strong,1,FJ470482.1.1495,unclassified_Prevotella,false,unclassified_Prevotella,Root;Bacteria;Bacteroidota;Bacteroidia;Bacteroidales;Bacteroidaceae;Prevotella;unclassified_Prevotella,FJ470482.1.1495
strong,1,JQ463921.1.1380,unclassified_Leptotrichia,false,unclassified_Leptotrichia,Root;Bacteria;Fusobacteriota;Fusobacteriia;Fusobacteriales;Leptotrichiaceae;Leptotrichia;unclassified_Leptotrichia,JQ463921.1.1380
strong,1,JQ460082.1.1420,unclassified_Veillonella,false,unclassified_Veillonella,Root;Bacteria;Firmicutes_C;Negativicutes;Veillonellales;Veillonellaceae;Veillonella;unclassified_Veillonella,JQ460082.1.1420
strong,1,JX048138.1.1422,Phocaeicola_vulgatus,false,Phocaeicola_vulgatus,Root;Bacteria;Bacteroidota;Bacteroidia;Bacteroidales;Bacteroidaceae;Phocaeicola;Phocaeicola_vulgatus,JX048138.1.1422
strong,0,JX993449.1.1404,unclassified_Streptococcus,false,unclassified_Streptococcus,Root;Bacteria;Firmicutes;Bacilli;Lactobacillales;Streptococcaceae;Streptococcus;unclassified_Streptococcus,JX993449.1.1404
strong,1,DQ800646.1.1402,Pseudoruminococcus_A_massiliensis,false,Pseudoruminococcus_A_massiliensis,Root;Bacteria;Firmicutes_A;Clostridia;Oscillospirales;Acutalibacteraceae;Pseudoruminococcus_A;Pseudoruminococcus_A_massiliensis,DQ800646.1.1402
strong,1,DQ807557.1.1377,unclassified_Faecalibacterium,false,unclassified_Faecalibacterium,Root;Bacteria;Firmicutes_A;Clostridia;Oscillospirales;Ruminococcaceae;Faecalibacterium;unclassified_Faecalibacterium,DQ807557.1.1377
strong,1,JQ183875.1.1329,unclassified_Root,false,unclassified_Root,Root;unclassified_Root,JQ183875.1.1329
strong,1,JQ451753.1.1400,unclassified_Actinomycetia,false,unclassified_Actinomycetia,Root;Bacteria;Actinobacteriota;Actinomycetia;unclassified_Actinomycetia,JQ451753.1.1400
strong,1,AF385517.1.1525,unclassified_Root,false,unclassified_Root,Root;unclassified_Root,AF385517.1.1525
strong,1,GQ077258.1.1358,Alloprevotella_sp003639005,false,Alloprevotella_sp003639005,Root;Bacteria;Bacteroidota;Bacteroidia;Bacteroidales;Bacteroidaceae;Alloprevotella;Alloprevotella_sp003639005,GQ077258.1.1358
strong,1,JQ460207.1.1411,Prevotella_sp000163055,false,Prevotella_sp000163055,Root;Bacteria;Bacteroidota;Bacteroidia;Bacteroidales;Bacteroidaceae;Prevotella;Prevotella_sp000163055,JQ460207.1.1411
strong,1,JQ452607.1.1364,Capnocytophaga_granulosa,false,Capnocytophaga_granulosa,Root;Bacteria;Bacteroidota;Bacteroidia;Flavobacteriales;Flavobacteriaceae;Capnocytophaga;Capnocytophaga_granulosa,JQ452607.1.1364
strong,0,JQ457855.1.1392,Cardiobacterium_valvarum,false,Cardiobacterium_valvarum,Root;Bacteria;Proteobacteria;Gammaproteobacteria;Cardiobacteriales;Cardiobacteriaceae;Cardiobacterium;Cardiobacterium_valvarum,JQ457855.1.1392
strong,0,JQ452138.1.1369,unclassified_Capnocytophaga,false,unclassified_Capnocytophaga,Root;Bacteria;Bacteroidota;Bacteroidia;Flavobacteriales;Flavobacteriaceae;Capnocytophaga;unclassified_Capnocytophaga,JQ452138.1.1369
strong,1,JQ453715.1.1276,Nanogingivalis_gingivitcus,false,Nanogingivalis_gingivitcus,Root;Bacteria;Patescibacteria;Saccharimonadia;Saccharimonadales;Nanogingivalaceae;Nanogingivalis;Nanogingivalis_gingivitcus,JQ453715.1.1276
strong,1,JQ452678.1.1383,unclassified_Root,false,unclassified_Root,Root;unclassified_Root,JQ452678.1.1383
strong,0,JQ462354.1.1430,unclassified_Actinomyces,false,unclassified_Actinomyces,Root;Bacteria;Actinobacteriota;Actinomycetia;Actinomycetales;Actinomycetaceae;Actinomyces;unclassified_Actinomyces,JQ462354.1.1430
strong,0,FM997505.1.1340,Capnocytophaga_sputigena,false,Capnocytophaga_sputigena,Root;Bacteria;Bacteroidota;Bacteroidia;Flavobacteriales;Flavobacteriaceae;Capnocytophaga;Capnocytophaga_sputigena,FM997505.1.1340
strong,0,JQ450714.1.1360,Catonella_morbi,false,Catonella_morbi,Root;Bacteria;Firmicutes_A;Clostridia;Lachnospirales;Lachnospiraceae;Catonella;Catonella_morbi,JQ450714.1.1360
strong,0,JQ452125.1.1330,Prevotella_oris,false,Prevotella_oris,Root;Bacteria;Bacteroidota;Bacteroidia;Bacteroidales;Bacteroidaceae;Prevotella;Prevotella_oris,JQ452125.1.1330
strong,1,JF148823.1.1369,unclassified_Streptococcus,false,unclassified_Streptococcus,Root;Bacteria;Firmicutes;Bacilli;Lactobacillales;Streptococcaceae;Streptococcus;unclassified_Streptococcus,JF148823.1.1369
strong,1,AM420064.1.1510,unclassified_Streptococcus,false,unclassified_Streptococcus,Root;Bacteria;Firmicutes;Bacilli;Lactobacillales;Streptococcaceae;Streptococcus;unclassified_Streptococcus,AM420064.1.1510
strong,1,HQ728209.1.1508,unclassified_Enterobacteriaceae,false,unclassified_Enterobacteriaceae,Root;Bacteria;Proteobacteria;Gammaproteobacteria;Enterobacterales;Enterobacteriaceae;unclassified_Enterobacteriaceae,HQ728209.1.1508
strong,1,HQ788290.1.1452,unclassified_Root,false,unclassified_Root,Root;unclassified_Root,HQ788290.1.1452
strong,0,JF067205.1.1333,Leptotrichia_wadei_A,false,Leptotrichia_wadei_A,Root;Bacteria;Fusobacteriota;Fusobacteriia;Fusobacteriales;Leptotrichiaceae;Leptotrichia;Leptotrichia_wadei_A,JF067205.1.1333
strong,1,FJ975800.1.1364,unclassified_Lactobacillales,false,unclassified_Lactobacillales,Root;Bacteria;Firmicutes;Bacilli;Lactobacillales;unclassified_Lactobacillales,FJ975800.1.1364
strong,0,JQ464588.1.1409,Corynebacterium_matruchotii,false,Corynebacterium_matruchotii,Root;Bacteria;Actinobacteriota;Actinomycetia;Mycobacteriales;Mycobacteriaceae;Corynebacterium;Corynebacterium_matruchotii,JQ464588.1.1409
strong,1,HM811978.1.1370,unclassified_Bacteria,false,unclassified_Bacteria,Root;Bacteria;unclassified_Bacteria,HM811978.1.1370
strong,1,JQ456948.1.1401,unclassified_Actinomycetales,false,unclassified_Actinomycetales,Root;Bacteria;Actinobacteriota;Actinomycetia;Actinomycetales;unclassified_Actinomycetales,JQ456948.1.1401
strong,0,JF127680.1.1343,unclassified_Bacteroidia,false,unclassified_Bacteroidia,Root;Bacteria;Bacteroidota;Bacteroidia;unclassified_Bacteroidia,JF127680.1.1343
strong,1,AY974922.1.1359,Bacteroides_thetaiotaomicron,false,Bacteroides_thetaiotaomicron,Root;Bacteria;Bacteroidota;Bacteroidia;Bacteroidales;Bacteroidaceae;Bacteroides;Bacteroides_thetaiotaomicron,AY974922.1.1359
strong,1,DQ809141.1.1290,unclassified_Root,false,unclassified_Root,Root;unclassified_Root,DQ809141.1.1290
strong,1,GQ019407.1.1377,unclassified_Streptococcus,false,unclassified_Streptococcus,Root;Bacteria;Firmicutes;Bacilli;Lactobacillales;Streptococcaceae;Streptococcus;unclassified_Streptococcus,GQ019407.1.1377
strong,0,JQ451128.1.1378,unclassified_Bacteroidia,false,unclassified_Bacteroidia,Root;Bacteria;Bacteroidota;Bacteroidia;unclassified_Bacteroidia,JQ451128.1.1378
strong,0,JQ470580.1.1397,Porphyromonas_endodontalis,false,Porphyromonas_endodontalis,Root;Bacteria;Bacteroidota;Bacteroidia;Bacteroidales;Porphyromonadaceae;Porphyromonas;Porphyromonas_endodontalis,JQ470580.1.1397
strong,1,JQ449345.1.1397,unclassified_Bacteria,false,unclassified_Bacteria,Root;Bacteria;unclassified_Bacteria,JQ449345.1.1397
strong,0,KF574954.1.1384,Abiotrophia_defectiva,false,Abiotrophia_defectiva,Root;Bacteria;Firmicutes;Bacilli;Lactobacillales;Aerococcaceae;Abiotrophia;Abiotrophia_defectiva,KF574954.1.1384
strong,0,JX011433.1.1258,Corynebacterium_matruchotii,false,Corynebacterium_matruchotii,Root;Bacteria;Actinobacteriota;Actinomycetia;Mycobacteriales;Mycobacteriaceae;Corynebacterium;Corynebacterium_matruchotii,JX011433.1.1258
strong,1,JF155347.1.1355,unclassified_Root,false,unclassified_Root,Root;unclassified_Root,JF155347.1.1355
strong,1,DQ804516.1.1389,Agathobacter_rectalis,false,Agathobacter_rectalis,Root;Bacteria;Firmicutes_A;Clostridia;Lachnospirales;Lachnospiraceae;Agathobacter;Agathobacter_rectalis,DQ804516.1.1389
strong,1,FN178465.1.1428,Olsenella_F_profusa_A,false,Olsenella_F_profusa_A,Root;Bacteria;Actinobacteriota;Coriobacteriia;Coriobacteriales;Atopobiaceae;Olsenella_F;Olsenella_F_profusa_A,FN178465.1.1428
strong,1,JQ452809.1.1377,unclassified_Gemella,false,unclassified_Gemella,Root;Bacteria;Firmicutes;Bacilli;Staphylococcales;Gemellaceae;Gemella;unclassified_Gemella,JQ452809.1.1377
strong,0,JF117067.1.1365,unclassified_Haemophilus_D,false,unclassified_Haemophilus_D,Root;Bacteria;Proteobacteria;Gammaproteobacteria;Enterobacterales;Pasteurellaceae;Haemophilus_D;unclassified_Haemophilus_D,JF117067.1.1365
strong,1,DQ798568.1.1385,unclassified_Fusicatenibacter,false,unclassified_Fusicatenibacter,Root;Bacteria;Firmicutes_A;Clostridia;Lachnospirales;Lachnospiraceae;Fusicatenibacter;unclassified_Fusicatenibacter,DQ798568.1.1385
strong,1,EU773453.1.1296,unclassified_Lachnospiraceae,false,unclassified_Lachnospiraceae,Root;Bacteria;Firmicutes_A;Clostridia;Lachnospirales;Lachnospiraceae;unclassified_Lachnospiraceae,EU773453.1.1296
strong,0,JQ463168.1.1384,Rothia_dentocariosa,false,Rothia_dentocariosa,Root;Bacteria;Actinobacteriota;Actinomycetia;Actinomycetales;Micrococcaceae;Rothia;Rothia_dentocariosa,JQ463168.1.1384
strong,1,FJ957497.1.1475,unclassified_Staphylococcus,false,unclassified_Staphylococcus,Root;Bacteria;Firmicutes;Bacilli;Staphylococcales;Staphylococcaceae;Staphylococcus;unclassified_Staphylococcus,FJ957497.1.1475
strong,1,JF229027.1.1317,unclassified_Staphylococcus,false,unclassified_Staphylococcus,Root;Bacteria;Firmicutes;Bacilli;Staphylococcales;Staphylococcaceae;Staphylococcus;unclassified_Staphylococcus,JF229027.1.1317
strong,1,AM420280.1.1426,unclassified_Veillonella,false,unclassified_Veillonella,Root;Bacteria;Firmicutes_C;Negativicutes;Veillonellales;Veillonellaceae;Veillonella;unclassified_Veillonella,AM420280.1.1426
strong,1,AY953252.1.1530,unclassified_Bacteria,false,unclassified_Bacteria,Root;Bacteria;unclassified_Bacteria,AY953252.1.1530
strong,1,AF385496.1.1523,unclassified_Root,false,unclassified_Root,Root;unclassified_Root,AF385496.1.1523
strong,1,FJ558197.1.1408,unclassified_Streptococcus,false,unclassified_Streptococcus,Root;Bacteria;Firmicutes;Bacilli;Lactobacillales;Streptococcaceae;Streptococcus;unclassified_Streptococcus,FJ558197.1.1408
strong,1,JQ474027.1.1443,unclassified_Centipeda,false,unclassified_Centipeda,Root;Bacteria;Firmicutes_C;Negativicutes;Selenomonadales;Selenomonadaceae;Centipeda;unclassified_Centipeda,JQ474027.1.1443
strong,0,JQ451065.1.1311,unclassified_Porphyromonas,false,unclassified_Porphyromonas,Root;Bacteria;Bacteroidota;Bacteroidia;Bacteroidales;Porphyromonadaceae;Porphyromonas;unclassified_Porphyromonas,JQ451065.1.1311
strong,1,BAIH01000157.3821.5173,Dysosmobacter_welbionis,false,Dysosmobacter_welbionis,Root;Bacteria;Firmicutes_A;Clostridia;Oscillospirales;Oscillospiraceae;Dysosmobacter;Dysosmobacter_welbionis,BAIH01000157.3821.5173
strong,0,JQ473962.1.1377,unclassified_Capnocytophaga,false,unclassified_Capnocytophaga,Root;Bacteria;Bacteroidota;Bacteroidia;Flavobacteriales;Flavobacteriaceae;Capnocytophaga;unclassified_Capnocytophaga,JQ473962.1.1377
strong,0,GQ016008.1.1371,unclassified_Granulicatella,false,unclassified_Granulicatella,Root;Bacteria;Firmicutes;Bacilli;Lactobacillales;Aerococcaceae;Granulicatella;unclassified_Granulicatella,GQ016008.1.1371
strong,1,JQ452534.1.1372,unclassified_Capnocytophaga,false,unclassified_Capnocytophaga,Root;Bacteria;Bacteroidota;Bacteroidia;Flavobacteriales;Flavobacteriaceae;Capnocytophaga;unclassified_Capnocytophaga,JQ452534.1.1372
strong,0,JQ654191.1.1502,unclassified_Treponema_B,false,unclassified_Treponema_B,Root;Bacteria;Spirochaetota;Spirochaetia;Treponematales;Treponemataceae;Treponema_B;unclassified_Treponema_B,JQ654191.1.1502
strong,1,JF142767.1.1369,unclassified_Granulicatella,false,unclassified_Granulicatella,Root;Bacteria;Firmicutes;Bacilli;Lactobacillales;Aerococcaceae;Granulicatella;unclassified_Granulicatella,JF142767.1.1369
strong,0,JQ452113.1.1427,unclassified_Root,false,unclassified_Root,Root;unclassified_Root,JQ452113.1.1427
strong,0,HQ764874.1.1421,Eubacterium_M_brachy,false,Eubacterium_M_brachy,Root;Bacteria;Firmicutes_A;Clostridia;Peptostreptococcales;Anaerovoracaceae;Eubacterium_M;Eubacterium_M_brachy,HQ764874.1.1421
strong,1,HQ798792.1.1434,unclassified_Root,false,unclassified_Root,Root;unclassified_Root,HQ798792.1.1434
strong,1,AF287765.1.1475,unclassified_Peptoanaerobacter,false,unclassified_Peptoanaerobacter,Root;Bacteria;Firmicutes_A;Clostridia;Peptostreptococcales;Filifactoraceae;Peptoanaerobacter;unclassified_Peptoanaerobacter,AF287765.1.1475
strong,0,JQ473836.1.1358,unclassified_Fusobacterium,false,unclassified_Fusobacterium,Root;Bacteria;Fusobacteriota;Fusobacteriia;Fusobacteriales;Fusobacteriaceae;Fusobacterium;unclassified_Fusobacterium,JQ473836.1.1358
strong,1,GU432167.1.1241,Shuttleworthia_satelles,false,Shuttleworthia_satelles,Root;Bacteria;Firmicutes_A;Clostridia;Lachnospirales;Lachnospiraceae;Shuttleworthia;Shuttleworthia_satelles,GU432167.1.1241
strong,0,HQ812210.1.1430,Capnocytophaga_gingivalis,false,Capnocytophaga_gingivalis,Root;Bacteria;Bacteroidota;Bacteroidia;Flavobacteriales;Flavobacteriaceae;Capnocytophaga;Capnocytophaga_gingivalis,HQ812210.1.1430
strong,1,JQ452968.1.1420,unclassified_Streptococcus,false,unclassified_Streptococcus,Root;Bacteria;Firmicutes;Bacilli;Lactobacillales;Streptococcaceae;Streptococcus;unclassified_Streptococcus,JQ452968.1.1420
strong,1,FJ470581.1.1490,unclassified_Bacteria,false,unclassified_Bacteria,Root;Bacteria;unclassified_Bacteria,FJ470581.1.1490
strong,1,EU704752.1.1277,unclassified_Burkholderiaceae,false,unclassified_Burkholderiaceae,Root;Bacteria;Proteobacteria;Gammaproteobacteria;Burkholderiales;Burkholderiaceae;unclassified_Burkholderiaceae,EU704752.1.1277
strong,0,JQ467977.1.1411,unclassified_Pasteurellaceae,false,unclassified_Pasteurellaceae,Root;Bacteria;Proteobacteria;Gammaproteobacteria;Enterobacterales;Pasteurellaceae;unclassified_Pasteurellaceae,JQ467977.1.1411
strong,1,EU767368.1.1363,Phocaeicola_dorei,false,Phocaeicola_dorei,Root;Bacteria;Bacteroidota;Bacteroidia;Bacteroidales;Bacteroidaceae;Phocaeicola;Phocaeicola_dorei,EU767368.1.1363
strong,1,JF148907.1.1359,Alloprevotella_sp900095835,false,Alloprevotella_sp900095835,Root;Bacteria;Bacteroidota;Bacteroidia;Bacteroidales;Bacteroidaceae;Alloprevotella;Alloprevotella_sp900095835,JF148907.1.1359
strong,0,JQ406530.1.1451,Ottowia_sp001262075,false,Ottowia_sp001262075,Root;Bacteria;Proteobacteria;Gammaproteobacteria;Burkholderiales;Burkholderiaceae;Ottowia;Ottowia_sp001262075,JQ406530.1.1451
strong,1,AY977515.1.1349,unclassified_Root,false,unclassified_Root,Root;unclassified_Root,AY977515.1.1349
strong,1,HQ811040.1.1460,Gemella_morbillorum,false,Gemella_morbillorum,Root;Bacteria;Firmicutes;Bacilli;Staphylococcales;Gemellaceae;Gemella;Gemella_morbillorum,HQ811040.1.1460
strong,1,FJ557362.1.1364,unclassified_Neisseria,false,unclassified_Neisseria,Root;Bacteria;Proteobacteria;Gammaproteobacteria;Burkholderiales;Neisseriaceae;Neisseria;unclassified_Neisseria,FJ557362.1.1364
strong,1,JQ451317.1.1398,unclassified_Neisseriaceae,false,unclassified_Neisseriaceae,Root;Bacteria;Proteobacteria;Gammaproteobacteria;Burkholderiales;Neisseriaceae;unclassified_Neisseriaceae,JQ451317.1.1398
strong,0,JF414111.1.1515,unclassified_Streptococcus,false,unclassified_Streptococcus,Root;Bacteria;Firmicutes;Bacilli;Lactobacillales;Streptococcaceae;Streptococcus;unclassified_Streptococcus,JF414111.1.1515
strong,0,JQ451711.1.1392,Corynebacterium_matruchotii,false,Corynebacterium_matruchotii,Root;Bacteria;Actinobacteriota;Actinomycetia;Mycobacteriales;Mycobacteriaceae;Corynebacterium;Corynebacterium_matruchotii,JQ451711.1.1392
strong,1,JQ454311.1.1386,unclassified_Neisseria,false,unclassified_Neisseria,Root;Bacteria;Proteobacteria;Gammaproteobacteria;Burkholderiales;Neisseriaceae;Neisseria;unclassified_Neisseria,JQ454311.1.1386
strong,1,JQ460235.1.1414,unclassified_Neisseria,false,unclassified_Neisseria,Root;Bacteria;Proteobacteria;Gammaproteobacteria;Burkholderiales;Neisseriaceae;Neisseria;unclassified_Neisseria,JQ460235.1.1414
strong,1,JQ476855.1.1374,Campylobacter_B_gracilis,false,Campylobacter_B_gracilis,Root;Bacteria;Campylobacterota;Campylobacteria;Campylobacterales;Campylobacteraceae;Campylobacter_B;Campylobacter_B_gracilis,JQ476855.1.1374
strong,1,AY958933.1.1490,unclassified_Lancefieldella,false,unclassified_Lancefieldella,Root;Bacteria;Actinobacteriota;Coriobacteriia;Coriobacteriales;Atopobiaceae;Lancefieldella;unclassified_Lancefieldella,AY958933.1.1490
strong,1,AY959044.1.1495,unclassified_Lancefieldella,false,unclassified_Lancefieldella,Root;Bacteria;Actinobacteriota;Coriobacteriia;Coriobacteriales;Atopobiaceae;Lancefieldella;unclassified_Lancefieldella,AY959044.1.1495
strong,0,GU408748.1.1463,unclassified_Treponema_B,false,unclassified_Treponema_B,Root;Bacteria;Spirochaetota;Spirochaetia;Treponematales;Treponemataceae;Treponema_B;unclassified_Treponema_B,GU408748.1.1463
strong,0,JQ475297.1.1411,unclassified_Root,false,unclassified_Root,Root;unclassified_Root,JQ475297.1.1411
strong,1,JQ449434.1.1369,unclassified_Peptostreptococcus,false,unclassified_Peptostreptococcus,Root;Bacteria;Firmicutes_A;Clostridia;Peptostreptococcales;Peptostreptococcaceae;Peptostreptococcus;unclassified_Peptostreptococcus,JQ449434.1.1369
strong,0,JQ452769.1.1357,Rothia_dentocariosa,false,Rothia_dentocariosa,Root;Bacteria;Actinobacteriota;Actinomycetia;Actinomycetales;Micrococcaceae;Rothia;Rothia_dentocariosa,JQ452769.1.1357
strong,1,JF131761.1.1363,unclassified_Streptococcus,false,unclassified_Streptococcus,Root;Bacteria;Firmicutes;Bacilli;Lactobacillales;Streptococcaceae;Streptococcus;unclassified_Streptococcus,JF131761.1.1363
strong,1,AY974857.1.1356,Anaerotignum_faecicola,false,Anaerotignum_faecicola,Root;Bacteria;Firmicutes_A;Clostridia;Lachnospirales;Anaerotignaceae;Anaerotignum;Anaerotignum_faecicola,AY974857.1.1356
strong,1,JQ451999.1.1413,unclassified_Root,false,unclassified_Root,Root;unclassified_Root,JQ451999.1.1413
strong,1,D89882.1.1550,Selenomonas_sputigena,false,Selenomonas_sputigena,Root;Bacteria;Firmicutes_C;Negativicutes;Selenomonadales;Selenomonadaceae;Selenomonas;Selenomonas_sputigena,D89882.1.1550
strong,0,JQ462118.1.1331,unclassified_Aggregatibacter,false,unclassified_Aggregatibacter,Root;Bacteria;Proteobacteria;Gammaproteobacteria;Enterobacterales;Pasteurellaceae;Aggregatibacter;unclassified_Aggregatibacter,JQ462118.1.1331
strong,0,JQ460096.1.1411,unclassified_Root,false,unclassified_Root,Root;unclassified_Root,JQ460096.1.1411
strong,1,JF151848.1.1357,Porphyromonas_sp018127745,false,Porphyromonas_sp018127745,Root;Bacteria;Bacteroidota;Bacteroidia;Bacteroidales;Porphyromonadaceae;Porphyromonas;Porphyromonas_sp018127745,JF151848.1.1357
strong,0,JQ449939.1.1404,unclassified_Streptococcus,false,unclassified_Streptococcus,Root;Bacteria;Firmicutes;Bacilli;Lactobacillales;Streptococcaceae;Streptococcus;unclassified_Streptococcus,JQ449939.1.1404
strong,0,EU763160.1.1358,unclassified_Proteobacteria,false,unclassified_Proteobacteria,Root;Bacteria;Proteobacteria;unclassified_Proteobacteria,EU763160.1.1358
strong,0,JQ469968.1.1402,Prevotella_denticola,false,Prevotella_denticola,Root;Bacteria;Bacteroidota;Bacteroidia;Bacteroidales;Bacteroidaceae;Prevotella;Prevotella_denticola,JQ469968.1.1402
strong,0,GQ158073.1.1400,unclassified_Pauljensenia,false,unclassified_Pauljensenia,Root;Bacteria;Actinobacteriota;Actinomycetia;Actinomycetales;Actinomycetaceae;Pauljensenia;unclassified_Pauljensenia,GQ158073.1.1400
strong,1,JF141751.1.1347,Capnocytophaga_gingivalis,false,Capnocytophaga_gingivalis,Root;Bacteria;Bacteroidota;Bacteroidia;Flavobacteriales;Flavobacteriaceae;Capnocytophaga;Capnocytophaga_gingivalis,JF141751.1.1347
strong,0,AY947497.1.1427,unclassified_Peptoanaerobacter,false,unclassified_Peptoanaerobacter,Root;Bacteria;Firmicutes_A;Clostridia;Peptostreptococcales;Filifactoraceae;Peptoanaerobacter;unclassified_Peptoanaerobacter,AY947497.1.1427
strong,1,JN379060.1.1513,unclassified_Bacteria,false,unclassified_Bacteria,Root;Bacteria;unclassified_Bacteria,JN379060.1.1513
strong,1,HQ781899.1.1453,unclassified_Root,false,unclassified_Root,Root;unclassified_Root,HQ781899.1.1453
strong,0,JQ462593.1.1406,unclassified_Centipeda,false,unclassified_Centipeda,Root;Bacteria;Firmicutes_C;Negativicutes;Selenomonadales;Selenomonadaceae;Centipeda;unclassified_Centipeda,JQ462593.1.1406
strong,0,FM997297.1.1423,Paraprevotella_clara,false,Paraprevotella_clara,Root;Bacteria;Bacteroidota;Bacteroidia;Bacteroidales;Bacteroidaceae;Paraprevotella;Paraprevotella_clara,FM997297.1.1423
strong,0,AFQU01000001.1150504.1152003,Streptococcus_sp000220065,false,Streptococcus_sp000220065,Root;Bacteria;Firmicutes;Bacilli;Lactobacillales;Streptococcaceae;Streptococcus;Streptococcus_sp000220065,AFQU01000001.1150504.1152003
strong,0,GQ039190.1.1362,unclassified_Root,false,unclassified_Root,Root;unclassified_Root,GQ039190.1.1362
strong,0,GU561337.1.1377,Capnocytophaga_sputigena,false,Capnocytophaga_sputigena,Root;Bacteria;Bacteroidota;Bacteroidia;Flavobacteriales;Flavobacteriaceae;Capnocytophaga;Capnocytophaga_sputigena,GU561337.1.1377
strong,1,JQ450016.1.1358,unclassified_Gemella,false,unclassified_Gemella,Root;Bacteria;Firmicutes;Bacilli;Staphylococcales;Gemellaceae;Gemella;unclassified_Gemella,JQ450016.1.1358
strong,0,JQ453211.1.1399,unclassified_Neisseria,false,unclassified_Neisseria,Root;Bacteria;Proteobacteria;Gammaproteobacteria;Burkholderiales;Neisseriaceae;Neisseria;unclassified_Neisseria,JQ453211.1.1399
strong,1,JQ449849.1.1412,unclassified_Streptococcus,false,unclassified_Streptococcus,Root;Bacteria;Firmicutes;Bacilli;Lactobacillales;Streptococcaceae;Streptococcus;unclassified_Streptococcus,JQ449849.1.1412
strong,0,GU410771.1.1431,unclassified_Root,false,unclassified_Root,Root;unclassified_Root,GU410771.1.1431
strong,1,JQ472884.1.1384,unclassified_Root,false,unclassified_Root,Root;unclassified_Root,JQ472884.1.1384
strong,0,FJ470462.1.1472,unclassified_Root,false,unclassified_Root,Root;unclassified_Root,FJ470462.1.1472
strong,1,JQ452546.1.1397,unclassified_Root,false,unclassified_Root,Root;unclassified_Root,JQ452546.1.1397
strong,1,FJ773363.1.1428,Streptococcus_mutans,false,Streptococcus_mutans,Root;Bacteria;Firmicutes;Bacilli;Lactobacillales;Streptococcaceae;Streptococcus;Streptococcus_mutans,FJ773363.1.1428
strong,1,JQ470925.1.1396,unclassified_Root,false,unclassified_Root,Root;unclassified_Root,JQ470925.1.1396
strong,1,EU530495.1.1412,Enterocloster_sp000431375,false,Enterocloster_sp000431375,Root;Bacteria;Firmicutes_A;Clostridia;Lachnospirales;Lachnospiraceae;Enterocloster;Enterocloster_sp000431375,EU530495.1.1412
strong,1,DQ003617.1.1444,unclassified_Root,false,unclassified_Root,Root;unclassified_Root,DQ003617.1.1444
strong,1,GQ423480.1.1469,Treponema_phagedenis,false,Treponema_phagedenis,Root;Bacteria;Spirochaetota;Spirochaetia;Treponematales;Treponemataceae;Treponema;Treponema_phagedenis,GQ423480.1.1469
strong,1,AY560519.1.1489,Neisseria_bacilliformis,false,Neisseria_bacilliformis,Root;Bacteria;Proteobacteria;Gammaproteobacteria;Burkholderiales;Neisseriaceae;Neisseria;Neisseria_bacilliformis,AY560519.1.1489
strong,1,JF146311.1.1361,unclassified_Neisseria,false,unclassified_Neisseria,Root;Bacteria;Proteobacteria;Gammaproteobacteria;Burkholderiales;Neisseriaceae;Neisseria;unclassified_Neisseria,JF146311.1.1361
strong,1,EU790198.1.1235,unclassified_Root,false,unclassified_Root,Root;unclassified_Root,EU790198.1.1235
strong,0,JQ469590.1.1396,Porphyromonas_sp018127745,false,Porphyromonas_sp018127745,Root;Bacteria;Bacteroidota;Bacteroidia;Bacteroidales;Porphyromonadaceae;Porphyromonas;Porphyromonas_sp018127745,JQ469590.1.1396
strong,1,HM335226.1.1353,unclassified_Root,false,unclassified_Root,Root;unclassified_Root,HM335226.1.1353
strong,1,EF402032.1.1475,Ruminococcus_D_bicirculans,false,Ruminococcus_D_bicirculans,Root;Bacteria;Firmicutes_A;Clostridia;Oscillospirales;Ruminococcaceae;Ruminococcus_D;Ruminococcus_D_bicirculans,EF402032.1.1475
strong,0,JQ466233.1.1394,unclassified_Veillonella,false,unclassified_Veillonella,Root;Bacteria;Firmicutes_C;Negativicutes;Veillonellales;Veillonellaceae;Veillonella;unclassified_Veillonella,JQ466233.1.1394
strong,1,EF096151.1.1341,unclassified_Lactobacillus,false,unclassified_Lactobacillus,Root;Bacteria;Firmicutes;Bacilli;Lactobacillales;Lactobacillaceae;Lactobacillus;unclassified_Lactobacillus,EF096151.1.1341
strong,0,JQ462185.1.1405,Selenomonas_sputigena,false,Selenomonas_sputigena,Root;Bacteria;Firmicutes_C;Negativicutes;Selenomonadales;Selenomonadaceae;Selenomonas;Selenomonas_sputigena,JQ462185.1.1405
strong,0,JQ451976.1.1418,unclassified_Streptococcus,false,unclassified_Streptococcus,Root;Bacteria;Firmicutes;Bacilli;Lactobacillales;Streptococcaceae;Streptococcus;unclassified_Streptococcus,JQ451976.1.1418
strong,0,FJ470489.1.1508,Selenomonas_sputigena,false,Selenomonas_sputigena,Root;Bacteria;Firmicutes_C;Negativicutes;Selenomonadales;Selenomonadaceae;Selenomonas;Selenomonas_sputigena,FJ470489.1.1508
strong,1,JQ467246.1.1406,unclassified_Corynebacterium,false,unclassified_Corynebacterium,Root;Bacteria;Actinobacteriota;Actinomycetia;Mycobacteriales;Mycobacteriaceae;Corynebacterium;unclassified_Corynebacterium,JQ467246.1.1406
strong,1,HQ811529.1.1477,Actinomyces_timonensis,false,Actinomyces_timonensis,Root;Bacteria;Actinobacteriota;Actinomycetia;Actinomycetales;Actinomycetaceae;Actinomyces;Actinomyces_timonensis,HQ811529.1.1477
strong,1,FJ976291.1.1372,Actinomyces_timonensis,false,Actinomyces_timonensis,Root;Bacteria;Actinobacteriota;Actinomycetia;Actinomycetales;Actinomycetaceae;Actinomyces;Actinomyces_timonensis,FJ976291.1.1372
strong,1,JN713378.1.1525,unclassified_Root,false,unclassified_Root,Root;unclassified_Root,JN713378.1.1525
strong,1,DQ003614.1.1445,unclassified_Root,false,unclassified_Root,Root;unclassified_Root,DQ003614.1.1445
strong,1,KC203059.1.1393,unclassified_Root,false,unclassified_Root,Root;unclassified_Root,KC203059.1.1393
strong,1,JF059998.1.1357,unclassified_Porphyromonas,false,unclassified_Porphyromonas,Root;Bacteria;Bacteroidota;Bacteroidia;Bacteroidales;Porphyromonadaceae;Porphyromonas;unclassified_Porphyromonas,JF059998.1.1357
strong,0,JQ472210.1.1377,unclassified_Fusobacterium,false,unclassified_Fusobacterium,Root;Bacteria;Fusobacteriota;Fusobacteriia;Fusobacteriales;Fusobacteriaceae;Fusobacterium;unclassified_Fusobacterium,JQ472210.1.1377
strong,1,EU466029.1.1389,unclassified_Gammaproteobacteria,false,unclassified_Gammaproteobacteria,Root;Bacteria;Proteobacteria;Gammaproteobacteria;unclassified_Gammaproteobacteria,EU466029.1.1389
strong,1,EU465522.1.1312,unclassified_Gammaproteobacteria,false,unclassified_Gammaproteobacteria,Root;Bacteria;Proteobacteria;Gammaproteobacteria;unclassified_Gammaproteobacteria,EU465522.1.1312
strong,1,JQ451290.1.1409,unclassified_Porphyromonas,false,unclassified_Porphyromonas,Root;Bacteria;Bacteroidota;Bacteroidia;Bacteroidales;Porphyromonadaceae;Porphyromonas;unclassified_Porphyromonas,JQ451290.1.1409
strong,0,ET632854.1.1312,Treponema_C_lecithinolyticum,false,Treponema_C_lecithinolyticum,Root;Bacteria;Spirochaetota;Spirochaetia;Treponematales;Treponemataceae;Treponema_C;Treponema_C_lecithinolyticum,ET632854.1.1312
strong,0,JQ455212.1.1382,Leptotrichia_A_sp001274535,false,Leptotrichia_A_sp001274535,Root;Bacteria;Fusobacteriota;Fusobacteriia;Fusobacteriales;Leptotrichiaceae;Leptotrichia_A;Leptotrichia_A_sp001274535,JQ455212.1.1382
strong,1,JF002739.1.1368,unclassified_Streptococcus,false,unclassified_Streptococcus,Root;Bacteria;Firmicutes;Bacilli;Lactobacillales;Streptococcaceae;Streptococcus;unclassified_Streptococcus,JF002739.1.1368
strong,1,HQ795879.1.1416,Leptotrichia_A_sp001274535,false,Leptotrichia_A_sp001274535,Root;Bacteria;Fusobacteriota;Fusobacteriia;Fusobacteriales;Leptotrichiaceae;Leptotrichia_A;Leptotrichia_A_sp001274535,HQ795879.1.1416
strong,1,JQ452042.1.1274,unclassified_Aggregatibacter,false,unclassified_Aggregatibacter,Root;Bacteria;Proteobacteria;Gammaproteobacteria;Enterobacterales;Pasteurellaceae;Aggregatibacter;unclassified_Aggregatibacter,JQ452042.1.1274
strong,0,JQ456243.1.1365,unclassified_Fusobacterium,false,unclassified_Fusobacterium,Root;Bacteria;Fusobacteriota;Fusobacteriia;Fusobacteriales;Fusobacteriaceae;Fusobacterium;unclassified_Fusobacterium,JQ456243.1.1365
strong,0,JQ447930.1.1414,Centipeda_infelix,false,Centipeda_infelix,Root;Bacteria;Firmicutes_C;Negativicutes;Selenomonadales;Selenomonadaceae;Centipeda;Centipeda_infelix,JQ447930.1.1414
strong,1,JQ455165.1.1400,unclassified_Neisseriaceae,false,unclassified_Neisseriaceae,Root;Bacteria;Proteobacteria;Gammaproteobacteria;Burkholderiales;Neisseriaceae;unclassified_Neisseriaceae,JQ455165.1.1400
strong,0,HM270674.1.1344,unclassified_Root,false,unclassified_Root,Root;unclassified_Root,HM270674.1.1344
strong,1,JQ449272.1.1394,unclassified_Root,false,unclassified_Root,Root;unclassified_Root,JQ449272.1.1394
strong,1,JQ451970.1.1379,unclassified_Eikenella,false,unclassified_Eikenella,Root;Bacteria;Proteobacteria;Gammaproteobacteria;Burkholderiales;Neisseriaceae;Eikenella;unclassified_Eikenella,JQ451970.1.1379
strong,0,GU432133.1.1216,Prevotella_oulorum,false,Prevotella_oulorum,Root;Bacteria;Bacteroidota;Bacteroidia;Bacteroidales;Bacteroidaceae;Prevotella;Prevotella_oulorum,GU432133.1.1216
strong,0,JQ467255.1.1254,unclassified_Root,false,unclassified_Root,Root;unclassified_Root,JQ467255.1.1254
strong,0,HM303850.1.1335,unclassified_Pseudoleptotrichia,false,unclassified_Pseudoleptotrichia,Root;Bacteria;Fusobacteriota;Fusobacteriia;Fusobacteriales;Leptotrichiaceae;Pseudoleptotrichia;unclassified_Pseudoleptotrichia,HM303850.1.1335
strong,1,JQ467757.1.1383,unclassified_Leptotrichia,false,unclassified_Leptotrichia,Root;Bacteria;Fusobacteriota;Fusobacteriia;Fusobacteriales;Leptotrichiaceae;Leptotrichia;unclassified_Leptotrichia,JQ467757.1.1383
strong,0,JQ476771.1.1426,unclassified_Root,false,unclassified_Root,Root;unclassified_Root,JQ476771.1.1426
strong,0,JQ449934.1.1399,unclassified_Streptococcus,false,unclassified_Streptococcus,Root;Bacteria;Firmicutes;Bacilli;Lactobacillales;Streptococcaceae;Streptococcus;unclassified_Streptococcus,JQ449934.1.1399
strong,0,JQ473894.1.1355,unclassified_Capnocytophaga,false,unclassified_Capnocytophaga,Root;Bacteria;Bacteroidota;Bacteroidia;Flavobacteriales;Flavobacteriaceae;Capnocytophaga;unclassified_Capnocytophaga,JQ473894.1.1355
strong,1,JQ460426.1.1380,unclassified_Root,false,unclassified_Root,Root;unclassified_Root,JQ460426.1.1380
strong,1,EU764628.1.1356,Bacteroides_uniformis,false,Bacteroides_uniformis,Root;Bacteria;Bacteroidota;Bacteroidia;Bacteroidales;Bacteroidaceae;Bacteroides;Bacteroides_uniformis,EU764628.1.1356
strong,1,KC000258.1.1363,unclassified_Bacteria,false,unclassified_Bacteria,Root;Bacteria;unclassified_Bacteria,KC000258.1.1363
strong,1,JF131755.1.1327,unclassified_Fusobacterium,false,unclassified_Fusobacterium,Root;Bacteria;Fusobacteriota;Fusobacteriia;Fusobacteriales;Fusobacteriaceae;Fusobacterium;unclassified_Fusobacterium,JF131755.1.1327
strong,1,HQ759566.1.1442,Bacteroides_uniformis,false,Bacteroides_uniformis,Root;Bacteria;Bacteroidota;Bacteroidia;Bacteroidales;Bacteroidaceae;Bacteroides;Bacteroides_uniformis,HQ759566.1.1442
strong,0,AF061347.1.1502,unclassified_Treponema,false,unclassified_Treponema,Root;Bacteria;Spirochaetota;Spirochaetia;Treponematales;Treponemataceae;Treponema;unclassified_Treponema,AF061347.1.1502
strong,0,JQ451186.1.1401,unclassified_Pasteurellaceae,false,unclassified_Pasteurellaceae,Root;Bacteria;Proteobacteria;Gammaproteobacteria;Enterobacterales;Pasteurellaceae;unclassified_Pasteurellaceae,JQ451186.1.1401
strong,1,JQ472043.1.1400,unclassified_Root,false,unclassified_Root,Root;unclassified_Root,JQ472043.1.1400
strong,0,JQ468513.1.1420,unclassified_Veillonella,false,unclassified_Veillonella,Root;Bacteria;Firmicutes_C;Negativicutes;Veillonellales;Veillonellaceae;Veillonella;unclassified_Veillonella,JQ468513.1.1420
strong,1,KC290794.1.1494,unclassified_Atopobiaceae,false,unclassified_Atopobiaceae,Root;Bacteria;Actinobacteriota;Coriobacteriia;Coriobacteriales;Atopobiaceae;unclassified_Atopobiaceae,KC290794.1.1494
strong,0,JF131342.1.1354,Corynebacterium_durum,false,Corynebacterium_durum,Root;Bacteria;Actinobacteriota;Actinomycetia;Mycobacteriales;Mycobacteriaceae;Corynebacterium;Corynebacterium_durum,JF131342.1.1354
strong,0,JQ467792.1.1376,unclassified_Fusobacterium,false,unclassified_Fusobacterium,Root;Bacteria;Fusobacteriota;Fusobacteriia;Fusobacteriales;Fusobacteriaceae;Fusobacterium;unclassified_Fusobacterium,JQ467792.1.1376
strong,1,DQ805631.1.1404,unclassified_Streptococcus,false,unclassified_Streptococcus,Root;Bacteria;Firmicutes;Bacilli;Lactobacillales;Streptococcaceae;Streptococcus;unclassified_Streptococcus,DQ805631.1.1404
strong,0,JQ476405.1.1385,Capnocytophaga_ochracea,false,Capnocytophaga_ochracea,Root;Bacteria;Bacteroidota;Bacteroidia;Flavobacteriales;Flavobacteriaceae;Capnocytophaga;Capnocytophaga_ochracea,JQ476405.1.1385
strong,1,JQ453094.1.1265,Rothia_aeria,false,Rothia_aeria,Root;Bacteria;Actinobacteriota;Actinomycetia;Actinomycetales;Micrococcaceae;Rothia;Rothia_aeria,JQ453094.1.1265
strong,1,KF691779.1.1235,Rothia_aeria,false,Rothia_aeria,Root;Bacteria;Actinobacteriota;Actinomycetia;Actinomycetales;Micrococcaceae;Rothia;Rothia_aeria,KF691779.1.1235
strong,0,JQ451876.1.1374,Leptotrichia_A_sp001274535,false,Leptotrichia_A_sp001274535,Root;Bacteria;Fusobacteriota;Fusobacteriia;Fusobacteriales;Leptotrichiaceae;Leptotrichia_A;Leptotrichia_A_sp001274535,JQ451876.1.1374
strong,1,JX171198.1.1438,Peptidiphaga_gingivicola,false,Peptidiphaga_gingivicola,Root;Bacteria;Actinobacteriota;Actinomycetia;Actinomycetales;Actinomycetaceae;Peptidiphaga;Peptidiphaga_gingivicola,JX171198.1.1438
strong,1,HQ818990.1.1410,unclassified_Campylobacter_A,false,unclassified_Campylobacter_A,Root;Bacteria;Campylobacterota;Campylobacteria;Campylobacterales;Campylobacteraceae;Campylobacter_A;unclassified_Campylobacter_A,HQ818990.1.1410
strong,1,HQ850580.1.1385,unclassified_Actinomyces,false,unclassified_Actinomyces,Root;Bacteria;Actinobacteriota;Actinomycetia;Actinomycetales;Actinomycetaceae;Actinomyces;unclassified_Actinomyces,HQ850580.1.1385
strong,1,HG799952.1.1818,unclassified_Root,false,unclassified_Root,Root;unclassified_Root,HG799952.1.1818
strong,1,EF532910.1.1588,unclassified_Acinetobacter,false,unclassified_Acinetobacter,Root;Bacteria;Proteobacteria;Gammaproteobacteria;Pseudomonadales;Moraxellaceae;Acinetobacter;unclassified_Acinetobacter,EF532910.1.1588
strong,0,JQ454583.1.1399,unclassified_Porphyromonas,false,unclassified_Porphyromonas,Root;Bacteria;Bacteroidota;Bacteroidia;Bacteroidales;Porphyromonadaceae;Porphyromonas;unclassified_Porphyromonas,JQ454583.1.1399
strong,0,JF223997.1.1388,unclassified_Actinomyces,false,unclassified_Actinomyces,Root;Bacteria;Actinobacteriota;Actinomycetia;Actinomycetales;Actinomycetaceae;Actinomyces;unclassified_Actinomyces,JF223997.1.1388
strong,1,GU086173.1.1311,unclassified_Leptotrichia,false,unclassified_Leptotrichia,Root;Bacteria;Fusobacteriota;Fusobacteriia;Fusobacteriales;Leptotrichiaceae;Leptotrichia;unclassified_Leptotrichia,GU086173.1.1311
strong,1,DQ799322.1.1402,unclassified_Alistipes,false,unclassified_Alistipes,Root;Bacteria;Bacteroidota;Bacteroidia;Bacteroidales;Rikenellaceae;Alistipes;unclassified_Alistipes,DQ799322.1.1402
strong,1,EU764976.1.1376,unclassified_Bacteria,false,unclassified_Bacteria,Root;Bacteria;unclassified_Bacteria,EU764976.1.1376
strong,1,HQ785433.1.1445,unclassified_Butyricimonas,false,unclassified_Butyricimonas,Root;Bacteria;Bacteroidota;Bacteroidia;Bacteroidales;Marinifilaceae;Butyricimonas;unclassified_Butyricimonas,HQ785433.1.1445
strong,1,HQ757500.1.1466,unclassified_Veillonella,false,unclassified_Veillonella,Root;Bacteria;Firmicutes_C;Negativicutes;Veillonellales;Veillonellaceae;Veillonella;unclassified_Veillonella,HQ757500.1.1466
strong,0,JQ477259.1.1405,Prevotella_oris,false,Prevotella_oris,Root;Bacteria;Bacteroidota;Bacteroidia;Bacteroidales;Bacteroidaceae;Prevotella;Prevotella_oris,JQ477259.1.1405
strong,1,GU000401.1.1202,unclassified_Pseudomonas_E,false,unclassified_Pseudomonas_E,Root;Bacteria;Proteobacteria;Gammaproteobacteria;Pseudomonadales;Pseudomonadaceae;Pseudomonas_E;unclassified_Pseudomonas_E,GU000401.1.1202
strong,1,JQ958876.1.1408,unclassified_Enterobacteriaceae,false,unclassified_Enterobacteriaceae,Root;Bacteria;Proteobacteria;Gammaproteobacteria;Enterobacterales;Enterobacteriaceae;unclassified_Enterobacteriaceae,JQ958876.1.1408
strong,0,FJ982979.1.1549,Anaeroglobus_geminatus,false,Anaeroglobus_geminatus,Root;Bacteria;Firmicutes_C;Negativicutes;Veillonellales;Megasphaeraceae;Anaeroglobus;Anaeroglobus_geminatus,FJ982979.1.1549
strong,1,EF398278.1.1492,Ruminococcus_B_gnavus,false,Ruminococcus_B_gnavus,Root;Bacteria;Firmicutes_A;Clostridia;Lachnospirales;Lachnospiraceae;Ruminococcus_B;Ruminococcus_B_gnavus,EF398278.1.1492
strong,0,HM312807.1.1359,Prevotella_conceptionensis,false,Prevotella_conceptionensis,Root;Bacteria;Bacteroidota;Bacteroidia;Bacteroidales;Bacteroidaceae;Prevotella;Prevotella_conceptionensis,HM312807.1.1359
strong,0,FJ558236.1.1295,unclassified_Lachnoanaerobaculum,false,unclassified_Lachnoanaerobaculum,Root;Bacteria;Firmicutes_A;Clostridia;Lachnospirales;Lachnospiraceae;Lachnoanaerobaculum;unclassified_Lachnoanaerobaculum,FJ558236.1.1295
strong,1,FJ470443.1.1460,unclassified_Fusobacterium,false,unclassified_Fusobacterium,Root;Bacteria;Fusobacteriota;Fusobacteriia;Fusobacteriales;Fusobacteriaceae;Fusobacterium;unclassified_Fusobacterium,FJ470443.1.1460
strong,1,GU227220.1.1446,Oribacterium_sp000160135,false,Oribacterium_sp000160135,Root;Bacteria;Firmicutes_A;Clostridia;Lachnospirales;Lachnospiraceae;Oribacterium;Oribacterium_sp000160135,GU227220.1.1446
strong,1,JQ475392.1.1373,unclassified_Fusobacterium,false,unclassified_Fusobacterium,Root;Bacteria;Fusobacteriota;Fusobacteriia;Fusobacteriales;Fusobacteriaceae;Fusobacterium;unclassified_Fusobacterium,JQ475392.1.1373
strong,0,FJ976344.1.1358,Peptidiphaga_sp000466165,false,Peptidiphaga_sp000466165,Root;Bacteria;Actinobacteriota;Actinomycetia;Actinomycetales;Actinomycetaceae;Peptidiphaga;Peptidiphaga_sp000466165,FJ976344.1.1358
strong,1,KF271073.1.1485,unclassified_Veillonella,false,unclassified_Veillonella,Root;Bacteria;Firmicutes_C;Negativicutes;Veillonellales;Veillonellaceae;Veillonella;unclassified_Veillonella,KF271073.1.1485
strong,1,JF229576.1.1371,unclassified_Streptococcus,false,unclassified_Streptococcus,Root;Bacteria;Firmicutes;Bacilli;Lactobacillales;Streptococcaceae;Streptococcus;unclassified_Streptococcus,JF229576.1.1371
strong,1,GU432150.1.1204,unclassified_Root,false,unclassified_Root,Root;unclassified_Root,GU432150.1.1204
strong,0,FJ823150.1.1405,Capnocytophaga_granulosa,false,Capnocytophaga_granulosa,Root;Bacteria;Bacteroidota;Bacteroidia;Flavobacteriales;Flavobacteriaceae;Capnocytophaga;Capnocytophaga_granulosa,FJ823150.1.1405
strong,1,JQ455258.1.1386,unclassified_Haemophilus_D,false,unclassified_Haemophilus_D,Root;Bacteria;Proteobacteria;Gammaproteobacteria;Enterobacterales;Pasteurellaceae;Haemophilus_D;unclassified_Haemophilus_D,JQ455258.1.1386
strong,1,JQ467834.1.1286,unclassified_Veillonella,false,unclassified_Veillonella,Root;Bacteria;Firmicutes_C;Negativicutes;Veillonellales;Veillonellaceae;Veillonella;unclassified_Veillonella,JQ467834.1.1286
strong,0,JQ452451.1.1380,unclassified_Lachnoanaerobaculum,false,unclassified_Lachnoanaerobaculum,Root;Bacteria;Firmicutes_A;Clostridia;Lachnospirales;Lachnospiraceae;Lachnoanaerobaculum;unclassified_Lachnoanaerobaculum,JQ452451.1.1380
strong,1,JQ455706.1.1369,unclassified_Arachnia,false,unclassified_Arachnia,Root;Bacteria;Actinobacteriota;Actinomycetia;Propionibacteriales;Propionibacteriaceae;Arachnia;unclassified_Arachnia,JQ455706.1.1369
strong,1,JF231386.1.1369,unclassified_Streptococcus,false,unclassified_Streptococcus,Root;Bacteria;Firmicutes;Bacilli;Lactobacillales;Streptococcaceae;Streptococcus;unclassified_Streptococcus,JF231386.1.1369
strong,1,JQ456203.1.1331,unclassified_Haemophilus_D,false,unclassified_Haemophilus_D,Root;Bacteria;Proteobacteria;Gammaproteobacteria;Enterobacterales;Pasteurellaceae;Haemophilus_D;unclassified_Haemophilus_D,JQ456203.1.1331
strong,1,JF075243.1.1368,unclassified_Root,false,unclassified_Root,Root;unclassified_Root,JF075243.1.1368
strong,1,DQ326384.1.1351,Eubacterium_R_sp011958665,false,Eubacterium_R_sp011958665,Root;Bacteria;Firmicutes_A;Clostridia;Oscillospirales;Acutalibacteraceae;Eubacterium_R;Eubacterium_R_sp011958665,DQ326384.1.1351
strong,1,HQ766831.1.1428,Bacteroides_stercoris,false,Bacteroides_stercoris,Root;Bacteria;Bacteroidota;Bacteroidia;Bacteroidales;Bacteroidaceae;Bacteroides;Bacteroides_stercoris,HQ766831.1.1428
strong,0,JQ452595.1.1426,unclassified_Centipeda,false,unclassified_Centipeda,Root;Bacteria;Firmicutes_C;Negativicutes;Selenomonadales;Selenomonadaceae;Centipeda;unclassified_Centipeda,JQ452595.1.1426
strong,0,JQ476896.1.1333,unclassified_Centipeda,false,unclassified_Centipeda,Root;Bacteria;Firmicutes_C;Negativicutes;Selenomonadales;Selenomonadaceae;Centipeda;unclassified_Centipeda,JQ476896.1.1333
strong,0,JQ453436.1.1239,unclassified_Root,false,unclassified_Root,Root;unclassified_Root,JQ453436.1.1239
strong,1,FJ558066.1.1408,unclassified_Streptococcus,false,unclassified_Streptococcus,Root;Bacteria;Firmicutes;Bacilli;Lactobacillales;Streptococcaceae;Streptococcus;unclassified_Streptococcus,FJ558066.1.1408
strong,1,JQ453324.1.1369,unclassified_Actinomyces,false,unclassified_Actinomyces,Root;Bacteria;Actinobacteriota;Actinomycetia;Actinomycetales;Actinomycetaceae;Actinomyces;unclassified_Actinomyces,JQ453324.1.1369
strong,0,JQ461210.1.1422,unclassified_Root,false,unclassified_Root,Root;unclassified_Root,JQ461210.1.1422
strong,1,JQ467268.1.1377,unclassified_Capnocytophaga,false,unclassified_Capnocytophaga,Root;Bacteria;Bacteroidota;Bacteroidia;Flavobacteriales;Flavobacteriaceae;Capnocytophaga;unclassified_Capnocytophaga,JQ467268.1.1377
strong,1,JQ406541.1.1371,unclassified_Veillonellaceae,false,unclassified_Veillonellaceae,Root;Bacteria;Firmicutes_C;Negativicutes;Veillonellales;Veillonellaceae;unclassified_Veillonellaceae,JQ406541.1.1371
strong,1,JQ448701.1.1394,unclassified_Pasteurellaceae,false,unclassified_Pasteurellaceae,Root;Bacteria;Proteobacteria;Gammaproteobacteria;Enterobacterales;Pasteurellaceae;unclassified_Pasteurellaceae,JQ448701.1.1394
strong,0,JQ467876.1.1406,unclassified_Root,false,unclassified_Root,Root;unclassified_Root,JQ467876.1.1406
strong,1,GU561319.1.1432,unclassified_Pauljensenia,false,unclassified_Pauljensenia,Root;Bacteria;Actinobacteriota;Actinomycetia;Actinomycetales;Actinomycetaceae;Pauljensenia;unclassified_Pauljensenia,GU561319.1.1432
strong,1,JF188434.1.1345,Rothia_dentocariosa,false,Rothia_dentocariosa,Root;Bacteria;Actinobacteriota;Actinomycetia;Actinomycetales;Micrococcaceae;Rothia;Rothia_dentocariosa,JF188434.1.1345
strong,1,JQ454383.1.1388,unclassified_Root,false,unclassified_Root,Root;unclassified_Root,JQ454383.1.1388
strong,0,JQ472047.1.1396,Prevotella_oulorum,false,Prevotella_oulorum,Root;Bacteria;Bacteroidota;Bacteroidia;Bacteroidales;Bacteroidaceae;Prevotella;Prevotella_oulorum,JQ472047.1.1396
strong,1,JF136468.1.1355,Capnocytophaga_endodontalis,false,Capnocytophaga_endodontalis,Root;Bacteria;Bacteroidota;Bacteroidia;Flavobacteriales;Flavobacteriaceae;Capnocytophaga;Capnocytophaga_endodontalis,JF136468.1.1355
strong,1,KF817669.1.1395,unclassified_Enterobacteriaceae,false,unclassified_Enterobacteriaceae,Root;Bacteria;Proteobacteria;Gammaproteobacteria;Enterobacterales;Enterobacteriaceae;unclassified_Enterobacteriaceae,KF817669.1.1395
strong,0,JQ467052.1.1380,Leptotrichia_massiliensis,false,Leptotrichia_massiliensis,Root;Bacteria;Fusobacteriota;Fusobacteriia;Fusobacteriales;Leptotrichiaceae;Leptotrichia;Leptotrichia_massiliensis,JQ467052.1.1380
strong,1,AY278625.1.1487,unclassified_Root,false,unclassified_Root,Root;unclassified_Root,AY278625.1.1487
strong,1,HQ759757.1.1433,unclassified_Bacteroides,false,unclassified_Bacteroides,Root;Bacteria;Bacteroidota;Bacteroidia;Bacteroidales;Bacteroidaceae;Bacteroides;unclassified_Bacteroides,HQ759757.1.1433
strong,1,JQ467330.1.1363,Neisseria_elongata,false,Neisseria_elongata,Root;Bacteria;Proteobacteria;Gammaproteobacteria;Burkholderiales;Neisseriaceae;Neisseria;Neisseria_elongata,JQ467330.1.1363
strong,1,JQ456388.1.1325,Neisseria_elongata,false,Neisseria_elongata,Root;Bacteria;Proteobacteria;Gammaproteobacteria;Burkholderiales;Neisseriaceae;Neisseria;Neisseria_elongata,JQ456388.1.1325
strong,0,FJ470499.1.1498,Prevotella_conceptionensis,false,Prevotella_conceptionensis,Root;Bacteria;Bacteroidota;Bacteroidia;Bacteroidales;Bacteroidaceae;Prevotella;Prevotella_conceptionensis,FJ470499.1.1498
strong,0,JQ468223.1.1406,unclassified_Treponema,false,unclassified_Treponema,Root;Bacteria;Spirochaetota;Spirochaetia;Treponematales;Treponemataceae;Treponema;unclassified_Treponema,JQ468223.1.1406
strong,1,EU764619.1.1382,Mitsuokella_multacida,false,Mitsuokella_multacida,Root;Bacteria;Firmicutes_C;Negativicutes;Selenomonadales;Selenomonadaceae;Mitsuokella;Mitsuokella_multacida,EU764619.1.1382
strong,1,AM697254.1.1510,Actinomyces_sp000220835,false,Actinomyces_sp000220835,Root;Bacteria;Actinobacteriota;Actinomycetia;Actinomycetales;Actinomycetaceae;Actinomyces;Actinomyces_sp000220835,AM697254.1.1510
strong,0,FJ504697.1.1416,Allisonella_pneumosintes,false,Allisonella_pneumosintes,Root;Bacteria;Firmicutes_C;Negativicutes;Veillonellales;Dialisteraceae;Allisonella;Allisonella_pneumosintes,FJ504697.1.1416
strong,0,HQ804831.1.1450,unclassified_Rothia,false,unclassified_Rothia,Root;Bacteria;Actinobacteriota;Actinomycetia;Actinomycetales;Micrococcaceae;Rothia;unclassified_Rothia,HQ804831.1.1450
strong,1,JQ455397.1.1377,Pseudoleptotrichia_goodfellowii,false,Pseudoleptotrichia_goodfellowii,Root;Bacteria;Fusobacteriota;Fusobacteriia;Fusobacteriales;Leptotrichiaceae;Pseudoleptotrichia;Pseudoleptotrichia_goodfellowii,JQ455397.1.1377
strong,0,JQ478184.1.1385,unclassified_Bacteroidia,false,unclassified_Bacteroidia,Root;Bacteria;Bacteroidota;Bacteroidia;unclassified_Bacteroidia,JQ478184.1.1385
strong,0,JQ456298.1.1367,unclassified_Aggregatibacter,false,unclassified_Aggregatibacter,Root;Bacteria;Proteobacteria;Gammaproteobacteria;Enterobacterales;Pasteurellaceae;Aggregatibacter;unclassified_Aggregatibacter,JQ456298.1.1367
strong,0,JQ469407.1.1398,Prevotella_nigrescens,false,Prevotella_nigrescens,Root;Bacteria;Bacteroidota;Bacteroidia;Bacteroidales;Bacteroidaceae;Prevotella;Prevotella_nigrescens,JQ469407.1.1398
strong,1,JQ466105.1.1298,Kingella_B_oralis,false,Kingella_B_oralis,Root;Bacteria;Proteobacteria;Gammaproteobacteria;Burkholderiales;Neisseriaceae;Kingella_B;Kingella_B_oralis,JQ466105.1.1298
strong,0,JQ452619.1.1399,unclassified_Porphyromonas,false,unclassified_Porphyromonas,Root;Bacteria;Bacteroidota;Bacteroidia;Bacteroidales;Porphyromonadaceae;Porphyromonas;unclassified_Porphyromonas,JQ452619.1.1399
strong,1,HM099652.1.1386,unclassified_Root,false,unclassified_Root,Root;unclassified_Root,HM099652.1.1386
strong,1,JQ474179.1.1395,unclassified_Prevotella,false,unclassified_Prevotella,Root;Bacteria;Bacteroidota;Bacteroidia;Bacteroidales;Bacteroidaceae;Prevotella;unclassified_Prevotella,JQ474179.1.1395
strong,0,JQ468459.1.1379,unclassified_Fusobacterium,false,unclassified_Fusobacterium,Root;Bacteria;Fusobacteriota;Fusobacteriia;Fusobacteriales;Fusobacteriaceae;Fusobacterium;unclassified_Fusobacterium,JQ468459.1.1379
strong,1,JF127612.1.1359,unclassified_Root,false,unclassified_Root,Root;unclassified_Root,JF127612.1.1359
strong,1,JQ451240.1.1400,Corynebacterium_matruchotii,false,Corynebacterium_matruchotii,Root;Bacteria;Actinobacteriota;Actinomycetia;Mycobacteriales;Mycobacteriaceae;Corynebacterium;Corynebacterium_matruchotii,JQ451240.1.1400
strong,0,JQ452070.1.1379,Capnocytophaga_gingivalis,false,Capnocytophaga_gingivalis,Root;Bacteria;Bacteroidota;Bacteroidia;Flavobacteriales;Flavobacteriaceae;Capnocytophaga;Capnocytophaga_gingivalis,JQ452070.1.1379
strong,1,JQ451920.1.1402,unclassified_Root,false,unclassified_Root,Root;unclassified_Root,JQ451920.1.1402
strong,1,AF432140.1.1538,unclassified_Root,false,unclassified_Root,Root;unclassified_Root,AF432140.1.1538
strong,0,JQ451660.1.1399,unclassified_Bacteria,false,unclassified_Bacteria,Root;Bacteria;unclassified_Bacteria,JQ451660.1.1399
strong,1,FJ439568.1.1422,Deinococcus_wulumuqiensis,false,Deinococcus_wulumuqiensis,Root;Bacteria;Deinococcota;Deinococci;Deinococcales;Deinococcaceae;Deinococcus;Deinococcus_wulumuqiensis,FJ439568.1.1422
strong,1,JF086990.1.1328,Deinococcus_wulumuqiensis,false,Deinococcus_wulumuqiensis,Root;Bacteria;Deinococcota;Deinococci;Deinococcales;Deinococcaceae;Deinococcus;Deinococcus_wulumuqiensis,JF086990.1.1328
strong,1,JQ448506.1.1413,unclassified_Pasteurellaceae,false,unclassified_Pasteurellaceae,Root;Bacteria;Proteobacteria;Gammaproteobacteria;Enterobacterales;Pasteurellaceae;unclassified_Pasteurellaceae,JQ448506.1.1413
strong,0,JQ457807.1.1393,unclassified_Streptococcus,false,unclassified_Streptococcus,Root;Bacteria;Firmicutes;Bacilli;Lactobacillales;Streptococcaceae;Streptococcus;unclassified_Streptococcus,JQ457807.1.1393
strong,0,JQ475304.1.1382,Prevotella_conceptionensis,false,Prevotella_conceptionensis,Root;Bacteria;Bacteroidota;Bacteroidia;Bacteroidales;Bacteroidaceae;Prevotella;Prevotella_conceptionensis,JQ475304.1.1382
strong,1,JQ451947.1.1228,unclassified_Bacteroidia,false,unclassified_Bacteroidia,Root;Bacteria;Bacteroidota;Bacteroidia;unclassified_Bacteroidia,JQ451947.1.1228
strong,1,JQ693099.1.1454,Leptotrichia_sp018128225,false,Leptotrichia_sp018128225,Root;Bacteria;Fusobacteriota;Fusobacteriia;Fusobacteriales;Leptotrichiaceae;Leptotrichia;Leptotrichia_sp018128225,JQ693099.1.1454
strong,1,JQ461591.1.1391,JABCPE02_sp013333255,false,JABCPE02_sp013333255,Root;Bacteria;Bacteroidota;Bacteroidia;Flavobacteriales;Weeksellaceae;JABCPE02;JABCPE02_sp013333255,JQ461591.1.1391
strong,1,HM557179.1.1382,unclassified_Enterobacteriaceae,false,unclassified_Enterobacteriaceae,Root;Bacteria;Proteobacteria;Gammaproteobacteria;Enterobacterales;Enterobacteriaceae;unclassified_Enterobacteriaceae,HM557179.1.1382
strong,1,HQ777409.1.1443,Clostridium_Q_symbiosum,false,Clostridium_Q_symbiosum,Root;Bacteria;Firmicutes_A;Clostridia;Lachnospirales;Lachnospiraceae;Clostridium_Q;Clostridium_Q_symbiosum,HQ777409.1.1443
strong,0,JQ460156.1.1404,unclassified_Tannerella,false,unclassified_Tannerella,Root;Bacteria;Bacteroidota;Bacteroidia;Bacteroidales;Tannerellaceae;Tannerella;unclassified_Tannerella,JQ460156.1.1404
strong,1,EU768024.1.1355,Phocaeicola_dorei,false,Phocaeicola_dorei,Root;Bacteria;Bacteroidota;Bacteroidia;Bacteroidales;Bacteroidaceae;Phocaeicola;Phocaeicola_dorei,EU768024.1.1355
strong,1,DQ801233.1.1334,Bacteroides_uniformis,false,Bacteroides_uniformis,Root;Bacteria;Bacteroidota;Bacteroidia;Bacteroidales;Bacteroidaceae;Bacteroides;Bacteroides_uniformis,DQ801233.1.1334
strong,0,AM420119.1.1497,unclassified_Root,false,unclassified_Root,Root;unclassified_Root,AM420119.1.1497
strong,1,JF108306.1.1352,unclassified_W11650,false,unclassified_W11650,Root;Bacteria;Firmicutes_A;Clostridia;Lachnospirales;Vallitaleaceae;W11650;unclassified_W11650,JF108306.1.1352
strong,1,JQ452818.1.1384,unclassified_Neisseria,false,unclassified_Neisseria,Root;Bacteria;Proteobacteria;Gammaproteobacteria;Burkholderiales;Neisseriaceae;Neisseria;unclassified_Neisseria,JQ452818.1.1384
strong,1,JQ468072.1.1397,Alloprevotella_tannerae,false,Alloprevotella_tannerae,Root;Bacteria;Bacteroidota;Bacteroidia;Bacteroidales;Bacteroidaceae;Alloprevotella;Alloprevotella_tannerae,JQ468072.1.1397
strong,0,GU227189.1.1463,Prevotella_oris,false,Prevotella_oris,Root;Bacteria;Bacteroidota;Bacteroidia;Bacteroidales;Bacteroidaceae;Prevotella;Prevotella_oris,GU227189.1.1463
strong,1,AF033304.1.1494,Treponema_D_parvum,false,Treponema_D_parvum,Root;Bacteria;Spirochaetota;Spirochaetia;Treponematales;Treponemataceae;Treponema_D;Treponema_D_parvum,AF033304.1.1494
strong,1,AB036760.1.1411,unclassified_Pseudoramibacter,false,unclassified_Pseudoramibacter,Root;Bacteria;Firmicutes_A;Clostridia;Eubacteriales;Eubacteriaceae;Pseudoramibacter;unclassified_Pseudoramibacter,AB036760.1.1411
strong,1,FJ976245.1.1380,Centipeda_sp000315545,false,Centipeda_sp000315545,Root;Bacteria;Firmicutes_C;Negativicutes;Selenomonadales;Selenomonadaceae;Centipeda;Centipeda_sp000315545,FJ976245.1.1380
strong,0,HQ806783.1.1477,Allisonella_pneumosintes,false,Allisonella_pneumosintes,Root;Bacteria;Firmicutes_C;Negativicutes;Veillonellales;Dialisteraceae;Allisonella;Allisonella_pneumosintes,HQ806783.1.1477
strong,1,JQ467367.1.1381,unclassified_Bacteroidia,false,unclassified_Bacteroidia,Root;Bacteria;Bacteroidota;Bacteroidia;unclassified_Bacteroidia,JQ467367.1.1381
strong,0,JQ654182.1.1494,unclassified_Root,false,unclassified_Root,Root;unclassified_Root,JQ654182.1.1494
strong,1,AM420029.1.1474,unclassified_Campylobacter_A,false,unclassified_Campylobacter_A,Root;Bacteria;Campylobacterota;Campylobacteria;Campylobacterales;Campylobacteraceae;Campylobacter_A;unclassified_Campylobacter_A,AM420029.1.1474
strong,1,JQ469967.1.1348,unclassified_Saccharimonadales,false,unclassified_Saccharimonadales,Root;Bacteria;Patescibacteria;Saccharimonadia;Saccharimonadales;unclassified_Saccharimonadales,JQ469967.1.1348
strong,1,JQ452699.1.1403,unclassified_Centipeda,false,unclassified_Centipeda,Root;Bacteria;Firmicutes_C;Negativicutes;Selenomonadales;Selenomonadaceae;Centipeda;unclassified_Centipeda,JQ452699.1.1403
strong,0,GQ448318.1.1256,unclassified_Veillonella,false,unclassified_Veillonella,Root;Bacteria;Firmicutes_C;Negativicutes;Veillonellales;Veillonellaceae;Veillonella;unclassified_Veillonella,GQ448318.1.1256
strong,1,JX548465.1.1499,Centipeda_felix,false,Centipeda_felix,Root;Bacteria;Firmicutes_C;Negativicutes;Selenomonadales;Selenomonadaceae;Centipeda;Centipeda_felix,JX548465.1.1499
strong,0,JQ452108.1.1387,unclassified_Bacteroidia,false,unclassified_Bacteroidia,Root;Bacteria;Bacteroidota;Bacteroidia;unclassified_Bacteroidia,JQ452108.1.1387
strong,1,ADEB01000020.3877.5392,Parascardovia_denticolens,false,Parascardovia_denticolens,Root;Bacteria;Actinobacteriota;Actinomycetia;Actinomycetales;Bifidobacteriaceae;Parascardovia;Parascardovia_denticolens,ADEB01000020.3877.5392
strong,0,JF127545.1.1357,unclassified_Porphyromonas,false,unclassified_Porphyromonas,Root;Bacteria;Bacteroidota;Bacteroidia;Bacteroidales;Porphyromonadaceae;Porphyromonas;unclassified_Porphyromonas,JF127545.1.1357
strong,1,JF132957.1.1367,unclassified_Neisseria,false,unclassified_Neisseria,Root;Bacteria;Proteobacteria;Gammaproteobacteria;Burkholderiales;Neisseriaceae;Neisseria;unclassified_Neisseria,JF132957.1.1367
strong,1,JF186219.1.1383,unclassified_Veillonellaceae,false,unclassified_Veillonellaceae,Root;Bacteria;Firmicutes_C;Negativicutes;Veillonellales;Veillonellaceae;unclassified_Veillonellaceae,JF186219.1.1383
strong,1,JQ471962.1.1402,Prevotella_nigrescens,false,Prevotella_nigrescens,Root;Bacteria;Bacteroidota;Bacteroidia;Bacteroidales;Bacteroidaceae;Prevotella;Prevotella_nigrescens,JQ471962.1.1402
strong,1,JQ456328.1.1355,Capnocytophaga_sputigena,false,Capnocytophaga_sputigena,Root;Bacteria;Bacteroidota;Bacteroidia;Flavobacteriales;Flavobacteriaceae;Capnocytophaga;Capnocytophaga_sputigena,JQ456328.1.1355
strong,1,JQ455199.1.1375,unclassified_Capnocytophaga,false,unclassified_Capnocytophaga,Root;Bacteria;Bacteroidota;Bacteroidia;Flavobacteriales;Flavobacteriaceae;Capnocytophaga;unclassified_Capnocytophaga,JQ455199.1.1375
strong,0,JQ478287.1.1382,unclassified_Fusobacterium,false,unclassified_Fusobacterium,Root;Bacteria;Fusobacteriota;Fusobacteriia;Fusobacteriales;Fusobacteriaceae;Fusobacterium;unclassified_Fusobacterium,JQ478287.1.1382
strong,1,JF123951.1.1361,unclassified_Prevotella,false,unclassified_Prevotella,Root;Bacteria;Bacteroidota;Bacteroidia;Bacteroidales;Bacteroidaceae;Prevotella;unclassified_Prevotella,JF123951.1.1361
strong,0,JQ478073.1.1367,Tannerella_sp002890585,false,Tannerella_sp002890585,Root;Bacteria;Bacteroidota;Bacteroidia;Bacteroidales;Tannerellaceae;Tannerella;Tannerella_sp002890585,JQ478073.1.1367
strong,1,JQ467284.1.1371,unclassified_Capnocytophaga,false,unclassified_Capnocytophaga,Root;Bacteria;Bacteroidota;Bacteroidia;Flavobacteriales;Flavobacteriaceae;Capnocytophaga;unclassified_Capnocytophaga,JQ467284.1.1371
strong,1,EU469019.1.1325,unclassified_Atopobiaceae,false,unclassified_Atopobiaceae,Root;Bacteria;Actinobacteriota;Coriobacteriia;Coriobacteriales;Atopobiaceae;unclassified_Atopobiaceae,EU469019.1.1325
strong,1,JQ452621.1.1400,unclassified_Aggregatibacter,false,unclassified_Aggregatibacter,Root;Bacteria;Proteobacteria;Gammaproteobacteria;Enterobacterales;Pasteurellaceae;Aggregatibacter;unclassified_Aggregatibacter,JQ452621.1.1400
strong,0,JF149926.1.1376,unclassified_Gemella,false,unclassified_Gemella,Root;Bacteria;Firmicutes;Bacilli;Staphylococcales;Gemellaceae;Gemella;unclassified_Gemella,JF149926.1.1376
strong,0,JQ478188.1.1371,unclassified_Root,false,unclassified_Root,Root;unclassified_Root,JQ478188.1.1371
strong,1,FJ470433.1.1498,F0058_sp000163695,false,F0058_sp000163695,Root;Bacteria;Bacteroidota;Bacteroidia;Bacteroidales;Paludibacteraceae;F0058;F0058_sp000163695,FJ470433.1.1498
strong,1,JQ467851.1.1398,unclassified_Root,false,unclassified_Root,Root;unclassified_Root,JQ467851.1.1398
strong,1,U13042.1.1434,Mogibacterium_timidum,false,Mogibacterium_timidum,Root;Bacteria;Firmicutes_A;Clostridia;Peptostreptococcales;Anaerovoracaceae;Mogibacterium;Mogibacterium_timidum,U13042.1.1434
strong,1,JF151704.1.1366,unclassified_Streptococcus,false,unclassified_Streptococcus,Root;Bacteria;Firmicutes;Bacilli;Lactobacillales;Streptococcaceae;Streptococcus;unclassified_Streptococcus,JF151704.1.1366
strong,0,JQ460168.1.1415,unclassified_Veillonella,false,unclassified_Veillonella,Root;Bacteria;Firmicutes_C;Negativicutes;Veillonellales;Veillonellaceae;Veillonella;unclassified_Veillonella,JQ460168.1.1415
strong,1,GQ422739.1.1547,unclassified_Dialisteraceae,false,unclassified_Dialisteraceae,Root;Bacteria;Firmicutes_C;Negativicutes;Veillonellales;Dialisteraceae;unclassified_Dialisteraceae,GQ422739.1.1547
strong,1,JF139927.1.1372,unclassified_Bacilli,false,unclassified_Bacilli,Root;Bacteria;Firmicutes;Bacilli;unclassified_Bacilli,JF139927.1.1372
strong,1,GU408873.1.1448,Phocaeicola_abscessus,false,Phocaeicola_abscessus,Root;Bacteria;Bacteroidota;Bacteroidia;Bacteroidales;Bacteroidaceae;Phocaeicola;Phocaeicola_abscessus,GU408873.1.1448
strong,0,JQ466935.1.1306,unclassified_Leptotrichia_A,false,unclassified_Leptotrichia_A,Root;Bacteria;Fusobacteriota;Fusobacteriia;Fusobacteriales;Leptotrichiaceae;Leptotrichia_A;unclassified_Leptotrichia_A,JQ466935.1.1306
strong,0,JQ474121.1.1403,Treponema_D_sp014334325,false,Treponema_D_sp014334325,Root;Bacteria;Spirochaetota;Spirochaetia;Treponematales;Treponemataceae;Treponema_D;Treponema_D_sp014334325,JQ474121.1.1403
strong,1,JQ455911.1.1348,Saccharimonas_sp010202265,false,Saccharimonas_sp010202265,Root;Bacteria;Patescibacteria;Saccharimonadia;Saccharimonadales;Saccharimonadaceae;Saccharimonas;Saccharimonas_sp010202265,JQ455911.1.1348
strong,0,JQ448691.1.1371,unclassified_Haemophilus,false,unclassified_Haemophilus,Root;Bacteria;Proteobacteria;Gammaproteobacteria;Enterobacterales;Pasteurellaceae;Haemophilus;unclassified_Haemophilus,JQ448691.1.1371
strong,0,FJ976318.1.1377,Streptococcus_intermedius,false,Streptococcus_intermedius,Root;Bacteria;Firmicutes;Bacilli;Lactobacillales;Streptococcaceae;Streptococcus;Streptococcus_intermedius,FJ976318.1.1377
strong,1,JQ475757.1.1427,unclassified_Root,false,unclassified_Root,Root;unclassified_Root,JQ475757.1.1427
strong,0,KF280301.1.1435,unclassified_F0422,false,unclassified_F0422,Root;Bacteria;Firmicutes_C;Negativicutes;Veillonellales;Veillonellaceae;F0422;unclassified_F0422,KF280301.1.1435
strong,1,HQ778326.1.1469,unclassified_Streptococcus,false,unclassified_Streptococcus,Root;Bacteria;Firmicutes;Bacilli;Lactobacillales;Streptococcaceae;Streptococcus;unclassified_Streptococcus,HQ778326.1.1469
strong,1,JQ478231.1.1398,unclassified_Root,false,unclassified_Root,Root;unclassified_Root,JQ478231.1.1398
strong,1,JX010937.1.1436,CAJPSE01_sp003860125,false,CAJPSE01_sp003860125,Root;Bacteria;Synergistota;Synergistia;Synergistales;Aminobacteriaceae;CAJPSE01;CAJPSE01_sp003860125,JX010937.1.1436
strong,1,JQ452486.1.1386,unclassified_Tannerella,false,unclassified_Tannerella,Root;Bacteria;Bacteroidota;Bacteroidia;Bacteroidales;Tannerellaceae;Tannerella;unclassified_Tannerella,JQ452486.1.1386
strong,1,JN981858.1.1460,unclassified_Limosilactobacillus,false,unclassified_Limosilactobacillus,Root;Bacteria;Firmicutes;Bacilli;Lactobacillales;Lactobacillaceae;Limosilactobacillus;unclassified_Limosilactobacillus,JN981858.1.1460
strong,1,EU457777.1.1404,unclassified_Limosilactobacillus,false,unclassified_Limosilactobacillus,Root;Bacteria;Firmicutes;Bacilli;Lactobacillales;Lactobacillaceae;Limosilactobacillus;unclassified_Limosilactobacillus,EU457777.1.1404
strong,1,JQ451975.1.1393,unclassified_Root,false,unclassified_Root,Root;unclassified_Root,JQ451975.1.1393
strong,0,AEPD01000042.30.1432,Prevotella_buccae,false,Prevotella_buccae,Root;Bacteria;Bacteroidota;Bacteroidia;Bacteroidales;Bacteroidaceae;Prevotella;Prevotella_buccae,AEPD01000042.30.1432
strong,1,FJ983002.1.1496,unclassified_Root,false,unclassified_Root,Root;unclassified_Root,FJ983002.1.1496
strong,0,JQ464718.1.1343,Corynebacterium_matruchotii,false,Corynebacterium_matruchotii,Root;Bacteria;Actinobacteriota;Actinomycetia;Mycobacteriales;Mycobacteriaceae;Corynebacterium;Corynebacterium_matruchotii,JQ464718.1.1343
strong,1,AY005083.1.1498,unclassified_Treponema_D,false,unclassified_Treponema_D,Root;Bacteria;Spirochaetota;Spirochaetia;Treponematales;Treponemataceae;Treponema_D;unclassified_Treponema_D,AY005083.1.1498
strong,0,JQ469462.1.1398,Prevotella_oris,false,Prevotella_oris,Root;Bacteria;Bacteroidota;Bacteroidia;Bacteroidales;Bacteroidaceae;Prevotella;Prevotella_oris,JQ469462.1.1398
strong,1,CP001750.2605730.2607248,Bifidobacterium_dentium,false,Bifidobacterium_dentium,Root;Bacteria;Actinobacteriota;Actinomycetia;Actinomycetales;Bifidobacteriaceae;Bifidobacterium;Bifidobacterium_dentium,CP001750.2605730.2607248
strong,1,JQ463503.1.1282,unclassified_Bacteria,false,unclassified_Bacteria,Root;Bacteria;unclassified_Bacteria,JQ463503.1.1282
strong,1,JQ452460.1.1398,unclassified_Porphyromonas,false,unclassified_Porphyromonas,Root;Bacteria;Bacteroidota;Bacteroidia;Bacteroidales;Porphyromonadaceae;Porphyromonas;unclassified_Porphyromonas,JQ452460.1.1398
strong,1,DQ805613.1.1389,Bacteroides_stercoris,false,Bacteroides_stercoris,Root;Bacteria;Bacteroidota;Bacteroidia;Bacteroidales;Bacteroidaceae;Bacteroides;Bacteroides_stercoris,DQ805613.1.1389
strong,1,JQ447755.1.1371,unclassified_Fusobacterium,false,unclassified_Fusobacterium,Root;Bacteria;Fusobacteriota;Fusobacteriia;Fusobacteriales;Fusobacteriaceae;Fusobacterium;unclassified_Fusobacterium,JQ447755.1.1371
strong,1,HQ796415.1.1439,unclassified_Lachnospira,false,unclassified_Lachnospira,Root;Bacteria;Firmicutes_A;Clostridia;Lachnospirales;Lachnospiraceae;Lachnospira;unclassified_Lachnospira,HQ796415.1.1439
strong,0,JQ469832.1.1404,unclassified_Bacteria,false,unclassified_Bacteria,Root;Bacteria;unclassified_Bacteria,JQ469832.1.1404
strong,1,FJ470503.1.1504,unclassified_Root,false,unclassified_Root,Root;unclassified_Root,FJ470503.1.1504
strong,1,HE576037.1.1393,unclassified_Enterobacteriaceae,false,unclassified_Enterobacteriaceae,Root;Bacteria;Proteobacteria;Gammaproteobacteria;Enterobacterales;Enterobacteriaceae;unclassified_Enterobacteriaceae,HE576037.1.1393
strong,1,HQ860569.1.1449,unclassified_Cloacibacterium,false,unclassified_Cloacibacterium,Root;Bacteria;Bacteroidota;Bacteroidia;Flavobacteriales;Weeksellaceae;Cloacibacterium;unclassified_Cloacibacterium,HQ860569.1.1449
strong,1,JQ451723.1.1397,unclassified_Root,false,unclassified_Root,Root;unclassified_Root,JQ451723.1.1397
strong,0,AF182836.1.1487,unclassified_Root,false,unclassified_Root,Root;unclassified_Root,AF182836.1.1487
strong,1,FM996555.1.1478,Catonella_massiliensis,false,Catonella_massiliensis,Root;Bacteria;Firmicutes_A;Clostridia;Lachnospirales;Lachnospiraceae;Catonella;Catonella_massiliensis,FM996555.1.1478
strong,0,AJ289171.1.1390,unclassified_Root,false,unclassified_Root,Root;unclassified_Root,AJ289171.1.1390
strong,1,JQ473881.1.1382,unclassified_Fusobacterium,false,unclassified_Fusobacterium,Root;Bacteria;Fusobacteriota;Fusobacteriia;Fusobacteriales;Fusobacteriaceae;Fusobacterium;unclassified_Fusobacterium,JQ473881.1.1382
strong,1,AY005028.1.1473,Neisseria_sp002237445,false,Neisseria_sp002237445,Root;Bacteria;Proteobacteria;Gammaproteobacteria;Burkholderiales;Neisseriaceae;Neisseria;Neisseria_sp002237445,AY005028.1.1473
strong,1,GU227178.1.1443,Arachnia_rubra,false,Arachnia_rubra,Root;Bacteria;Actinobacteriota;Actinomycetia;Propionibacteriales;Propionibacteriaceae;Arachnia;Arachnia_rubra,GU227178.1.1443
strong,1,GU227175.1.1462,unclassified_Actinomyces,false,unclassified_Actinomyces,Root;Bacteria;Actinobacteriota;Actinomycetia;Actinomycetales;Actinomycetaceae;Actinomyces;unclassified_Actinomyces,GU227175.1.1462
strong,1,JQ466170.1.1381,unclassified_Haemophilus_D,false,unclassified_Haemophilus_D,Root;Bacteria;Proteobacteria;Gammaproteobacteria;Enterobacterales;Pasteurellaceae;Haemophilus_D;unclassified_Haemophilus_D,JQ466170.1.1381
strong,1,JQ467959.1.1393,unclassified_Fusobacterium,false,unclassified_Fusobacterium,Root;Bacteria;Fusobacteriota;Fusobacteriia;Fusobacteriales;Fusobacteriaceae;Fusobacterium;unclassified_Fusobacterium,JQ467959.1.1393
strong,1,JQ453495.1.1413,unclassified_Streptococcus,false,unclassified_Streptococcus,Root;Bacteria;Firmicutes;Bacilli;Lactobacillales;Streptococcaceae;Streptococcus;unclassified_Streptococcus,JQ453495.1.1413
strong,1,JQ072936.1.1361,Cardiobacterium_hominis,false,Cardiobacterium_hominis,Root;Bacteria;Proteobacteria;Gammaproteobacteria;Cardiobacteriales;Cardiobacteriaceae;Cardiobacterium;Cardiobacterium_hominis,JQ072936.1.1361
strong,0,JQ452513.1.1300,Actinomyces_johnsonii,false,Actinomyces_johnsonii,Root;Bacteria;Actinobacteriota;Actinomycetia;Actinomycetales;Actinomycetaceae;Actinomyces;Actinomyces_johnsonii,JQ452513.1.1300
strong,0,JQ475256.1.1376,CAJPSE01_sp003860125,false,CAJPSE01_sp003860125,Root;Bacteria;Synergistota;Synergistia;Synergistales;Aminobacteriaceae;CAJPSE01;CAJPSE01_sp003860125,JQ475256.1.1376
strong,1,JQ475416.1.1408,Prevotella_conceptionensis,false,Prevotella_conceptionensis,Root;Bacteria;Bacteroidota;Bacteroidia;Bacteroidales;Bacteroidaceae;Prevotella;Prevotella_conceptionensis,JQ475416.1.1408
strong,1,HG799962.1.1671,unclassified_Root,false,unclassified_Root,Root;unclassified_Root,HG799962.1.1671
strong,1,JQ460064.1.1392,unclassified_Prevotella,false,unclassified_Prevotella,Root;Bacteria;Bacteroidota;Bacteroidia;Bacteroidales;Bacteroidaceae;Prevotella;unclassified_Prevotella,JQ460064.1.1392
strong,1,JQ473795.1.1366,unclassified_Fusobacterium,false,unclassified_Fusobacterium,Root;Bacteria;Fusobacteriota;Fusobacteriia;Fusobacteriales;Fusobacteriaceae;Fusobacterium;unclassified_Fusobacterium,JQ473795.1.1366
strong,1,JQ452003.1.1406,unclassified_Neisseria,false,unclassified_Neisseria,Root;Bacteria;Proteobacteria;Gammaproteobacteria;Burkholderiales;Neisseriaceae;Neisseria;unclassified_Neisseria,JQ452003.1.1406
strong,0,JQ467968.1.1399,F0058_sp000163695,false,F0058_sp000163695,Root;Bacteria;Bacteroidota;Bacteroidia;Bacteroidales;Paludibacteraceae;F0058;F0058_sp000163695,JQ467968.1.1399
strong,1,JQ471841.1.1372,Campylobacter_B_gracilis,false,Campylobacter_B_gracilis,Root;Bacteria;Campylobacterota;Campylobacteria;Campylobacterales;Campylobacteraceae;Campylobacter_B;Campylobacter_B_gracilis,JQ471841.1.1372
strong,1,AM420097.1.1495,unclassified_Root,false,unclassified_Root,Root;unclassified_Root,AM420097.1.1495
strong,0,JQ472380.1.1362,unclassified_Fusobacterium,false,unclassified_Fusobacterium,Root;Bacteria;Fusobacteriota;Fusobacteriia;Fusobacteriales;Fusobacteriaceae;Fusobacterium;unclassified_Fusobacterium,JQ472380.1.1362
strong,1,JQ467446.1.1433,unclassified_Centipeda,false,unclassified_Centipeda,Root;Bacteria;Firmicutes_C;Negativicutes;Selenomonadales;Selenomonadaceae;Centipeda;unclassified_Centipeda,JQ467446.1.1433
strong,1,FJ371726.1.1358,Bacteroides_stercoris,false,Bacteroides_stercoris,Root;Bacteria;Bacteroidota;Bacteroidia;Bacteroidales;Bacteroidaceae;Bacteroides;Bacteroides_stercoris,FJ371726.1.1358
strong,1,JF231414.1.1363,unclassified_Bacteria,false,unclassified_Bacteria,Root;Bacteria;unclassified_Bacteria,JF231414.1.1363
strong,1,JF149168.1.1332,unclassified_Leptotrichia,false,unclassified_Leptotrichia,Root;Bacteria;Fusobacteriota;Fusobacteriia;Fusobacteriales;Leptotrichiaceae;Leptotrichia;unclassified_Leptotrichia,JF149168.1.1332
strong,1,JQ450002.1.1378,unclassified_Gemella,false,unclassified_Gemella,Root;Bacteria;Firmicutes;Bacilli;Staphylococcales;Gemellaceae;Gemella;unclassified_Gemella,JQ450002.1.1378
strong,1,HM294868.1.1365,unclassified_Root,false,unclassified_Root,Root;unclassified_Root,HM294868.1.1365
strong,0,JQ449390.1.1395,unclassified_Root,false,unclassified_Root,Root;unclassified_Root,JQ449390.1.1395
strong,0,JQ450225.1.1386,Ottowia_sp001262075,false,Ottowia_sp001262075,Root;Bacteria;Proteobacteria;Gammaproteobacteria;Burkholderiales;Burkholderiaceae;Ottowia;Ottowia_sp001262075,JQ450225.1.1386
strong,1,JQ471950.1.1399,unclassified_Prevotella,false,unclassified_Prevotella,Root;Bacteria;Bacteroidota;Bacteroidia;Bacteroidales;Bacteroidaceae;Prevotella;unclassified_Prevotella,JQ471950.1.1399
strong,1,JQ454720.1.1398,Prevotella_denticola,false,Prevotella_denticola,Root;Bacteria;Bacteroidota;Bacteroidia;Bacteroidales;Bacteroidaceae;Prevotella;Prevotella_denticola,JQ454720.1.1398
strong,1,JQ452022.1.1382,unclassified_Capnocytophaga,false,unclassified_Capnocytophaga,Root;Bacteria;Bacteroidota;Bacteroidia;Flavobacteriales;Flavobacteriaceae;Capnocytophaga;unclassified_Capnocytophaga,JQ452022.1.1382
strong,0,JQ469524.1.1369,Leptotrichia_A_sp001274535,false,Leptotrichia_A_sp001274535,Root;Bacteria;Fusobacteriota;Fusobacteriia;Fusobacteriales;Leptotrichiaceae;Leptotrichia_A;Leptotrichia_A_sp001274535,JQ469524.1.1369
strong,1,JQ466881.1.1344,Saccharimonas_sp018127705,false,Saccharimonas_sp018127705,Root;Bacteria;Patescibacteria;Saccharimonadia;Saccharimonadales;Saccharimonadaceae;Saccharimonas;Saccharimonas_sp018127705,JQ466881.1.1344
strong,0,JQ469965.1.1391,Tannerella_forsythia,false,Tannerella_forsythia,Root;Bacteria;Bacteroidota;Bacteroidia;Bacteroidales;Tannerellaceae;Tannerella;Tannerella_forsythia,JQ469965.1.1391
strong,1,JQ457885.1.1401,unclassified_Pauljensenia,false,unclassified_Pauljensenia,Root;Bacteria;Actinobacteriota;Actinomycetia;Actinomycetales;Actinomycetaceae;Pauljensenia;unclassified_Pauljensenia,JQ457885.1.1401
strong,1,JQ457856.1.1415,unclassified_Veillonella,false,unclassified_Veillonella,Root;Bacteria;Firmicutes_C;Negativicutes;Veillonellales;Veillonellaceae;Veillonella;unclassified_Veillonella,JQ457856.1.1415
strong,1,JQ465868.1.1424,unclassified_Veillonella,false,unclassified_Veillonella,Root;Bacteria;Firmicutes_C;Negativicutes;Veillonellales;Veillonellaceae;Veillonella;unclassified_Veillonella,JQ465868.1.1424
strong,0,GQ167664.1.1453,unclassified_Campylobacter_A,false,unclassified_Campylobacter_A,Root;Bacteria;Campylobacterota;Campylobacteria;Campylobacterales;Campylobacteraceae;Campylobacter_A;unclassified_Campylobacter_A,GQ167664.1.1453
strong,0,AY005060.1.1490,unclassified_Root,false,unclassified_Root,Root;unclassified_Root,AY005060.1.1490
strong,1,JF139977.1.1370,unclassified_Gemella,false,unclassified_Gemella,Root;Bacteria;Firmicutes;Bacilli;Staphylococcales;Gemellaceae;Gemella;unclassified_Gemella,JF139977.1.1370
strong,1,JQ453361.1.1327,unclassified_Root,false,unclassified_Root,Root;unclassified_Root,JQ453361.1.1327
strong,1,EF398285.1.1490,Bacteroides_caccae,false,Bacteroides_caccae,Root;Bacteria;Bacteroidota;Bacteroidia;Bacteroidales;Bacteroidaceae;Bacteroides;Bacteroides_caccae,EF398285.1.1490
strong,0,JQ475410.1.1323,Rothia_dentocariosa,false,Rothia_dentocariosa,Root;Bacteria;Actinobacteriota;Actinomycetia;Actinomycetales;Micrococcaceae;Rothia;Rothia_dentocariosa,JQ475410.1.1323
strong,1,JQ463260.1.1414,unclassified_Root,false,unclassified_Root,Root;unclassified_Root,JQ463260.1.1414
strong,0,HM831900.1.1355,unclassified_Weeksellaceae,false,unclassified_Weeksellaceae,Root;Bacteria;Bacteroidota;Bacteroidia;Flavobacteriales;Weeksellaceae;unclassified_Weeksellaceae,HM831900.1.1355
strong,1,AY947498.1.1414,unclassified_Centipeda,false,unclassified_Centipeda,Root;Bacteria;Firmicutes_C;Negativicutes;Selenomonadales;Selenomonadaceae;Centipeda;unclassified_Centipeda,AY947498.1.1414
strong,0,JQ465174.1.1395,unclassified_Pasteurellaceae,false,unclassified_Pasteurellaceae,Root;Bacteria;Proteobacteria;Gammaproteobacteria;Enterobacterales;Pasteurellaceae;unclassified_Pasteurellaceae,JQ465174.1.1395
strong,1,JQ456821.1.1379,unclassified_Bacteria,false,unclassified_Bacteria,Root;Bacteria;unclassified_Bacteria,JQ456821.1.1379
strong,1,JQ475326.1.1400,Prevotella_conceptionensis,false,Prevotella_conceptionensis,Root;Bacteria;Bacteroidota;Bacteroidia;Bacteroidales;Bacteroidaceae;Prevotella;Prevotella_conceptionensis,JQ475326.1.1400
strong,1,JQ456522.1.1391,unclassified_Aggregatibacter,false,unclassified_Aggregatibacter,Root;Bacteria;Proteobacteria;Gammaproteobacteria;Enterobacterales;Pasteurellaceae;Aggregatibacter;unclassified_Aggregatibacter,JQ456522.1.1391
strong,0,JF146112.1.1352,Lautropia_mirabilis,false,Lautropia_mirabilis,Root;Bacteria;Proteobacteria;Gammaproteobacteria;Burkholderiales;Burkholderiaceae;Lautropia;Lautropia_mirabilis,JF146112.1.1352
strong,1,GQ493535.1.1367,unclassified_Prevotella,false,unclassified_Prevotella,Root;Bacteria;Bacteroidota;Bacteroidia;Bacteroidales;Bacteroidaceae;Prevotella;unclassified_Prevotella,GQ493535.1.1367
strong,1,JQ470979.1.1411,unclassified_Haemophilus,false,unclassified_Haemophilus,Root;Bacteria;Proteobacteria;Gammaproteobacteria;Enterobacterales;Pasteurellaceae;Haemophilus;unclassified_Haemophilus,JQ470979.1.1411
strong,1,HE681370.1.1507,unclassified_Leptotrichia,false,unclassified_Leptotrichia,Root;Bacteria;Fusobacteriota;Fusobacteriia;Fusobacteriales;Leptotrichiaceae;Leptotrichia;unclassified_Leptotrichia,HE681370.1.1507
strong,0,JF116772.1.1370,unclassified_Actinomyces,false,unclassified_Actinomyces,Root;Bacteria;Actinobacteriota;Actinomycetia;Actinomycetales;Actinomycetaceae;Actinomyces;unclassified_Actinomyces,JF116772.1.1370
strong,1,JQ471064.1.1393,unclassified_Root,false,unclassified_Root,Root;unclassified_Root,JQ471064.1.1393
strong,0,HE681357.1.1537,Selenomonas_sputigena,false,Selenomonas_sputigena,Root;Bacteria;Firmicutes_C;Negativicutes;Selenomonadales;Selenomonadaceae;Selenomonas;Selenomonas_sputigena,HE681357.1.1537
strong,0,AY186077.1.1387,unclassified_Streptococcus,false,unclassified_Streptococcus,Root;Bacteria;Firmicutes;Bacilli;Lactobacillales;Streptococcaceae;Streptococcus;unclassified_Streptococcus,AY186077.1.1387
strong,1,JQ452745.1.1338,Rothia_dentocariosa,false,Rothia_dentocariosa,Root;Bacteria;Actinobacteriota;Actinomycetia;Actinomycetales;Micrococcaceae;Rothia;Rothia_dentocariosa,JQ452745.1.1338
strong,0,JQ466371.1.1389,F0058_sp000163695,false,F0058_sp000163695,Root;Bacteria;Bacteroidota;Bacteroidia;Bacteroidales;Paludibacteraceae;F0058;F0058_sp000163695,JQ466371.1.1389
strong,1,HM120212.1.1397,Oribacterium_parvum,false,Oribacterium_parvum,Root;Bacteria;Firmicutes_A;Clostridia;Lachnospirales;Lachnospiraceae;Oribacterium;Oribacterium_parvum,HM120212.1.1397
strong,0,JQ452514.1.1404,unclassified_Aggregatibacter,false,unclassified_Aggregatibacter,Root;Bacteria;Proteobacteria;Gammaproteobacteria;Enterobacterales;Pasteurellaceae;Aggregatibacter;unclassified_Aggregatibacter,JQ452514.1.1404
strong,0,AF481228.1.1480,Prevotella_micans,false,Prevotella_micans,Root;Bacteria;Bacteroidota;Bacteroidia;Bacteroidales;Bacteroidaceae;Prevotella;Prevotella_micans,AF481228.1.1480
strong,1,FN562933.1.1417,unclassified_Citrobacter_A,false,unclassified_Citrobacter_A,Root;Bacteria;Proteobacteria;Gammaproteobacteria;Enterobacterales;Enterobacteriaceae;Citrobacter_A;unclassified_Citrobacter_A,FN562933.1.1417
strong,1,AM180355.124152.125658,unclassified_Clostridioides,false,unclassified_Clostridioides,Root;Bacteria;Firmicutes_A;Clostridia;Peptostreptococcales;Peptostreptococcaceae;Clostridioides;unclassified_Clostridioides,AM180355.124152.125658
strong,0,JQ456402.1.1320,Corynebacterium_durum,false,Corynebacterium_durum,Root;Bacteria;Actinobacteriota;Actinomycetia;Mycobacteriales;Mycobacteriaceae;Corynebacterium;Corynebacterium_durum,JQ456402.1.1320
strong,0,JQ447876.1.1388,unclassified_Fusobacterium,false,unclassified_Fusobacterium,Root;Bacteria;Fusobacteriota;Fusobacteriia;Fusobacteriales;Fusobacteriaceae;Fusobacterium;unclassified_Fusobacterium,JQ447876.1.1388
strong,0,GU430992.1.1337,unclassified_Root,false,unclassified_Root,Root;unclassified_Root,GU430992.1.1337
strong,0,JQ467966.1.1385,unclassified_Capnocytophaga,false,unclassified_Capnocytophaga,Root;Bacteria;Bacteroidota;Bacteroidia;Flavobacteriales;Flavobacteriaceae;Capnocytophaga;unclassified_Capnocytophaga,JQ467966.1.1385
strong,1,DQ824048.1.1400,Phocaeicola_vulgatus,false,Phocaeicola_vulgatus,Root;Bacteria;Bacteroidota;Bacteroidia;Bacteroidales;Bacteroidaceae;Phocaeicola;Phocaeicola_vulgatus,DQ824048.1.1400
strong,1,HQ762563.1.1438,Phocaeicola_vulgatus,false,Phocaeicola_vulgatus,Root;Bacteria;Bacteroidota;Bacteroidia;Bacteroidales;Bacteroidaceae;Phocaeicola;Phocaeicola_vulgatus,HQ762563.1.1438
strong,1,AY349364.1.1544,unclassified_Actinomyces,false,unclassified_Actinomyces,Root;Bacteria;Actinobacteriota;Actinomycetia;Actinomycetales;Actinomycetaceae;Actinomyces;unclassified_Actinomyces,AY349364.1.1544
strong,1,EU765443.1.1348,Phocaeicola_vulgatus,false,Phocaeicola_vulgatus,Root;Bacteria;Bacteroidota;Bacteroidia;Bacteroidales;Bacteroidaceae;Phocaeicola;Phocaeicola_vulgatus,EU765443.1.1348
strong,1,JF127716.1.1365,unclassified_Streptococcus,false,unclassified_Streptococcus,Root;Bacteria;Firmicutes;Bacilli;Lactobacillales;Streptococcaceae;Streptococcus;unclassified_Streptococcus,JF127716.1.1365
