"assignment","cluster","id","microbetag::cluster","name","selected","shared name","value"
"strong","1.0","AM180355.124152.125658","1","AM180355.124152.125658","false","AM180355.124152.125658","AM180355.124152.125658"
"strong","1.0","FN562933.1.1417","1","FN562933.1.1417","false","FN562933.1.1417","FN562933.1.1417"
"strong","0.0","AF481228.1.1480","0","AF481228.1.1480","false","AF481228.1.1480","AF481228.1.1480"
"strong","0.0","GU430992.1.1337","0","GU430992.1.1337","false","GU430992.1.1337","GU430992.1.1337"
"strong","0.0","JQ466371.1.1389","0","JQ466371.1.1389","false","JQ466371.1.1389","JQ466371.1.1389"
"strong","1.0","JQ470979.1.1411","1","JQ470979.1.1411","false","JQ470979.1.1411","JQ470979.1.1411"
"strong","1.0","JQ452745.1.1338","1","JQ452745.1.1338","false","JQ452745.1.1338","JQ452745.1.1338"
"strong","0.0","JF146112.1.1352","0","JF146112.1.1352","false","JF146112.1.1352","JF146112.1.1352"
"strong","0.0","AY186077.1.1387","0","AY186077.1.1387","false","AY186077.1.1387","AY186077.1.1387"
"strong","0.0","JQ465174.1.1395","0","JQ465174.1.1395","false","JQ465174.1.1395","JQ465174.1.1395"
"strong","0.0","HM831900.1.1355","0","HM831900.1.1355","false","HM831900.1.1355","HM831900.1.1355"
"strong","0.0","JQ452514.1.1404","0","JQ452514.1.1404","false","JQ452514.1.1404","JQ452514.1.1404"
"strong","0.0","AY005060.1.1490","0","AY005060.1.1490","false","AY005060.1.1490","AY005060.1.1490"
"strong","0.0","JQ447876.1.1388","0","JQ447876.1.1388","false","JQ447876.1.1388","JQ447876.1.1388"
"strong","0.0","GQ167664.1.1453","0","GQ167664.1.1453","false","GQ167664.1.1453","GQ167664.1.1453"
"strong","0.0","HE681357.1.1537","0","HE681357.1.1537","false","HE681357.1.1537","HE681357.1.1537"
"strong","1.0","JQ465868.1.1424","1","JQ465868.1.1424","false","JQ465868.1.1424","JQ465868.1.1424"
"strong","1.0","JQ457856.1.1415","1","JQ457856.1.1415","false","JQ457856.1.1415","JQ457856.1.1415"
"strong","0.0","JQ469965.1.1391","0","JQ469965.1.1391","false","JQ469965.1.1391","JQ469965.1.1391"
"strong","1.0","HM294868.1.1365","1","HM294868.1.1365","false","HM294868.1.1365","HM294868.1.1365"
"strong","1.0","JQ450002.1.1378","1","JQ450002.1.1378","false","JQ450002.1.1378","JQ450002.1.1378"
"strong","0.0","JQ472380.1.1362","0","JQ472380.1.1362","false","JQ472380.1.1362","JQ472380.1.1362"
"strong","0.0","JQ449390.1.1395","0","JQ449390.1.1395","false","JQ449390.1.1395","JQ449390.1.1395"
"strong","1.0","AM420097.1.1495","1","AM420097.1.1495","false","AM420097.1.1495","AM420097.1.1495"
"strong","1.0","JQ471841.1.1372","1","JQ471841.1.1372","false","JQ471841.1.1372","JQ471841.1.1372"
"strong","0.0","JQ467968.1.1399","0","JQ467968.1.1399","false","JQ467968.1.1399","JQ467968.1.1399"
"strong","0.0","JQ460064.1.1392","0","JQ460064.1.1392","false","JQ460064.1.1392","JQ460064.1.1392"
"strong","1.0","JQ471950.1.1399","1","JQ471950.1.1399","false","JQ471950.1.1399","JQ471950.1.1399"
"strong","0.0","JQ475256.1.1376","0","JQ475256.1.1376","false","JQ475256.1.1376","JQ475256.1.1376"
"strong","0.0","JQ452513.1.1300","0","JQ452513.1.1300","false","JQ452513.1.1300","JQ452513.1.1300"
"strong","0.0","JQ456402.1.1320","0","JQ456402.1.1320","false","JQ456402.1.1320","JQ456402.1.1320"
"strong","1.0","JQ466170.1.1381","1","JQ466170.1.1381","false","JQ466170.1.1381","JQ466170.1.1381"
"strong","1.0","GU227178.1.1443","1","GU227178.1.1443","false","GU227178.1.1443","GU227178.1.1443"
"strong","1.0","AY005028.1.1473","1","AY005028.1.1473","false","AY005028.1.1473","AY005028.1.1473"
"strong","1.0","FM996555.1.1478","1","FM996555.1.1478","false","FM996555.1.1478","FM996555.1.1478"
"strong","0.0","AF182836.1.1487","0","AF182836.1.1487","false","AF182836.1.1487","AF182836.1.1487"
"strong","0.0","AJ289171.1.1390","0","AJ289171.1.1390","false","AJ289171.1.1390","AJ289171.1.1390"
"strong","1.0","HQ860569.1.1449","1","HQ860569.1.1449","false","HQ860569.1.1449","HQ860569.1.1449"
"strong","1.0","JQ447755.1.1371","1","JQ447755.1.1371","false","JQ447755.1.1371","JQ447755.1.1371"
"strong","1.0","HQ796415.1.1439","1","HQ796415.1.1439","false","HQ796415.1.1439","HQ796415.1.1439"
"strong","1.0","DQ805613.1.1389","1","DQ805613.1.1389","false","DQ805613.1.1389","DQ805613.1.1389"
"strong","1.0","JQ452460.1.1398","1","JQ452460.1.1398","false","JQ452460.1.1398","JQ452460.1.1398"
"strong","0.0","JQ469462.1.1398","0","JQ469462.1.1398","false","JQ469462.1.1398","JQ469462.1.1398"
"strong","0.0","JQ464718.1.1343","0","JQ464718.1.1343","false","JQ464718.1.1343","JQ464718.1.1343"
"strong","1.0","FJ983002.1.1496","1","FJ983002.1.1496","false","FJ983002.1.1496","FJ983002.1.1496"
"strong","1.0","JN981858.1.1460","1","JN981858.1.1460","false","JN981858.1.1460","JN981858.1.1460"
"strong","1.0","EU457777.1.1404","1","EU457777.1.1404","false","EU457777.1.1404","EU457777.1.1404"
"strong","1.0","JX010937.1.1436","1","JX010937.1.1436","false","JX010937.1.1436","JX010937.1.1436"
"strong","1.0","JQ478231.1.1398","1","JQ478231.1.1398","false","JQ478231.1.1398","JQ478231.1.1398"
"strong","0.0","JQ475757.1.1427","0","JQ475757.1.1427","false","JQ475757.1.1427","JQ475757.1.1427"
"strong","0.0","JQ469524.1.1369","0","JQ469524.1.1369","false","JQ469524.1.1369","JQ469524.1.1369"
"strong","0.0","FJ976318.1.1377","0","FJ976318.1.1377","false","FJ976318.1.1377","FJ976318.1.1377"
"strong","0.0","JF116772.1.1370","0","JF116772.1.1370","false","JF116772.1.1370","JF116772.1.1370"
"strong","0.0","JQ448691.1.1371","0","JQ448691.1.1371","false","JQ448691.1.1371","JQ448691.1.1371"
"strong","1.0","JQ456522.1.1391","1","JQ456522.1.1391","false","JQ456522.1.1391","JQ456522.1.1391"
"strong","1.0","JQ455911.1.1348","1","JQ455911.1.1348","false","JQ455911.1.1348","JQ455911.1.1348"
"strong","0.0","JQ474121.1.1403","0","JQ474121.1.1403","false","JQ474121.1.1403","JQ474121.1.1403"
"strong","0.0","JQ466935.1.1306","0","JQ466935.1.1306","false","JQ466935.1.1306","JQ466935.1.1306"
"strong","1.0","JQ450225.1.1386","1","JQ450225.1.1386","false","JQ450225.1.1386","JQ450225.1.1386"
"strong","1.0","GU408873.1.1448","1","GU408873.1.1448","false","GU408873.1.1448","GU408873.1.1448"
"strong","0.0","JQ460168.1.1415","0","JQ460168.1.1415","false","JQ460168.1.1415","JQ460168.1.1415"
"strong","1.0","U13042.1.1434","1","U13042.1.1434","false","U13042.1.1434","U13042.1.1434"
"strong","1.0","JQ467851.1.1398","1","JQ467851.1.1398","false","JQ467851.1.1398","JQ467851.1.1398"
"strong","0.0","JQ478188.1.1371","0","JQ478188.1.1371","false","JQ478188.1.1371","JQ478188.1.1371"
"strong","0.0","JF149926.1.1376","0","JF149926.1.1376","false","JF149926.1.1376","JF149926.1.1376"
"strong","0.0","JQ469832.1.1404","0","JQ469832.1.1404","false","JQ469832.1.1404","JQ469832.1.1404"
"strong","1.0","JQ452621.1.1400","1","JQ452621.1.1400","false","JQ452621.1.1400","JQ452621.1.1400"
"strong","1.0","EU469019.1.1325","1","EU469019.1.1325","false","EU469019.1.1325","EU469019.1.1325"
"strong","0.0","JQ478073.1.1367","0","JQ478073.1.1367","false","JQ478073.1.1367","JQ478073.1.1367"
"strong","0.0","AEPD01000042.30.1432","0","AEPD01000042.30.1432","false","AEPD01000042.30.1432","AEPD01000042.30.1432"
"strong","0.0","JQ478287.1.1382","0","JQ478287.1.1382","false","JQ478287.1.1382","JQ478287.1.1382"
"strong","1.0","JQ456328.1.1355","1","JQ456328.1.1355","false","JQ456328.1.1355","JQ456328.1.1355"
"strong","1.0","JQ455199.1.1375","1","JQ455199.1.1375","false","JQ455199.1.1375","JQ455199.1.1375"
"strong","1.0","JF186219.1.1383","1","JF186219.1.1383","false","JF186219.1.1383","JF186219.1.1383"
"strong","1.0","JF127545.1.1357","1","JF127545.1.1357","false","JF127545.1.1357","JF127545.1.1357"
"strong","1.0","JF132957.1.1367","1","JF132957.1.1367","false","JF132957.1.1367","JF132957.1.1367"
"strong","1.0","KF280301.1.1435","1","KF280301.1.1435","false","KF280301.1.1435","KF280301.1.1435"
"strong","1.0","ADEB01000020.3877.5392","1","ADEB01000020.3877.5392","false","ADEB01000020.3877.5392","ADEB01000020.3877.5392"
"strong","1.0","JQ452108.1.1387","1","JQ452108.1.1387","false","JQ452108.1.1387","JQ452108.1.1387"
"strong","0.0","GQ448318.1.1256","0","GQ448318.1.1256","false","GQ448318.1.1256","GQ448318.1.1256"
"strong","1.0","AM420029.1.1474","1","AM420029.1.1474","false","AM420029.1.1474","AM420029.1.1474"
"strong","0.0","JQ654182.1.1494","0","JQ654182.1.1494","false","JQ654182.1.1494","JQ654182.1.1494"
"strong","1.0","JQ467367.1.1381","1","JQ467367.1.1381","false","JQ467367.1.1381","JQ467367.1.1381"
"strong","1.0","JQ452003.1.1406","1","JQ452003.1.1406","false","JQ452003.1.1406","JQ452003.1.1406"
"strong","0.0","HQ806783.1.1477","0","HQ806783.1.1477","false","HQ806783.1.1477","HQ806783.1.1477"
"strong","1.0","AY005083.1.1498","1","AY005083.1.1498","false","AY005083.1.1498","AY005083.1.1498"
"strong","1.0","AB036760.1.1411","1","AB036760.1.1411","false","AB036760.1.1411","AB036760.1.1411"
"strong","0.0","AF033304.1.1494","0","AF033304.1.1494","false","AF033304.1.1494","AF033304.1.1494"
"strong","0.0","GU227189.1.1463","0","GU227189.1.1463","false","GU227189.1.1463","GU227189.1.1463"
"strong","1.0","JF108306.1.1352","1","JF108306.1.1352","false","JF108306.1.1352","JF108306.1.1352"
"strong","0.0","AM420119.1.1497","0","AM420119.1.1497","false","AM420119.1.1497","AM420119.1.1497"
"strong","1.0","HE681370.1.1507","1","HE681370.1.1507","false","HE681370.1.1507","HE681370.1.1507"
"strong","1.0","DQ801233.1.1334","1","DQ801233.1.1334","false","DQ801233.1.1334","DQ801233.1.1334"
"strong","1.0","EU768024.1.1355","1","EU768024.1.1355","false","EU768024.1.1355","EU768024.1.1355"
"strong","1.0","EF398285.1.1490","1","EF398285.1.1490","false","EF398285.1.1490","EF398285.1.1490"
"strong","0.0","JQ460156.1.1404","0","JQ460156.1.1404","false","JQ460156.1.1404","JQ460156.1.1404"
"strong","1.0","JQ452486.1.1386","1","JQ452486.1.1386","false","JQ452486.1.1386","JQ452486.1.1386"
"strong","0.0","JQ461591.1.1391","0","JQ461591.1.1391","false","JQ461591.1.1391","JQ461591.1.1391"
"strong","0.0","JQ475304.1.1382","0","JQ475304.1.1382","false","JQ475304.1.1382","JQ475304.1.1382"
"strong","1.0","JQ475416.1.1408","1","JQ475416.1.1408","false","JQ475416.1.1408","JQ475416.1.1408"
"strong","0.0","JQ457807.1.1393","0","JQ457807.1.1393","false","JQ457807.1.1393","JQ457807.1.1393"
"strong","1.0","FJ439568.1.1422","1","FJ439568.1.1422","false","FJ439568.1.1422","FJ439568.1.1422"
"strong","1.0","JF086990.1.1328","1","JF086990.1.1328","false","JF086990.1.1328","JF086990.1.1328"
"strong","0.0","JQ451660.1.1399","0","JQ451660.1.1399","false","JQ451660.1.1399","JQ451660.1.1399"
"strong","1.0","JQ467966.1.1385","1","JQ467966.1.1385","false","JQ467966.1.1385","JQ467966.1.1385"
"strong","1.0","JQ451920.1.1402","1","JQ451920.1.1402","false","JQ451920.1.1402","JQ451920.1.1402"
"strong","1.0","AY349364.1.1544","1","AY349364.1.1544","false","AY349364.1.1544","AY349364.1.1544"
"strong","0.0","JQ452070.1.1379","0","JQ452070.1.1379","false","JQ452070.1.1379","JQ452070.1.1379"
"strong","1.0","JQ451240.1.1400","1","JQ451240.1.1400","false","JQ451240.1.1400","JQ451240.1.1400"
"strong","0.0","JQ468459.1.1379","0","JQ468459.1.1379","false","JQ468459.1.1379","JQ468459.1.1379"
"strong","1.0","JQ474179.1.1395","1","JQ474179.1.1395","false","JQ474179.1.1395","JQ474179.1.1395"
"strong","1.0","JQ466105.1.1298","1","JQ466105.1.1298","false","JQ466105.1.1298","JQ466105.1.1298"
"strong","1.0","JQ463503.1.1282","1","JQ463503.1.1282","false","JQ463503.1.1282","JQ463503.1.1282"
"strong","0.0","JQ469407.1.1398","0","JQ469407.1.1398","false","JQ469407.1.1398","JQ469407.1.1398"
"strong","0.0","JQ456298.1.1367","0","JQ456298.1.1367","false","JQ456298.1.1367","JQ456298.1.1367"
"strong","1.0","JQ478184.1.1385","1","JQ478184.1.1385","false","JQ478184.1.1385","JQ478184.1.1385"
"strong","1.0","JQ455397.1.1377","1","JQ455397.1.1377","false","JQ455397.1.1377","JQ455397.1.1377"
"strong","1.0","HQ804831.1.1450","1","HQ804831.1.1450","false","HQ804831.1.1450","HQ804831.1.1450"
"strong","0.0","JQ475410.1.1323","0","JQ475410.1.1323","false","JQ475410.1.1323","JQ475410.1.1323"
"strong","0.0","FJ504697.1.1416","0","FJ504697.1.1416","false","FJ504697.1.1416","FJ504697.1.1416"
"strong","1.0","AM697254.1.1510","1","AM697254.1.1510","false","AM697254.1.1510","AM697254.1.1510"
"strong","0.0","JQ468223.1.1406","0","JQ468223.1.1406","false","JQ468223.1.1406","JQ468223.1.1406"
"strong","0.0","FJ470499.1.1498","0","FJ470499.1.1498","false","FJ470499.1.1498","FJ470499.1.1498"
"strong","1.0","JQ475326.1.1400","1","JQ475326.1.1400","false","JQ475326.1.1400","JQ475326.1.1400"
"strong","1.0","JQ456388.1.1325","1","JQ456388.1.1325","false","JQ456388.1.1325","JQ456388.1.1325"
"strong","1.0","JQ467330.1.1363","1","JQ467330.1.1363","false","JQ467330.1.1363","JQ467330.1.1363"
"strong","0.0","JQ467052.1.1380","0","JQ467052.1.1380","false","JQ467052.1.1380","JQ467052.1.1380"
"strong","1.0","JF136468.1.1355","1","JF136468.1.1355","false","JF136468.1.1355","JF136468.1.1355"
"strong","0.0","JQ454383.1.1388","0","JQ454383.1.1388","false","JQ454383.1.1388","JQ454383.1.1388"
"strong","1.0","JF127716.1.1365","1","JF127716.1.1365","false","JF127716.1.1365","JF127716.1.1365"
"strong","1.0","JF188434.1.1345","1","JF188434.1.1345","false","JF188434.1.1345","JF188434.1.1345"
"strong","1.0","GU561319.1.1432","1","GU561319.1.1432","false","GU561319.1.1432","GU561319.1.1432"
"strong","0.0","JQ467876.1.1406","0","JQ467876.1.1406","false","JQ467876.1.1406","JQ467876.1.1406"
"strong","1.0","JQ461210.1.1422","1","JQ461210.1.1422","false","JQ461210.1.1422","JQ461210.1.1422"
"strong","0.0","JQ453436.1.1239","0","JQ453436.1.1239","false","JQ453436.1.1239","JQ453436.1.1239"
"strong","0.0","JQ476896.1.1333","0","JQ476896.1.1333","false","JQ476896.1.1333","JQ476896.1.1333"
"strong","1.0","JF149168.1.1332","1","JF149168.1.1332","false","JF149168.1.1332","JF149168.1.1332"
"strong","0.0","JQ472047.1.1396","0","JQ472047.1.1396","false","JQ472047.1.1396","JQ472047.1.1396"
"strong","0.0","JQ452595.1.1426","0","JQ452595.1.1426","false","JQ452595.1.1426","JQ452595.1.1426"
"strong","1.0","DQ326384.1.1351","1","DQ326384.1.1351","false","DQ326384.1.1351","DQ326384.1.1351"
"strong","1.0","HQ766831.1.1428","1","HQ766831.1.1428","false","HQ766831.1.1428","HQ766831.1.1428"
"strong","1.0","JF075243.1.1368","1","JF075243.1.1368","false","JF075243.1.1368","JF075243.1.1368"
"strong","1.0","JF231386.1.1369","1","JF231386.1.1369","false","JF231386.1.1369","JF231386.1.1369"
"strong","1.0","JQ467959.1.1393","1","JQ467959.1.1393","false","JQ467959.1.1393","JQ467959.1.1393"
"strong","0.0","JQ452451.1.1380","0","JQ452451.1.1380","false","JQ452451.1.1380","JQ452451.1.1380"
"strong","0.0","FJ823150.1.1405","0","FJ823150.1.1405","false","FJ823150.1.1405","FJ823150.1.1405"
"strong","1.0","GU432150.1.1204","1","GU432150.1.1204","false","GU432150.1.1204","GU432150.1.1204"
"strong","1.0","JQ467834.1.1286","1","JQ467834.1.1286","false","JQ467834.1.1286","JQ467834.1.1286"
"strong","1.0","JF229576.1.1371","1","JF229576.1.1371","false","JF229576.1.1371","JF229576.1.1371"
"strong","1.0","KF271073.1.1485","1","KF271073.1.1485","false","KF271073.1.1485","KF271073.1.1485"
"strong","0.0","FJ976344.1.1358","0","FJ976344.1.1358","false","FJ976344.1.1358","FJ976344.1.1358"
"strong","1.0","JQ475392.1.1373","1","JQ475392.1.1373","false","JQ475392.1.1373","JQ475392.1.1373"
"strong","1.0","GU227220.1.1446","1","GU227220.1.1446","false","GU227220.1.1446","GU227220.1.1446"
"strong","1.0","FJ470443.1.1460","1","FJ470443.1.1460","false","FJ470443.1.1460","FJ470443.1.1460"
"strong","0.0","FJ558236.1.1295","0","FJ558236.1.1295","false","FJ558236.1.1295","FJ558236.1.1295"
"strong","1.0","JQ467284.1.1371","1","JQ467284.1.1371","false","JQ467284.1.1371","JQ467284.1.1371"
"strong","1.0","JQ452699.1.1403","1","JQ452699.1.1403","false","JQ452699.1.1403","JQ452699.1.1403"
"strong","0.0","JQ452619.1.1399","0","JQ452619.1.1399","false","JQ452619.1.1399","JQ452619.1.1399"
"strong","0.0","HM312807.1.1359","0","HM312807.1.1359","false","HM312807.1.1359","HM312807.1.1359"
"strong","0.0","FJ982979.1.1549","0","FJ982979.1.1549","false","FJ982979.1.1549","FJ982979.1.1549"
"strong","1.0","GU000401.1.1202","1","GU000401.1.1202","false","GU000401.1.1202","GU000401.1.1202"
"strong","1.0","JQ451947.1.1228","1","JQ451947.1.1228","false","JQ451947.1.1228","JQ451947.1.1228"
"strong","0.0","JQ477259.1.1405","0","JQ477259.1.1405","false","JQ477259.1.1405","JQ477259.1.1405"
"strong","1.0","HQ757500.1.1466","1","HQ757500.1.1466","false","HQ757500.1.1466","HQ757500.1.1466"
"strong","1.0","HQ785433.1.1445","1","HQ785433.1.1445","false","HQ785433.1.1445","HQ785433.1.1445"
"strong","1.0","EU764976.1.1376","1","EU764976.1.1376","false","EU764976.1.1376","EU764976.1.1376"
"strong","1.0","DQ799322.1.1402","1","DQ799322.1.1402","false","DQ799322.1.1402","DQ799322.1.1402"
"strong","1.0","GU086173.1.1311","1","GU086173.1.1311","false","GU086173.1.1311","GU086173.1.1311"
"strong","0.0","JF223997.1.1388","0","JF223997.1.1388","false","JF223997.1.1388","JF223997.1.1388"
"strong","0.0","JQ454583.1.1399","0","JQ454583.1.1399","false","JQ454583.1.1399","JQ454583.1.1399"
"strong","1.0","HG799952.1.1818","1","HG799952.1.1818","false","HG799952.1.1818","HG799952.1.1818"
"strong","1.0","EF532910.1.1588","1","EF532910.1.1588","false","EF532910.1.1588","EF532910.1.1588"
"strong","1.0","HQ850580.1.1385","1","HQ850580.1.1385","false","HQ850580.1.1385","HQ850580.1.1385"
"strong","1.0","HQ818990.1.1410","1","HQ818990.1.1410","false","HQ818990.1.1410","HQ818990.1.1410"
"strong","1.0","JX171198.1.1438","1","JX171198.1.1438","false","JX171198.1.1438","JX171198.1.1438"
"strong","0.0","JQ451876.1.1374","0","JQ451876.1.1374","false","JQ451876.1.1374","JQ451876.1.1374"
"strong","0.0","JQ476405.1.1385","0","JQ476405.1.1385","false","JQ476405.1.1385","JQ476405.1.1385"
"strong","0.0","JQ467792.1.1376","0","JQ467792.1.1376","false","JQ467792.1.1376","JQ467792.1.1376"
"strong","0.0","JF131342.1.1354","0","JF131342.1.1354","false","JF131342.1.1354","JF131342.1.1354"
"strong","1.0","KC290794.1.1494","1","KC290794.1.1494","false","KC290794.1.1494","KC290794.1.1494"
"strong","0.0","JQ468513.1.1420","0","JQ468513.1.1420","false","JQ468513.1.1420","JQ468513.1.1420"
"strong","1.0","JQ472043.1.1400","1","JQ472043.1.1400","false","JQ472043.1.1400","JQ472043.1.1400"
"strong","0.0","JQ451186.1.1401","0","JQ451186.1.1401","false","JQ451186.1.1401","JQ451186.1.1401"
"strong","1.0","JQ456821.1.1379","1","JQ456821.1.1379","false","JQ456821.1.1379","JQ456821.1.1379"
"strong","1.0","JF139977.1.1370","1","JF139977.1.1370","false","JF139977.1.1370","JF139977.1.1370"
"strong","0.0","AF061347.1.1502","0","AF061347.1.1502","false","AF061347.1.1502","AF061347.1.1502"
"strong","1.0","JQ460426.1.1380","1","JQ460426.1.1380","false","JQ460426.1.1380","JQ460426.1.1380"
"strong","0.0","JQ473894.1.1355","0","JQ473894.1.1355","false","JQ473894.1.1355","JQ473894.1.1355"
"strong","0.0","JQ449934.1.1399","0","JQ449934.1.1399","false","JQ449934.1.1399","JQ449934.1.1399"
"strong","0.0","JQ476771.1.1426","0","JQ476771.1.1426","false","JQ476771.1.1426","JQ476771.1.1426"
"strong","0.0","HM303850.1.1335","0","HM303850.1.1335","false","HM303850.1.1335","HM303850.1.1335"
"strong","0.0","JQ467255.1.1254","0","JQ467255.1.1254","false","JQ467255.1.1254","JQ467255.1.1254"
"strong","1.0","JQ452022.1.1382","1","JQ452022.1.1382","false","JQ452022.1.1382","JQ452022.1.1382"
"strong","0.0","GU432133.1.1216","0","GU432133.1.1216","false","GU432133.1.1216","GU432133.1.1216"
"strong","0.0","JQ449272.1.1394","0","JQ449272.1.1394","false","JQ449272.1.1394","JQ449272.1.1394"
"strong","1.0","JQ451975.1.1393","1","JQ451975.1.1393","false","JQ451975.1.1393","JQ451975.1.1393"
"strong","0.0","HM270674.1.1344","0","HM270674.1.1344","false","HM270674.1.1344","HM270674.1.1344"
"strong","0.0","JQ455165.1.1400","0","JQ455165.1.1400","false","JQ455165.1.1400","JQ455165.1.1400"
"strong","0.0","JQ447930.1.1414","0","JQ447930.1.1414","false","JQ447930.1.1414","JQ447930.1.1414"
"strong","0.0","JQ456243.1.1365","0","JQ456243.1.1365","false","JQ456243.1.1365","JQ456243.1.1365"
"strong","1.0","JQ452042.1.1274","1","JQ452042.1.1274","false","JQ452042.1.1274","JQ452042.1.1274"
"strong","0.0","HQ795879.1.1416","0","HQ795879.1.1416","false","HQ795879.1.1416","HQ795879.1.1416"
"strong","0.0","JQ455212.1.1382","0","JQ455212.1.1382","false","JQ455212.1.1382","JQ455212.1.1382"
"strong","0.0","ET632854.1.1312","0","ET632854.1.1312","false","ET632854.1.1312","ET632854.1.1312"
"strong","1.0","EU466029.1.1389","1","EU466029.1.1389","false","EU466029.1.1389","EU466029.1.1389"
"strong","1.0","EU465522.1.1312","1","EU465522.1.1312","false","EU465522.1.1312","EU465522.1.1312"
"strong","0.0","JQ472210.1.1377","0","JQ472210.1.1377","false","JQ472210.1.1377","JQ472210.1.1377"
"strong","1.0","JF059998.1.1357","1","JF059998.1.1357","false","JF059998.1.1357","JF059998.1.1357"
"strong","1.0","KC203059.1.1393","1","KC203059.1.1393","false","KC203059.1.1393","KC203059.1.1393"
"strong","1.0","DQ003614.1.1445","1","DQ003614.1.1445","false","DQ003614.1.1445","DQ003614.1.1445"
"strong","1.0","HQ811529.1.1477","1","HQ811529.1.1477","false","HQ811529.1.1477","HQ811529.1.1477"
"strong","1.0","FJ976291.1.1372","1","FJ976291.1.1372","false","FJ976291.1.1372","FJ976291.1.1372"
"strong","1.0","JQ467246.1.1406","1","JQ467246.1.1406","false","JQ467246.1.1406","JQ467246.1.1406"
"strong","0.0","FJ470489.1.1508","0","FJ470489.1.1508","false","FJ470489.1.1508","FJ470489.1.1508"
"strong","0.0","JQ451976.1.1418","0","JQ451976.1.1418","false","JQ451976.1.1418","JQ451976.1.1418"
"strong","0.0","JQ462185.1.1405","0","JQ462185.1.1405","false","JQ462185.1.1405","JQ462185.1.1405"
"strong","0.0","JQ466233.1.1394","0","JQ466233.1.1394","false","JQ466233.1.1394","JQ466233.1.1394"
"strong","0.0","JQ469590.1.1396","0","JQ469590.1.1396","false","JQ469590.1.1396","JQ469590.1.1396"
"strong","1.0","JF146311.1.1361","1","JF146311.1.1361","false","JF146311.1.1361","JF146311.1.1361"
"strong","1.0","AY560519.1.1489","1","AY560519.1.1489","false","AY560519.1.1489","AY560519.1.1489"
"strong","1.0","DQ003617.1.1444","1","DQ003617.1.1444","false","DQ003617.1.1444","DQ003617.1.1444"
"strong","1.0","GQ423480.1.1469","1","GQ423480.1.1469","false","GQ423480.1.1469","GQ423480.1.1469"
"strong","1.0","JQ470925.1.1396","1","JQ470925.1.1396","false","JQ470925.1.1396","JQ470925.1.1396"
"strong","1.0","JQ468072.1.1397","1","JQ468072.1.1397","false","JQ468072.1.1397","JQ468072.1.1397"
"strong","0.0","FJ773363.1.1428","0","FJ773363.1.1428","false","FJ773363.1.1428","FJ773363.1.1428"
"strong","0.0","FJ470462.1.1472","0","FJ470462.1.1472","false","FJ470462.1.1472","FJ470462.1.1472"
"strong","1.0","FJ976245.1.1380","1","FJ976245.1.1380","false","FJ976245.1.1380","FJ976245.1.1380"
"strong","1.0","JQ472884.1.1384","1","JQ472884.1.1384","false","JQ472884.1.1384","JQ472884.1.1384"
"strong","0.0","GU410771.1.1431","0","GU410771.1.1431","false","GU410771.1.1431","GU410771.1.1431"
"strong","0.0","JQ453211.1.1399","0","JQ453211.1.1399","false","JQ453211.1.1399","JQ453211.1.1399"
"strong","0.0","GU561337.1.1377","0","GU561337.1.1377","false","GU561337.1.1377","GU561337.1.1377"
"strong","0.0","GQ039190.1.1362","0","GQ039190.1.1362","false","GQ039190.1.1362","GQ039190.1.1362"
"strong","0.0","AFQU01000001.1150504.1152003","0","AFQU01000001.1150504.1152003","false","AFQU01000001.1150504.1152003","AFQU01000001.1150504.1152003"
"strong","0.0","JF231414.1.1363","0","JF231414.1.1363","false","JF231414.1.1363","JF231414.1.1363"
"strong","0.0","FM997297.1.1423","0","FM997297.1.1423","false","FM997297.1.1423","FM997297.1.1423"
"strong","0.0","JQ462593.1.1406","0","JQ462593.1.1406","false","JQ462593.1.1406","JQ462593.1.1406"
"strong","1.0","JQ467446.1.1433","1","JQ467446.1.1433","false","JQ467446.1.1433","JQ467446.1.1433"
"strong","1.0","HQ781899.1.1453","1","HQ781899.1.1453","false","HQ781899.1.1453","HQ781899.1.1453"
"strong","1.0","JN379060.1.1513","1","JN379060.1.1513","false","JN379060.1.1513","JN379060.1.1513"
"strong","0.0","AY947497.1.1427","0","AY947497.1.1427","false","AY947497.1.1427","AY947497.1.1427"
"strong","1.0","JF141751.1.1347","1","JF141751.1.1347","false","JF141751.1.1347","JF141751.1.1347"
"strong","0.0","GQ158073.1.1400","0","GQ158073.1.1400","false","GQ158073.1.1400","GQ158073.1.1400"
"strong","1.0","KF691779.1.1235","1","KF691779.1.1235","false","KF691779.1.1235","KF691779.1.1235"
"strong","0.0","JQ469968.1.1402","0","JQ469968.1.1402","false","JQ469968.1.1402","JQ469968.1.1402"
"strong","0.0","EU763160.1.1358","0","EU763160.1.1358","false","EU763160.1.1358","EU763160.1.1358"
"strong","0.0","JQ449939.1.1404","0","JQ449939.1.1404","false","JQ449939.1.1404","JQ449939.1.1404"
"strong","1.0","JF151848.1.1357","1","JF151848.1.1357","false","JF151848.1.1357","JF151848.1.1357"
"strong","0.0","JQ460096.1.1411","0","JQ460096.1.1411","false","JQ460096.1.1411","JQ460096.1.1411"
"strong","0.0","JQ462118.1.1331","0","JQ462118.1.1331","false","JQ462118.1.1331","JQ462118.1.1331"
"strong","1.0","JQ453495.1.1413","1","JQ453495.1.1413","false","JQ453495.1.1413","JQ453495.1.1413"
"strong","1.0","D89882.1.1550","1","D89882.1.1550","false","D89882.1.1550","D89882.1.1550"
"strong","1.0","JQ451999.1.1413","1","JQ451999.1.1413","false","JQ451999.1.1413","JQ451999.1.1413"
"strong","1.0","JF131761.1.1363","1","JF131761.1.1363","false","JF131761.1.1363","JF131761.1.1363"
"strong","1.0","JQ452769.1.1357","1","JQ452769.1.1357","false","JQ452769.1.1357","JQ452769.1.1357"
"strong","1.0","JQ449434.1.1369","1","JQ449434.1.1369","false","JQ449434.1.1369","JQ449434.1.1369"
"strong","0.0","JQ475297.1.1411","0","JQ475297.1.1411","false","JQ475297.1.1411","JQ475297.1.1411"
"strong","0.0","GU408748.1.1463","0","GU408748.1.1463","false","GU408748.1.1463","GU408748.1.1463"
"strong","1.0","AY959044.1.1495","1","AY959044.1.1495","false","AY959044.1.1495","AY959044.1.1495"
"strong","1.0","AY958933.1.1490","1","AY958933.1.1490","false","AY958933.1.1490","AY958933.1.1490"
"strong","1.0","JQ476855.1.1374","1","JQ476855.1.1374","false","JQ476855.1.1374","JQ476855.1.1374"
"strong","1.0","JQ460235.1.1414","1","JQ460235.1.1414","false","JQ460235.1.1414","JQ460235.1.1414"
"strong","1.0","JQ452546.1.1397","1","JQ452546.1.1397","false","JQ452546.1.1397","JQ452546.1.1397"
"strong","1.0","JQ454311.1.1386","1","JQ454311.1.1386","false","JQ454311.1.1386","JQ454311.1.1386"
"strong","0.0","JQ451711.1.1392","0","JQ451711.1.1392","false","JQ451711.1.1392","JQ451711.1.1392"
"strong","0.0","JF414111.1.1515","0","JF414111.1.1515","false","JF414111.1.1515","JF414111.1.1515"
"strong","1.0","JQ451317.1.1398","1","JQ451317.1.1398","false","JQ451317.1.1398","JQ451317.1.1398"
"strong","1.0","FJ557362.1.1364","1","FJ557362.1.1364","false","FJ557362.1.1364","FJ557362.1.1364"
"strong","1.0","HQ811040.1.1460","1","HQ811040.1.1460","false","HQ811040.1.1460","HQ811040.1.1460"
"strong","1.0","AY977515.1.1349","1","AY977515.1.1349","false","AY977515.1.1349","AY977515.1.1349"
"strong","1.0","JQ406530.1.1451","1","JQ406530.1.1451","false","JQ406530.1.1451","JQ406530.1.1451"
"strong","1.0","JQ471064.1.1393","1","JQ471064.1.1393","false","JQ471064.1.1393","JQ471064.1.1393"
"strong","1.0","JF148907.1.1359","1","JF148907.1.1359","false","JF148907.1.1359","JF148907.1.1359"
"strong","0.0","JQ467977.1.1411","0","JQ467977.1.1411","false","JQ467977.1.1411","JQ467977.1.1411"
"strong","1.0","EU704752.1.1277","1","EU704752.1.1277","false","EU704752.1.1277","EU704752.1.1277"
"strong","1.0","FJ470581.1.1490","1","FJ470581.1.1490","false","FJ470581.1.1490","FJ470581.1.1490"
"strong","1.0","JQ452968.1.1420","1","JQ452968.1.1420","false","JQ452968.1.1420","JQ452968.1.1420"
"strong","0.0","HQ812210.1.1430","0","HQ812210.1.1430","false","HQ812210.1.1430","HQ812210.1.1430"
"strong","1.0","GU432167.1.1241","1","GU432167.1.1241","false","GU432167.1.1241","GU432167.1.1241"
"strong","0.0","JQ473836.1.1358","0","JQ473836.1.1358","false","JQ473836.1.1358","JQ473836.1.1358"
"strong","1.0","HQ798792.1.1434","1","HQ798792.1.1434","false","HQ798792.1.1434","HQ798792.1.1434"
"strong","0.0","HQ764874.1.1421","0","HQ764874.1.1421","false","HQ764874.1.1421","HQ764874.1.1421"
"strong","0.0","JQ452113.1.1427","0","JQ452113.1.1427","false","JQ452113.1.1427","JQ452113.1.1427"
"strong","0.0","JQ654191.1.1502","0","JQ654191.1.1502","false","JQ654191.1.1502","JQ654191.1.1502"
"strong","1.0","JQ452534.1.1372","1","JQ452534.1.1372","false","JQ452534.1.1372","JQ452534.1.1372"
"strong","0.0","GQ016008.1.1371","0","GQ016008.1.1371","false","GQ016008.1.1371","GQ016008.1.1371"
"strong","0.0","JQ473962.1.1377","0","JQ473962.1.1377","false","JQ473962.1.1377","JQ473962.1.1377"
"strong","0.0","JQ451065.1.1311","0","JQ451065.1.1311","false","JQ451065.1.1311","JQ451065.1.1311"
"strong","1.0","JQ467757.1.1383","1","JQ467757.1.1383","false","JQ467757.1.1383","JQ467757.1.1383"
"strong","1.0","JQ474027.1.1443","1","JQ474027.1.1443","false","JQ474027.1.1443","JQ474027.1.1443"
"strong","1.0","JQ463260.1.1414","1","JQ463260.1.1414","false","JQ463260.1.1414","JQ463260.1.1414"
"strong","1.0","FJ558197.1.1408","1","FJ558197.1.1408","false","FJ558197.1.1408","FJ558197.1.1408"
"strong","1.0","HG799962.1.1671","1","HG799962.1.1671","false","HG799962.1.1671","HG799962.1.1671"
"strong","1.0","AY953252.1.1530","1","AY953252.1.1530","false","AY953252.1.1530","AY953252.1.1530"
"strong","1.0","AF385496.1.1523","1","AF385496.1.1523","false","AF385496.1.1523","AF385496.1.1523"
"strong","1.0","AM420280.1.1426","1","AM420280.1.1426","false","AM420280.1.1426","AM420280.1.1426"
"strong","1.0","FJ957497.1.1475","1","FJ957497.1.1475","false","FJ957497.1.1475","FJ957497.1.1475"
"strong","1.0","JF229027.1.1317","1","JF229027.1.1317","false","JF229027.1.1317","JF229027.1.1317"
"strong","0.0","JQ463168.1.1384","0","JQ463168.1.1384","false","JQ463168.1.1384","JQ463168.1.1384"
"strong","1.0","EU773453.1.1296","1","EU773453.1.1296","false","EU773453.1.1296","EU773453.1.1296"
"strong","1.0","HQ759757.1.1433","1","HQ759757.1.1433","false","HQ759757.1.1433","HQ759757.1.1433"
"strong","1.0","DQ798568.1.1385","1","DQ798568.1.1385","false","DQ798568.1.1385","DQ798568.1.1385"
"strong","0.0","JF117067.1.1365","0","JF117067.1.1365","false","JF117067.1.1365","JF117067.1.1365"
"strong","1.0","JQ456203.1.1331","1","JQ456203.1.1331","false","JQ456203.1.1331","JQ456203.1.1331"
"strong","0.0","JQ455258.1.1386","0","JQ455258.1.1386","false","JQ455258.1.1386","JQ455258.1.1386"
"strong","1.0","JQ452809.1.1377","1","JQ452809.1.1377","false","JQ452809.1.1377","JQ452809.1.1377"
"strong","1.0","FN178465.1.1428","1","FN178465.1.1428","false","FN178465.1.1428","FN178465.1.1428"
"strong","1.0","DQ804516.1.1389","1","DQ804516.1.1389","false","DQ804516.1.1389","DQ804516.1.1389"
"strong","0.0","KF574954.1.1384","0","KF574954.1.1384","false","KF574954.1.1384","KF574954.1.1384"
"strong","0.0","JQ470580.1.1397","0","JQ470580.1.1397","false","JQ470580.1.1397","JQ470580.1.1397"
"strong","0.0","JQ451128.1.1378","0","JQ451128.1.1378","false","JQ451128.1.1378","JQ451128.1.1378"
"strong","0.0","GQ019407.1.1377","0","GQ019407.1.1377","false","GQ019407.1.1377","GQ019407.1.1377"
"strong","1.0","DQ809141.1.1290","1","DQ809141.1.1290","false","DQ809141.1.1290","DQ809141.1.1290"
"strong","1.0","AY974922.1.1359","1","AY974922.1.1359","false","AY974922.1.1359","AY974922.1.1359"
"strong","0.0","JF127680.1.1343","0","JF127680.1.1343","false","JF127680.1.1343","JF127680.1.1343"
"strong","1.0","JQ456948.1.1401","1","JQ456948.1.1401","false","JQ456948.1.1401","JQ456948.1.1401"
"strong","1.0","HM811978.1.1370","1","HM811978.1.1370","false","HM811978.1.1370","HM811978.1.1370"
"strong","0.0","JQ464588.1.1409","0","JQ464588.1.1409","false","JQ464588.1.1409","JQ464588.1.1409"
"strong","1.0","FJ975800.1.1364","1","FJ975800.1.1364","false","FJ975800.1.1364","FJ975800.1.1364"
"strong","1.0","JF067205.1.1333","1","JF067205.1.1333","false","JF067205.1.1333","JF067205.1.1333"
"strong","1.0","HQ788290.1.1452","1","HQ788290.1.1452","false","HQ788290.1.1452","HQ788290.1.1452"
"strong","1.0","AM420064.1.1510","1","AM420064.1.1510","false","AM420064.1.1510","AM420064.1.1510"
"strong","1.0","JF148823.1.1369","1","JF148823.1.1369","false","JF148823.1.1369","JF148823.1.1369"
"strong","0.0","JQ452125.1.1330","0","JQ452125.1.1330","false","JQ452125.1.1330","JQ452125.1.1330"
"strong","0.0","JQ450714.1.1360","0","JQ450714.1.1360","false","JQ450714.1.1360","JQ450714.1.1360"
"strong","0.0","FM997505.1.1340","0","FM997505.1.1340","false","FM997505.1.1340","FM997505.1.1340"
"strong","0.0","JQ462354.1.1430","0","JQ462354.1.1430","false","JQ462354.1.1430","JQ462354.1.1430"
"strong","1.0","JQ453715.1.1276","1","JQ453715.1.1276","false","JQ453715.1.1276","JQ453715.1.1276"
"strong","1.0","JQ449849.1.1412","1","JQ449849.1.1412","false","JQ449849.1.1412","JQ449849.1.1412"
"strong","1.0","JQ452678.1.1383","1","JQ452678.1.1383","false","JQ452678.1.1383","JQ452678.1.1383"
"strong","0.0","JQ452138.1.1369","0","JQ452138.1.1369","false","JQ452138.1.1369","JQ452138.1.1369"
"strong","0.0","JQ457855.1.1392","0","JQ457855.1.1392","false","JQ457855.1.1392","JQ457855.1.1392"
"strong","1.0","JQ452607.1.1364","1","JQ452607.1.1364","false","JQ452607.1.1364","JQ452607.1.1364"
"strong","1.0","JQ460207.1.1411","1","JQ460207.1.1411","false","JQ460207.1.1411","JQ460207.1.1411"
"strong","1.0","GQ077258.1.1358","1","GQ077258.1.1358","false","GQ077258.1.1358","GQ077258.1.1358"
"strong","1.0","JQ451753.1.1400","1","JQ451753.1.1400","false","JQ451753.1.1400","JQ451753.1.1400"
"strong","1.0","JQ183875.1.1329","1","JQ183875.1.1329","false","JQ183875.1.1329","JQ183875.1.1329"
"strong","1.0","DQ807557.1.1377","1","DQ807557.1.1377","false","DQ807557.1.1377","DQ807557.1.1377"
"strong","1.0","DQ800646.1.1402","1","DQ800646.1.1402","false","DQ800646.1.1402","DQ800646.1.1402"
"strong","0.0","JX993449.1.1404","0","JX993449.1.1404","false","JX993449.1.1404","JX993449.1.1404"
"strong","1.0","JQ460082.1.1420","1","JQ460082.1.1420","false","JQ460082.1.1420","JQ460082.1.1420"
"strong","1.0","JQ463921.1.1380","1","JQ463921.1.1380","false","JQ463921.1.1380","JQ463921.1.1380"
"strong","1.0","FJ470482.1.1495","1","FJ470482.1.1495","false","FJ470482.1.1495","FJ470482.1.1495"
"strong","1.0","JQ449345.1.1397","1","JQ449345.1.1397","false","JQ449345.1.1397","JQ449345.1.1397"
"strong","0.0","JQ475531.1.1404","0","JQ475531.1.1404","false","JQ475531.1.1404","JQ475531.1.1404"
"strong","0.0","JX010895.1.1431","0","JX010895.1.1431","false","JX010895.1.1431","JX010895.1.1431"
"strong","1.0","AJ289180.1.1378","1","AJ289180.1.1378","false","AJ289180.1.1378","AJ289180.1.1378"
"strong","1.0","AF385499.1.1521","1","AF385499.1.1521","false","AF385499.1.1521","AF385499.1.1521"
"strong","1.0","HQ799394.1.1459","1","HQ799394.1.1459","false","HQ799394.1.1459","HQ799394.1.1459"
"strong","1.0","JQ460220.1.1427","1","JQ460220.1.1427","false","JQ460220.1.1427","JQ460220.1.1427"
"strong","1.0","JQ453347.1.1261","1","JQ453347.1.1261","false","JQ453347.1.1261","JQ453347.1.1261"
"strong","1.0","JF146381.1.1370","1","JF146381.1.1370","false","JF146381.1.1370","JF146381.1.1370"
"strong","0.0","JQ468090.1.1395","0","JQ468090.1.1395","false","JQ468090.1.1395","JQ468090.1.1395"
"strong","0.0","JQ461528.1.1380","0","JQ461528.1.1380","false","JQ461528.1.1380","JQ461528.1.1380"
"strong","1.0","JQ457885.1.1401","1","JQ457885.1.1401","false","JQ457885.1.1401","JQ457885.1.1401"
"strong","1.0","JQ467398.1.1418","1","JQ467398.1.1418","false","JQ467398.1.1418","JQ467398.1.1418"
"strong","0.0","JF193497.1.1384","0","JF193497.1.1384","false","JF193497.1.1384","JF193497.1.1384"
"strong","0.0","ACKT01000055.15.1310","0","ACKT01000055.15.1310","false","ACKT01000055.15.1310","ACKT01000055.15.1310"
"strong","1.0","AY947498.1.1414","1","AY947498.1.1414","false","AY947498.1.1414","AY947498.1.1414"
"strong","0.0","JQ448766.1.1407","0","JQ448766.1.1407","false","JQ448766.1.1407","JQ448766.1.1407"
"strong","1.0","GU227193.1.1432","1","GU227193.1.1432","false","GU227193.1.1432","GU227193.1.1432"
"strong","0.0","JQ467084.1.1319","0","JQ467084.1.1319","false","JQ467084.1.1319","JQ467084.1.1319"
"strong","0.0","JF113832.1.1317","0","JF113832.1.1317","false","JF113832.1.1317","JF113832.1.1317"
"strong","1.0","JQ072936.1.1361","1","JQ072936.1.1361","false","JQ072936.1.1361","JQ072936.1.1361"
"strong","0.0","JQ455419.1.1384","0","JQ455419.1.1384","false","JQ455419.1.1384","JQ455419.1.1384"
"strong","0.0","JQ467393.1.1314","0","JQ467393.1.1314","false","JQ467393.1.1314","JQ467393.1.1314"
"strong","1.0","JQ457925.1.1419","1","JQ457925.1.1419","false","JQ457925.1.1419","JQ457925.1.1419"
"strong","1.0","AJ290754.1.1466","1","AJ290754.1.1466","false","AJ290754.1.1466","AJ290754.1.1466"
"strong","0.0","JF130867.1.1361","0","JF130867.1.1361","false","JF130867.1.1361","JF130867.1.1361"
"strong","0.0","HQ744818.1.1425","0","HQ744818.1.1425","false","HQ744818.1.1425","HQ744818.1.1425"
"strong","1.0","JQ474320.1.1406","1","JQ474320.1.1406","false","JQ474320.1.1406","JQ474320.1.1406"
"strong","1.0","FM996847.1.1458","1","FM996847.1.1458","false","FM996847.1.1458","FM996847.1.1458"
"strong","0.0","JQ471949.1.1417","0","JQ471949.1.1417","false","JQ471949.1.1417","JQ471949.1.1417"
"strong","1.0","JQ451995.1.1382","1","JQ451995.1.1382","false","JQ451995.1.1382","JQ451995.1.1382"
"strong","1.0","GU561367.1.1398","1","GU561367.1.1398","false","GU561367.1.1398","GU561367.1.1398"
"strong","0.0","JQ454148.1.1371","0","JQ454148.1.1371","false","JQ454148.1.1371","JQ454148.1.1371"
"strong","1.0","JQ455706.1.1369","1","JQ455706.1.1369","false","JQ455706.1.1369","JQ455706.1.1369"
"strong","1.0","JQ460215.1.1385","1","JQ460215.1.1385","false","JQ460215.1.1385","JQ460215.1.1385"
"strong","1.0","EU779014.1.1408","1","EU779014.1.1408","false","EU779014.1.1408","EU779014.1.1408"
"strong","1.0","JF235709.1.1366","1","JF235709.1.1366","false","JF235709.1.1366","JF235709.1.1366"
"strong","0.0","JQ470103.1.1395","0","JQ470103.1.1395","false","JQ470103.1.1395","JQ470103.1.1395"
"strong","1.0","JF151704.1.1366","1","JF151704.1.1366","false","JF151704.1.1366","JF151704.1.1366"
"strong","1.0","JQ680282.1.1350","1","JQ680282.1.1350","false","JQ680282.1.1350","JQ680282.1.1350"
"strong","0.0","JQ654164.1.1502","0","JQ654164.1.1502","false","JQ654164.1.1502","JQ654164.1.1502"
"strong","1.0","GU408580.1.1460","1","GU408580.1.1460","false","GU408580.1.1460","GU408580.1.1460"
"strong","0.0","JQ477229.1.1399","0","JQ477229.1.1399","false","JQ477229.1.1399","JQ477229.1.1399"
"strong","1.0","JQ473795.1.1366","1","JQ473795.1.1366","false","JQ473795.1.1366","JQ473795.1.1366"
"strong","0.0","JF142294.1.1357","0","JF142294.1.1357","false","JF142294.1.1357","JF142294.1.1357"
"strong","1.0","GQ008221.1.1342","1","GQ008221.1.1342","false","GQ008221.1.1342","GQ008221.1.1342"
"strong","1.0","GQ059427.1.1358","1","GQ059427.1.1358","false","GQ059427.1.1358","GQ059427.1.1358"
"strong","1.0","JF131755.1.1327","1","JF131755.1.1327","false","JF131755.1.1327","JF131755.1.1327"
"strong","0.0","JQ467377.1.1339","0","JQ467377.1.1339","false","JQ467377.1.1339","JQ467377.1.1339"
"strong","0.0","JQ452088.1.1371","0","JQ452088.1.1371","false","JQ452088.1.1371","JQ452088.1.1371"
"strong","1.0","JQ451970.1.1379","1","JQ451970.1.1379","false","JQ451970.1.1379","JQ451970.1.1379"
"strong","1.0","AF182833.1.1283","1","AF182833.1.1283","false","AF182833.1.1283","AF182833.1.1283"
"strong","1.0","HM335226.1.1353","1","HM335226.1.1353","false","HM335226.1.1353","HM335226.1.1353"
"strong","1.0","HQ783869.1.1408","1","HQ783869.1.1408","false","HQ783869.1.1408","HQ783869.1.1408"
"strong","1.0","EU767368.1.1363","1","EU767368.1.1363","false","EU767368.1.1363","EU767368.1.1363"
"strong","1.0","FJ680121.1.1416","1","FJ680121.1.1416","false","FJ680121.1.1416","FJ680121.1.1416"
"strong","1.0","GQ011472.1.1377","1","GQ011472.1.1377","false","GQ011472.1.1377","GQ011472.1.1377"
"strong","1.0","JQ478363.1.1412","1","JQ478363.1.1412","false","JQ478363.1.1412","JQ478363.1.1412"
"strong","1.0","JQ449498.1.1408","1","JQ449498.1.1408","false","JQ449498.1.1408","JQ449498.1.1408"
"strong","1.0","JQ474019.1.1417","1","JQ474019.1.1417","false","JQ474019.1.1417","JQ474019.1.1417"
"strong","1.0","JQ453432.1.1439","1","JQ453432.1.1439","false","JQ453432.1.1439","JQ453432.1.1439"
"strong","0.0","HQ757432.1.1415","0","HQ757432.1.1415","false","HQ757432.1.1415","HQ757432.1.1415"
"strong","0.0","AF287801.1.1494","0","AF287801.1.1494","false","AF287801.1.1494","AF287801.1.1494"
"strong","1.0","HQ799523.1.1418","1","HQ799523.1.1418","false","HQ799523.1.1418","HQ799523.1.1418"
"strong","1.0","DQ824321.1.1391","1","DQ824321.1.1391","false","DQ824321.1.1391","DQ824321.1.1391"
"strong","1.0","DQ824048.1.1400","1","DQ824048.1.1400","false","DQ824048.1.1400","DQ824048.1.1400"
"strong","1.0","DQ809030.1.1400","1","DQ809030.1.1400","false","DQ809030.1.1400","DQ809030.1.1400"
"strong","1.0","GU592683.1.1422","1","GU592683.1.1422","false","GU592683.1.1422","GU592683.1.1422"
"strong","0.0","JQ448035.1.1428","0","JQ448035.1.1428","false","JQ448035.1.1428","JQ448035.1.1428"
"strong","1.0","GQ422739.1.1547","1","GQ422739.1.1547","false","GQ422739.1.1547","GQ422739.1.1547"
"strong","1.0","JQ449961.1.1384","1","JQ449961.1.1384","false","JQ449961.1.1384","JQ449961.1.1384"
"strong","1.0","JQ448701.1.1394","1","JQ448701.1.1394","false","JQ448701.1.1394","JQ448701.1.1394"
"strong","1.0","JQ885556.1.1460","1","JQ885556.1.1460","false","JQ885556.1.1460","JQ885556.1.1460"
"strong","1.0","ABQC02000019.758957.760260","1","ABQC02000019.758957.760260","false","ABQC02000019.758957.760260","ABQC02000019.758957.760260"
"strong","1.0","JN192482.1.1260","1","JN192482.1.1260","false","JN192482.1.1260","JN192482.1.1260"
"strong","1.0","JF193118.1.1352","1","JF193118.1.1352","false","JF193118.1.1352","JF193118.1.1352"
"strong","0.0","JQ466903.1.1308","0","JQ466903.1.1308","false","JQ466903.1.1308","JQ466903.1.1308"
"strong","1.0","KC333892.1.1228","1","KC333892.1.1228","false","KC333892.1.1228","KC333892.1.1228"
"strong","1.0","EU764619.1.1382","1","EU764619.1.1382","false","EU764619.1.1382","EU764619.1.1382"
"strong","0.0","AGEK01000035.51239.52758","0","AGEK01000035.51239.52758","false","AGEK01000035.51239.52758","AGEK01000035.51239.52758"
"strong","0.0","JQ478313.1.1407","0","JQ478313.1.1407","false","JQ478313.1.1407","JQ478313.1.1407"
"strong","1.0","EF402149.1.1493","1","EF402149.1.1493","false","EF402149.1.1493","EF402149.1.1493"
"strong","1.0","EU530495.1.1412","1","EU530495.1.1412","false","EU530495.1.1412","EU530495.1.1412"
"strong","1.0","DQ805092.1.1398","1","DQ805092.1.1398","false","DQ805092.1.1398","DQ805092.1.1398"
"strong","1.0","AY974857.1.1356","1","AY974857.1.1356","false","AY974857.1.1356","AY974857.1.1356"
"strong","0.0","JQ454351.1.1418","0","JQ454351.1.1418","false","JQ454351.1.1418","JQ454351.1.1418"
"strong","0.0","JQ473982.1.1239","0","JQ473982.1.1239","false","JQ473982.1.1239","JQ473982.1.1239"
"strong","0.0","JF105411.1.1360","0","JF105411.1.1360","false","JF105411.1.1360","JF105411.1.1360"
"strong","1.0","JQ085661.1.1260","1","JQ085661.1.1260","false","JQ085661.1.1260","JQ085661.1.1260"
"strong","1.0","EU790420.1.1218","1","EU790420.1.1218","false","EU790420.1.1218","EU790420.1.1218"
"strong","1.0","JQ958876.1.1408","1","JQ958876.1.1408","false","JQ958876.1.1408","JQ958876.1.1408"
"strong","1.0","CU919422.1.1335","1","CU919422.1.1335","false","CU919422.1.1335","CU919422.1.1335"
"strong","0.0","JQ470986.1.1398","0","JQ470986.1.1398","false","JQ470986.1.1398","JQ470986.1.1398"
"strong","1.0","JF223223.1.1359","1","JF223223.1.1359","false","JF223223.1.1359","JF223223.1.1359"
"strong","1.0","JQ451131.1.1383","1","JQ451131.1.1383","false","JQ451131.1.1383","JQ451131.1.1383"
"strong","0.0","FJ470409.1.1474","0","FJ470409.1.1474","false","FJ470409.1.1474","FJ470409.1.1474"
"strong","1.0","JQ457940.1.1426","1","JQ457940.1.1426","false","JQ457940.1.1426","JQ457940.1.1426"
"strong","1.0","GQ000752.1.1377","1","GQ000752.1.1377","false","GQ000752.1.1377","GQ000752.1.1377"
"strong","1.0","JQ453324.1.1369","1","JQ453324.1.1369","false","JQ453324.1.1369","JQ453324.1.1369"
"strong","1.0","AM420284.1.1491","1","AM420284.1.1491","false","AM420284.1.1491","AM420284.1.1491"
"strong","1.0","JF123951.1.1361","1","JF123951.1.1361","false","JF123951.1.1361","JF123951.1.1361"
"strong","0.0","CP003502.202115.203572","0","CP003502.202115.203572","false","CP003502.202115.203572","CP003502.202115.203572"
"strong","0.0","JF140866.1.1361","0","JF140866.1.1361","false","JF140866.1.1361","JF140866.1.1361"
"strong","1.0","FJ557838.1.1307","1","FJ557838.1.1307","false","FJ557838.1.1307","FJ557838.1.1307"
"strong","1.0","GQ062543.1.1350","1","GQ062543.1.1350","false","GQ062543.1.1350","GQ062543.1.1350"
"strong","1.0","DQ003620.1.1455","1","DQ003620.1.1455","false","DQ003620.1.1455","DQ003620.1.1455"
"strong","1.0","JF125650.1.1285","1","JF125650.1.1285","false","JF125650.1.1285","JF125650.1.1285"
"strong","0.0","FJ557935.1.1397","0","FJ557935.1.1397","false","FJ557935.1.1397","FJ557935.1.1397"
"strong","1.0","EU763911.1.1355","1","EU763911.1.1355","false","EU763911.1.1355","EU763911.1.1355"
"strong","1.0","EU767893.1.1364","1","EU767893.1.1364","false","EU767893.1.1364","EU767893.1.1364"
"strong","1.0","JQ466969.1.1400","1","JQ466969.1.1400","false","JQ466969.1.1400","JQ466969.1.1400"
"strong","1.0","JQ461544.1.1400","1","JQ461544.1.1400","false","JQ461544.1.1400","JQ461544.1.1400"
"strong","1.0","HQ744803.1.1434","1","HQ744803.1.1434","false","HQ744803.1.1434","HQ744803.1.1434"
"strong","1.0","AY916170.1.1355","1","AY916170.1.1355","false","AY916170.1.1355","AY916170.1.1355"
"strong","1.0","JQ452099.1.1291","1","JQ452099.1.1291","false","JQ452099.1.1291","JQ452099.1.1291"
"strong","1.0","JQ451989.1.1408","1","JQ451989.1.1408","false","JQ451989.1.1408","JQ451989.1.1408"
"strong","0.0","JQ451880.1.1378","0","JQ451880.1.1378","false","JQ451880.1.1378","JQ451880.1.1378"
"strong","1.0","L06165.1.1489","1","L06165.1.1489","false","L06165.1.1489","L06165.1.1489"
"strong","0.0","JQ472083.1.1388","0","JQ472083.1.1388","false","JQ472083.1.1388","JQ472083.1.1388"
"strong","1.0","JQ448826.1.1385","1","JQ448826.1.1385","false","JQ448826.1.1385","JQ448826.1.1385"
"strong","0.0","JQ453220.1.1388","0","JQ453220.1.1388","false","JQ453220.1.1388","JQ453220.1.1388"
"strong","1.0","FJ470444.1.1500","1","FJ470444.1.1500","false","FJ470444.1.1500","FJ470444.1.1500"
"strong","0.0","JQ467790.1.1348","0","JQ467790.1.1348","false","JQ467790.1.1348","JQ467790.1.1348"
"strong","1.0","DQ804633.1.1384","1","DQ804633.1.1384","false","DQ804633.1.1384","DQ804633.1.1384"
"strong","1.0","HM256094.1.1365","1","HM256094.1.1365","false","HM256094.1.1365","HM256094.1.1365"
"strong","1.0","JQ467450.1.1378","1","JQ467450.1.1378","false","JQ467450.1.1378","JQ467450.1.1378"
"strong","1.0","JQ467193.1.1406","1","JQ467193.1.1406","false","JQ467193.1.1406","JQ467193.1.1406"
"strong","1.0","JQ452137.1.1333","1","JQ452137.1.1333","false","JQ452137.1.1333","JQ452137.1.1333"
"strong","0.0","JQ452603.1.1366","0","JQ452603.1.1366","false","JQ452603.1.1366","JQ452603.1.1366"
"strong","1.0","FJ976446.1.1392","1","FJ976446.1.1392","false","FJ976446.1.1392","FJ976446.1.1392"
"strong","0.0","JQ473908.1.1428","0","JQ473908.1.1428","false","JQ473908.1.1428","JQ473908.1.1428"
"strong","1.0","JF217529.1.1349","1","JF217529.1.1349","false","JF217529.1.1349","JF217529.1.1349"
"strong","1.0","AM420106.1.1496","1","AM420106.1.1496","false","AM420106.1.1496","AM420106.1.1496"
"strong","0.0","JF207434.1.1370","0","JF207434.1.1370","false","JF207434.1.1370","JF207434.1.1370"
"strong","1.0","DQ327276.1.1365","1","DQ327276.1.1365","false","DQ327276.1.1365","DQ327276.1.1365"
"strong","0.0","GU561330.1.1345","0","GU561330.1.1345","false","GU561330.1.1345","GU561330.1.1345"
"strong","0.0","JQ459212.1.1405","0","JQ459212.1.1405","false","JQ459212.1.1405","JQ459212.1.1405"
"strong","1.0","HM347083.1.1331","1","HM347083.1.1331","false","HM347083.1.1331","HM347083.1.1331"
"strong","0.0","JQ466260.1.1419","0","JQ466260.1.1419","false","JQ466260.1.1419","JQ466260.1.1419"
"strong","0.0","JF155629.1.1355","0","JF155629.1.1355","false","JF155629.1.1355","JF155629.1.1355"
"strong","0.0","HQ757541.1.1442","0","HQ757541.1.1442","false","HQ757541.1.1442","HQ757541.1.1442"
"strong","0.0","JQ451673.1.1437","0","JQ451673.1.1437","false","JQ451673.1.1437","JQ451673.1.1437"
"strong","1.0","JQ465929.1.1444","1","JQ465929.1.1444","false","JQ465929.1.1444","JQ465929.1.1444"
"strong","1.0","FJ557743.1.1389","1","FJ557743.1.1389","false","FJ557743.1.1389","FJ557743.1.1389"
"strong","1.0","JQ450455.1.1412","1","JQ450455.1.1412","false","JQ450455.1.1412","JQ450455.1.1412"
"strong","0.0","JQ473107.1.1401","0","JQ473107.1.1401","false","JQ473107.1.1401","JQ473107.1.1401"
"strong","0.0","JF114703.1.1333","0","JF114703.1.1333","false","JF114703.1.1333","JF114703.1.1333"
"strong","1.0","AF385536.1.1504","1","AF385536.1.1504","false","AF385536.1.1504","AF385536.1.1504"
"strong","1.0","GU227175.1.1462","1","GU227175.1.1462","false","GU227175.1.1462","GU227175.1.1462"
"strong","1.0","JQ449590.1.1397","1","JQ449590.1.1397","false","JQ449590.1.1397","JQ449590.1.1397"
"strong","0.0","JQ452555.1.1392","0","JQ452555.1.1392","false","JQ452555.1.1392","JQ452555.1.1392"
"strong","0.0","JF229376.1.1339","0","JF229376.1.1339","false","JF229376.1.1339","JF229376.1.1339"
"strong","0.0","JQ454788.1.1389","0","JQ454788.1.1389","false","JQ454788.1.1389","JQ454788.1.1389"
"strong","1.0","JF141334.1.1371","1","JF141334.1.1371","false","JF141334.1.1371","JF141334.1.1371"
"strong","0.0","GQ068444.1.1362","0","GQ068444.1.1362","false","GQ068444.1.1362","GQ068444.1.1362"
"strong","0.0","GQ000517.1.1387","0","GQ000517.1.1387","false","GQ000517.1.1387","GQ000517.1.1387"
"strong","1.0","KC691177.1.1456","1","KC691177.1.1456","false","KC691177.1.1456","KC691177.1.1456"
"strong","1.0","HM809932.1.1361","1","HM809932.1.1361","false","HM809932.1.1361","HM809932.1.1361"
"strong","1.0","JQ453361.1.1327","1","JQ453361.1.1327","false","JQ453361.1.1327","JQ453361.1.1327"
"strong","1.0","GU227221.1.1448","1","GU227221.1.1448","false","GU227221.1.1448","GU227221.1.1448"
"strong","0.0","JQ470143.1.1399","0","JQ470143.1.1399","false","JQ470143.1.1399","JQ470143.1.1399"
"strong","1.0","AY278625.1.1487","1","AY278625.1.1487","false","AY278625.1.1487","AY278625.1.1487"
"strong","1.0","JQ467024.1.1344","1","JQ467024.1.1344","false","JQ467024.1.1344","JQ467024.1.1344"
"strong","1.0","HQ774387.1.1461","1","HQ774387.1.1461","false","HQ774387.1.1461","HQ774387.1.1461"
"strong","1.0","AY976008.1.1354","1","AY976008.1.1354","false","AY976008.1.1354","AY976008.1.1354"
"strong","1.0","AF458222.1.1493","1","AF458222.1.1493","false","AF458222.1.1493","AF458222.1.1493"
"strong","0.0","JQ474018.1.1417","0","JQ474018.1.1417","false","JQ474018.1.1417","JQ474018.1.1417"
"strong","0.0","GM884491.1.1514","0","GM884491.1.1514","false","GM884491.1.1514","GM884491.1.1514"
"strong","1.0","ACUX02000006.1.1301","1","ACUX02000006.1.1301","false","ACUX02000006.1.1301","ACUX02000006.1.1301"
"strong","1.0","FJ470571.1.1493","1","FJ470571.1.1493","false","FJ470571.1.1493","FJ470571.1.1493"
"strong","1.0","JQ467964.1.1401","1","JQ467964.1.1401","false","JQ467964.1.1401","JQ467964.1.1401"
"strong","1.0","JQ465609.1.1318","1","JQ465609.1.1318","false","JQ465609.1.1318","JQ465609.1.1318"
"strong","0.0","JF122898.1.1348","0","JF122898.1.1348","false","JF122898.1.1348","JF122898.1.1348"
"strong","0.0","FM997429.1.1393","0","FM997429.1.1393","false","FM997429.1.1393","FM997429.1.1393"
"strong","1.0","DQ809192.1.1394","1","DQ809192.1.1394","false","DQ809192.1.1394","DQ809192.1.1394"
"strong","1.0","JN084209.1.1374","1","JN084209.1.1374","false","JN084209.1.1374","JN084209.1.1374"
"strong","0.0","JQ471165.1.1387","0","JQ471165.1.1387","false","JQ471165.1.1387","JQ471165.1.1387"
"strong","0.0","JF146160.1.1334","0","JF146160.1.1334","false","JF146160.1.1334","JF146160.1.1334"
"strong","0.0","JQ471748.1.1409","0","JQ471748.1.1409","false","JQ471748.1.1409","JQ471748.1.1409"
"strong","1.0","JQ451723.1.1397","1","JQ451723.1.1397","false","JQ451723.1.1397","JQ451723.1.1397"
"strong","0.0","JQ467821.1.1363","0","JQ467821.1.1363","false","JQ467821.1.1363","JQ467821.1.1363"
"strong","0.0","JQ468963.1.1376","0","JQ468963.1.1376","false","JQ468963.1.1376","JQ468963.1.1376"
"strong","1.0","AY977912.1.1346","1","AY977912.1.1346","false","AY977912.1.1346","AY977912.1.1346"
"strong","0.0","JQ451739.1.1406","0","JQ451739.1.1406","false","JQ451739.1.1406","JQ451739.1.1406"
"strong","1.0","JQ453094.1.1265","1","JQ453094.1.1265","false","JQ453094.1.1265","JQ453094.1.1265"
"strong","1.0","JF127027.1.1354","1","JF127027.1.1354","false","JF127027.1.1354","JF127027.1.1354"
"strong","0.0","JQ469970.1.1406","0","JQ469970.1.1406","false","JQ469970.1.1406","JQ469970.1.1406"
"strong","1.0","FM997539.1.1427","1","FM997539.1.1427","false","FM997539.1.1427","FM997539.1.1427"
"strong","1.0","JQ460638.1.1395","1","JQ460638.1.1395","false","JQ460638.1.1395","JQ460638.1.1395"
"strong","0.0","JF089031.1.1367","0","JF089031.1.1367","false","JF089031.1.1367","JF089031.1.1367"
"strong","1.0","JX011433.1.1258","1","JX011433.1.1258","false","JX011433.1.1258","JX011433.1.1258"
"strong","0.0","JQ476846.1.1391","0","JQ476846.1.1391","false","JQ476846.1.1391","JQ476846.1.1391"
"strong","1.0","JQ213120.1.1347","1","JQ213120.1.1347","false","JQ213120.1.1347","JQ213120.1.1347"
"strong","0.0","JQ453506.1.1278","0","JQ453506.1.1278","false","JQ453506.1.1278","JQ453506.1.1278"
"strong","1.0","HQ757349.1.1443","1","HQ757349.1.1443","false","HQ757349.1.1443","HQ757349.1.1443"
"strong","1.0","JQ450640.1.1353","1","JQ450640.1.1353","false","JQ450640.1.1353","JQ450640.1.1353"
"strong","0.0","AMEM01000002.1.1339","0","AMEM01000002.1.1339","false","AMEM01000002.1.1339","AMEM01000002.1.1339"
"strong","0.0","JQ454470.1.1394","0","JQ454470.1.1394","false","JQ454470.1.1394","JQ454470.1.1394"
"strong","1.0","FJ763637.1.1406","1","FJ763637.1.1406","false","FJ763637.1.1406","FJ763637.1.1406"
"strong","1.0","AY628416.1.1339","1","AY628416.1.1339","false","AY628416.1.1339","AY628416.1.1339"
"strong","1.0","JQ451050.1.1405","1","JQ451050.1.1405","false","JQ451050.1.1405","JQ451050.1.1405"
"strong","1.0","FJ470440.1.1493","1","FJ470440.1.1493","false","FJ470440.1.1493","FJ470440.1.1493"
"strong","1.0","JF141755.1.1356","1","JF141755.1.1356","false","JF141755.1.1356","JF141755.1.1356"
"strong","1.0","JF127612.1.1359","1","JF127612.1.1359","false","JF127612.1.1359","JF127612.1.1359"
"strong","1.0","JQ472527.1.1353","1","JQ472527.1.1353","false","JQ472527.1.1353","JQ472527.1.1353"
"strong","0.0","JF091690.1.1353","0","JF091690.1.1353","false","JF091690.1.1353","JF091690.1.1353"
"strong","1.0","JF173909.1.1387","1","JF173909.1.1387","false","JF173909.1.1387","JF173909.1.1387"
"strong","1.0","JQ460482.1.1399","1","JQ460482.1.1399","false","JQ460482.1.1399","JQ460482.1.1399"
"strong","0.0","EU767330.1.1363","0","EU767330.1.1363","false","EU767330.1.1363","EU767330.1.1363"
"strong","0.0","JQ452601.1.1231","0","JQ452601.1.1231","false","JQ452601.1.1231","JQ452601.1.1231"
"strong","1.0","FJ470483.1.1514","1","FJ470483.1.1514","false","FJ470483.1.1514","FJ470483.1.1514"
"strong","1.0","AF287771.1.1463","1","AF287771.1.1463","false","AF287771.1.1463","AF287771.1.1463"
"strong","1.0","JQ471962.1.1402","1","JQ471962.1.1402","false","JQ471962.1.1402","JQ471962.1.1402"
"strong","0.0","JF229649.1.1365","0","JF229649.1.1365","false","JF229649.1.1365","JF229649.1.1365"
"strong","0.0","KF385058.1.1410","0","KF385058.1.1410","false","KF385058.1.1410","KF385058.1.1410"
"strong","1.0","JQ455477.1.1394","1","JQ455477.1.1394","false","JQ455477.1.1394","JQ455477.1.1394"
"strong","1.0","GAJK01095101.106.1432","1","GAJK01095101.106.1432","false","GAJK01095101.106.1432","GAJK01095101.106.1432"
"strong","1.0","X80414.1.1415","1","X80414.1.1415","false","X80414.1.1415","X80414.1.1415"
"strong","0.0","JQ457847.1.1403","0","JQ457847.1.1403","false","JQ457847.1.1403","JQ457847.1.1403"
"strong","0.0","JQ455591.1.1393","0","JQ455591.1.1393","false","JQ455591.1.1393","JQ455591.1.1393"
"strong","1.0","JQ451985.1.1383","1","JQ451985.1.1383","false","JQ451985.1.1383","JQ451985.1.1383"
"strong","1.0","JQ469604.1.1393","1","JQ469604.1.1393","false","JQ469604.1.1393","JQ469604.1.1393"
"strong","0.0","JQ452487.1.1287","0","JQ452487.1.1287","false","JQ452487.1.1287","JQ452487.1.1287"
"strong","0.0","FJ470491.1.1516","0","FJ470491.1.1516","false","FJ470491.1.1516","FJ470491.1.1516"
"strong","1.0","HE681269.1.1528","1","HE681269.1.1528","false","HE681269.1.1528","HE681269.1.1528"
"strong","1.0","FJ470433.1.1498","1","FJ470433.1.1498","false","FJ470433.1.1498","FJ470433.1.1498"
"strong","1.0","AF287765.1.1475","1","AF287765.1.1475","false","AF287765.1.1475","AF287765.1.1475"
"strong","0.0","FM997726.1.1414","0","FM997726.1.1414","false","FM997726.1.1414","FM997726.1.1414"
"strong","1.0","AY349363.1.1532","1","AY349363.1.1532","false","AY349363.1.1532","AY349363.1.1532"
"strong","1.0","JF208203.1.1361","1","JF208203.1.1361","false","JF208203.1.1361","JF208203.1.1361"
"strong","1.0","JF151899.1.1372","1","JF151899.1.1372","false","JF151899.1.1372","JF151899.1.1372"
"strong","1.0","AF182837.1.1498","1","AF182837.1.1498","false","AF182837.1.1498","AF182837.1.1498"
"strong","0.0","JQ475488.1.1396","0","JQ475488.1.1396","false","JQ475488.1.1396","JQ475488.1.1396"
"strong","0.0","JQ470905.1.1394","0","JQ470905.1.1394","false","JQ470905.1.1394","JQ470905.1.1394"
"strong","1.0","JQ450650.1.1403","1","JQ450650.1.1403","false","JQ450650.1.1403","JQ450650.1.1403"
"strong","0.0","FJ470514.1.1503","0","FJ470514.1.1503","false","FJ470514.1.1503","FJ470514.1.1503"
"strong","1.0","AJ005635.1.1447","1","AJ005635.1.1447","false","AJ005635.1.1447","AJ005635.1.1447"
"strong","0.0","GQ159687.1.1472","0","GQ159687.1.1472","false","GQ159687.1.1472","GQ159687.1.1472"
"strong","0.0","X67149.1.1349","0","X67149.1.1349","false","X67149.1.1349","X67149.1.1349"
"strong","0.0","JQ449281.1.1398","0","JQ449281.1.1398","false","JQ449281.1.1398","JQ449281.1.1398"
"strong","0.0","DQ012328.1.1486","0","DQ012328.1.1486","false","DQ012328.1.1486","DQ012328.1.1486"
"strong","0.0","JQ654118.1.1498","0","JQ654118.1.1498","false","JQ654118.1.1498","JQ654118.1.1498"
"strong","0.0","DQ003636.1.1454","0","DQ003636.1.1454","false","DQ003636.1.1454","DQ003636.1.1454"
"strong","1.0","JF194500.1.1350","1","JF194500.1.1350","false","JF194500.1.1350","JF194500.1.1350"
"strong","0.0","JQ474792.1.1408","0","JQ474792.1.1408","false","JQ474792.1.1408","JQ474792.1.1408"
"strong","0.0","JQ654192.1.1495","0","JQ654192.1.1495","false","JQ654192.1.1495","JQ654192.1.1495"
"strong","0.0","GU408776.1.1470","0","GU408776.1.1470","false","GU408776.1.1470","GU408776.1.1470"
"strong","1.0","DQ799650.1.1397","1","DQ799650.1.1397","false","DQ799650.1.1397","DQ799650.1.1397"
"strong","1.0","AY005065.1.1524","1","AY005065.1.1524","false","AY005065.1.1524","AY005065.1.1524"
"strong","1.0","EU663607.1.1411","1","EU663607.1.1411","false","EU663607.1.1411","EU663607.1.1411"
"strong","1.0","JQ452463.1.1372","1","JQ452463.1.1372","false","JQ452463.1.1372","JQ452463.1.1372"
"strong","1.0","AF481227.1.1485","1","AF481227.1.1485","false","AF481227.1.1485","AF481227.1.1485"
"strong","0.0","JQ451916.1.1404","0","JQ451916.1.1404","false","JQ451916.1.1404","JQ451916.1.1404"
"strong","1.0","JN713565.1.1497","1","JN713565.1.1497","false","JN713565.1.1497","JN713565.1.1497"
"strong","1.0","AY134896.1.1487","1","AY134896.1.1487","false","AY134896.1.1487","AY134896.1.1487"
"strong","0.0","AJ575186.1.1517","0","AJ575186.1.1517","false","AJ575186.1.1517","AJ575186.1.1517"
"strong","0.0","JF232082.1.1361","0","JF232082.1.1361","false","JF232082.1.1361","JF232082.1.1361"
"strong","1.0","JQ460181.1.1411","1","JQ460181.1.1411","false","JQ460181.1.1411","JQ460181.1.1411"
"strong","1.0","GQ493535.1.1367","1","GQ493535.1.1367","false","GQ493535.1.1367","GQ493535.1.1367"
"strong","1.0","DQ805631.1.1404","1","DQ805631.1.1404","false","DQ805631.1.1404","DQ805631.1.1404"
"strong","0.0","FJ773364.1.1385","0","FJ773364.1.1385","false","FJ773364.1.1385","FJ773364.1.1385"
"strong","1.0","JQ455322.1.1364","1","JQ455322.1.1364","false","JQ455322.1.1364","JQ455322.1.1364"
"strong","0.0","JQ447858.1.1353","0","JQ447858.1.1353","false","JQ447858.1.1353","JQ447858.1.1353"
"strong","1.0","JQ450465.1.1396","1","JQ450465.1.1396","false","JQ450465.1.1396","JQ450465.1.1396"
"strong","0.0","HM318757.1.1360","0","HM318757.1.1360","false","HM318757.1.1360","HM318757.1.1360"
"strong","0.0","JQ452498.1.1373","0","JQ452498.1.1373","false","JQ452498.1.1373","JQ452498.1.1373"
"strong","1.0","HQ760919.1.1471","1","HQ760919.1.1471","false","HQ760919.1.1471","HQ760919.1.1471"
"strong","1.0","JQ473881.1.1382","1","JQ473881.1.1382","false","JQ473881.1.1382","JQ473881.1.1382"
"strong","1.0","JQ472165.1.1399","1","JQ472165.1.1399","false","JQ472165.1.1399","JQ472165.1.1399"
"strong","1.0","JQ469967.1.1348","1","JQ469967.1.1348","false","JQ469967.1.1348","JQ469967.1.1348"
"strong","1.0","JQ468300.1.1423","1","JQ468300.1.1423","false","JQ468300.1.1423","JQ468300.1.1423"
"strong","1.0","HQ769829.1.1443","1","HQ769829.1.1443","false","HQ769829.1.1443","HQ769829.1.1443"
"strong","0.0","JF143288.1.1346","0","JF143288.1.1346","false","JF143288.1.1346","JF143288.1.1346"
"strong","1.0","EF398278.1.1492","1","EF398278.1.1492","false","EF398278.1.1492","EF398278.1.1492"
"strong","1.0","JQ456072.1.1363","1","JQ456072.1.1363","false","JQ456072.1.1363","JQ456072.1.1363"
"strong","1.0","JQ469111.1.1399","1","JQ469111.1.1399","false","JQ469111.1.1399","JQ469111.1.1399"
"strong","1.0","JQ468017.1.1370","1","JQ468017.1.1370","false","JQ468017.1.1370","JQ468017.1.1370"
"strong","0.0","AF465777.1.1248","0","AF465777.1.1248","false","AF465777.1.1248","AF465777.1.1248"
"strong","1.0","FM996790.1.1459","1","FM996790.1.1459","false","FM996790.1.1459","FM996790.1.1459"
"strong","1.0","JQ451079.1.1389","1","JQ451079.1.1389","false","JQ451079.1.1389","JQ451079.1.1389"
"strong","0.0","JQ456783.1.1401","0","JQ456783.1.1401","false","JQ456783.1.1401","JQ456783.1.1401"
"strong","1.0","JQ455281.1.1401","1","JQ455281.1.1401","false","JQ455281.1.1401","JQ455281.1.1401"
"strong","1.0","FJ940882.1.1455","1","FJ940882.1.1455","false","FJ940882.1.1455","FJ940882.1.1455"
"strong","0.0","AM420223.1.1227","0","AM420223.1.1227","false","AM420223.1.1227","AM420223.1.1227"
"strong","0.0","JQ455398.1.1416","0","JQ455398.1.1416","false","JQ455398.1.1416","JQ455398.1.1416"
"strong","0.0","FM995704.1.1414","0","FM995704.1.1414","false","FM995704.1.1414","FM995704.1.1414"
"strong","1.0","JQ452624.1.1328","1","JQ452624.1.1328","false","JQ452624.1.1328","JQ452624.1.1328"
"strong","1.0","AF023029.1.1469","1","AF023029.1.1469","false","AF023029.1.1469","AF023029.1.1469"
"strong","1.0","JQ460809.1.1334","1","JQ460809.1.1334","false","JQ460809.1.1334","JQ460809.1.1334"
"strong","1.0","HM120212.1.1397","1","HM120212.1.1397","false","HM120212.1.1397","HM120212.1.1397"
"strong","1.0","JQ460176.1.1377","1","JQ460176.1.1377","false","JQ460176.1.1377","JQ460176.1.1377"
"strong","1.0","FJ470504.1.1484","1","FJ470504.1.1484","false","FJ470504.1.1484","FJ470504.1.1484"
"strong","1.0","AF481219.1.1486","1","AF481219.1.1486","false","AF481219.1.1486","AF481219.1.1486"
"strong","1.0","AF287776.1.1486","1","AF287776.1.1486","false","AF287776.1.1486","AF287776.1.1486"
"strong","0.0","JQ457774.1.1412","0","JQ457774.1.1412","false","JQ457774.1.1412","JQ457774.1.1412"
"strong","1.0","AY349385.1.1504","1","AY349385.1.1504","false","AY349385.1.1504","AY349385.1.1504"
"strong","0.0","GU561349.1.1403","0","GU561349.1.1403","false","GU561349.1.1403","GU561349.1.1403"
"strong","1.0","KC001222.1.1314","1","KC001222.1.1314","false","KC001222.1.1314","KC001222.1.1314"
"strong","1.0","FJ558274.1.1244","1","FJ558274.1.1244","false","FJ558274.1.1244","FJ558274.1.1244"
"strong","0.0","JQ467354.1.1339","0","JQ467354.1.1339","false","JQ467354.1.1339","JQ467354.1.1339"
"strong","0.0","JQ477996.1.1420","0","JQ477996.1.1420","false","JQ477996.1.1420","JQ477996.1.1420"
"strong","1.0","JQ454854.1.1400","1","JQ454854.1.1400","false","JQ454854.1.1400","JQ454854.1.1400"
"strong","0.0","FJ470463.1.1526","0","FJ470463.1.1526","false","FJ470463.1.1526","FJ470463.1.1526"
"strong","1.0","FJ470413.1.1479","1","FJ470413.1.1479","false","FJ470413.1.1479","FJ470413.1.1479"
"strong","1.0","JQ471785.1.1413","1","JQ471785.1.1413","false","JQ471785.1.1413","JQ471785.1.1413"
"strong","1.0","JQ451972.1.1378","1","JQ451972.1.1378","false","JQ451972.1.1378","JQ451972.1.1378"
"strong","0.0","JQ477944.1.1380","0","JQ477944.1.1380","false","JQ477944.1.1380","JQ477944.1.1380"
"strong","1.0","JQ447910.1.1400","1","JQ447910.1.1400","false","JQ447910.1.1400","JQ447910.1.1400"
"strong","0.0","JF210702.1.1368","0","JF210702.1.1368","false","JF210702.1.1368","JF210702.1.1368"
"strong","1.0","EU764527.1.1303","1","EU764527.1.1303","false","EU764527.1.1303","EU764527.1.1303"
"strong","1.0","JQ448065.1.1401","1","JQ448065.1.1401","false","JQ448065.1.1401","JQ448065.1.1401"
"strong","1.0","EU763146.1.1380","1","EU763146.1.1380","false","EU763146.1.1380","EU763146.1.1380"
"strong","1.0","JF184797.1.1352","1","JF184797.1.1352","false","JF184797.1.1352","JF184797.1.1352"
"strong","0.0","JQ474038.1.1406","0","JQ474038.1.1406","false","JQ474038.1.1406","JQ474038.1.1406"
"strong","1.0","HQ807487.1.1390","1","HQ807487.1.1390","false","HQ807487.1.1390","HQ807487.1.1390"
"strong","1.0","FM873521.1.1477","1","FM873521.1.1477","false","FM873521.1.1477","FM873521.1.1477"
"strong","1.0","JQ475379.1.1403","1","JQ475379.1.1403","false","JQ475379.1.1403","JQ475379.1.1403"
"strong","0.0","GM884218.1.1502","0","GM884218.1.1502","false","GM884218.1.1502","GM884218.1.1502"
"strong","0.0","JQ466557.1.1399","0","JQ466557.1.1399","false","JQ466557.1.1399","JQ466557.1.1399"
"strong","1.0","JF186297.1.1367","1","JF186297.1.1367","false","JF186297.1.1367","JF186297.1.1367"
"strong","1.0","HQ777058.1.1403","1","HQ777058.1.1403","false","HQ777058.1.1403","HQ777058.1.1403"
"strong","0.0","JQ474056.1.1401","0","JQ474056.1.1401","false","JQ474056.1.1401","JQ474056.1.1401"
"strong","0.0","JQ468087.1.1402","0","JQ468087.1.1402","false","JQ468087.1.1402","JQ468087.1.1402"
"strong","0.0","JF130890.1.1361","0","JF130890.1.1361","false","JF130890.1.1361","JF130890.1.1361"
"strong","0.0","GU408663.1.1463","0","GU408663.1.1463","false","GU408663.1.1463","GU408663.1.1463"
"strong","1.0","JF146217.1.1372","1","JF146217.1.1372","false","JF146217.1.1372","JF146217.1.1372"
"strong","1.0","JF229621.1.1361","1","JF229621.1.1361","false","JF229621.1.1361","JF229621.1.1361"
"strong","1.0","JQ465867.1.1296","1","JQ465867.1.1296","false","JQ465867.1.1296","JQ465867.1.1296"
"strong","1.0","AEQO01000237.30.1459","1","AEQO01000237.30.1459","false","AEQO01000237.30.1459","AEQO01000237.30.1459"
"strong","1.0","FM996618.1.1476","1","FM996618.1.1476","false","FM996618.1.1476","FM996618.1.1476"
"strong","0.0","JQ475429.1.1392","0","JQ475429.1.1392","false","JQ475429.1.1392","JQ475429.1.1392"
"strong","1.0","JQ447773.1.1374","1","JQ447773.1.1374","false","JQ447773.1.1374","JQ447773.1.1374"
"strong","1.0","JQ467992.1.1381","1","JQ467992.1.1381","false","JQ467992.1.1381","JQ467992.1.1381"
"strong","0.0","JQ475838.1.1418","0","JQ475838.1.1418","false","JQ475838.1.1418","JQ475838.1.1418"
"strong","1.0","AY423746.1.1420","1","AY423746.1.1420","false","AY423746.1.1420","AY423746.1.1420"
"strong","0.0","JQ472192.1.1400","0","JQ472192.1.1400","false","JQ472192.1.1400","JQ472192.1.1400"
"strong","1.0","AY349366.1.1543","1","AY349366.1.1543","false","AY349366.1.1543","AY349366.1.1543"
"strong","0.0","JQ478228.1.1397","0","JQ478228.1.1397","false","JQ478228.1.1397","JQ478228.1.1397"
"strong","1.0","JQ455215.1.1370","1","JQ455215.1.1370","false","JQ455215.1.1370","JQ455215.1.1370"
"strong","1.0","JF150911.1.1363","1","JF150911.1.1363","false","JF150911.1.1363","JF150911.1.1363"
"strong","0.0","GU427479.1.1458","0","GU427479.1.1458","false","GU427479.1.1458","GU427479.1.1458"
"strong","1.0","FM996527.1.1514","1","FM996527.1.1514","false","FM996527.1.1514","FM996527.1.1514"
"strong","1.0","JQ467859.1.1398","1","JQ467859.1.1398","false","JQ467859.1.1398","JQ467859.1.1398"
"strong","1.0","EU768384.1.1367","1","EU768384.1.1367","false","EU768384.1.1367","EU768384.1.1367"
"strong","1.0","GU432165.1.1236","1","GU432165.1.1236","false","GU432165.1.1236","GU432165.1.1236"
"strong","0.0","JQ452714.1.1417","0","JQ452714.1.1417","false","JQ452714.1.1417","JQ452714.1.1417"
"strong","1.0","GU188566.1.1436","1","GU188566.1.1436","false","GU188566.1.1436","GU188566.1.1436"
"strong","1.0","Y09959.1.1443","1","Y09959.1.1443","false","Y09959.1.1443","Y09959.1.1443"
"strong","1.0","JF220326.1.1362","1","JF220326.1.1362","false","JF220326.1.1362","JF220326.1.1362"
"strong","0.0","GQ167660.1.1449","0","GQ167660.1.1449","false","GQ167660.1.1449","GQ167660.1.1449"
"strong","0.0","JQ475464.1.1374","0","JQ475464.1.1374","false","JQ475464.1.1374","JQ475464.1.1374"
"strong","1.0","JQ467066.1.1389","1","JQ467066.1.1389","false","JQ467066.1.1389","JQ467066.1.1389"
"strong","0.0","ADGQ01000048.63.1487","0","ADGQ01000048.63.1487","false","ADGQ01000048.63.1487","ADGQ01000048.63.1487"
"strong","0.0","HE681404.1.1531","0","HE681404.1.1531","false","HE681404.1.1531","HE681404.1.1531"
"strong","1.0","AGEJ01000008.84769.86302","1","AGEJ01000008.84769.86302","false","AGEJ01000008.84769.86302","AGEJ01000008.84769.86302"
"strong","0.0","JQ654203.1.1499","0","JQ654203.1.1499","false","JQ654203.1.1499","JQ654203.1.1499"
"strong","0.0","JQ455231.1.1360","0","JQ455231.1.1360","false","JQ455231.1.1360","JQ455231.1.1360"
"strong","0.0","JF187745.1.1356","0","JF187745.1.1356","false","JF187745.1.1356","JF187745.1.1356"
"strong","0.0","JQ457591.1.1392","0","JQ457591.1.1392","false","JQ457591.1.1392","JQ457591.1.1392"
"strong","1.0","GU561415.1.1420","1","GU561415.1.1420","false","GU561415.1.1420","GU561415.1.1420"
"strong","1.0","AF432140.1.1538","1","AF432140.1.1538","false","AF432140.1.1538","AF432140.1.1538"
"strong","1.0","JQ359082.1.1446","1","JQ359082.1.1446","false","JQ359082.1.1446","JQ359082.1.1446"
"strong","0.0","JQ455178.1.1375","0","JQ455178.1.1375","false","JQ455178.1.1375","JQ455178.1.1375"
"strong","0.0","JF214839.1.1367","0","JF214839.1.1367","false","JF214839.1.1367","JF214839.1.1367"
"strong","1.0","HM172666.1.1381","1","HM172666.1.1381","false","HM172666.1.1381","HM172666.1.1381"
"strong","1.0","JQ473788.1.1402","1","JQ473788.1.1402","false","JQ473788.1.1402","JQ473788.1.1402"
"strong","1.0","HE681346.1.1511","1","HE681346.1.1511","false","HE681346.1.1511","HE681346.1.1511"
"strong","1.0","GU227180.1.1441","1","GU227180.1.1441","false","GU227180.1.1441","GU227180.1.1441"
"strong","1.0","DQ009624.1.1492","1","DQ009624.1.1492","false","DQ009624.1.1492","DQ009624.1.1492"
"strong","1.0","JQ454461.1.1386","1","JQ454461.1.1386","false","JQ454461.1.1386","JQ454461.1.1386"
"strong","1.0","JQ455291.1.1388","1","JQ455291.1.1388","false","JQ455291.1.1388","JQ455291.1.1388"
"strong","0.0","JQ475311.1.1396","0","JQ475311.1.1396","false","JQ475311.1.1396","JQ475311.1.1396"
"strong","1.0","DQ016716.1.1447","1","DQ016716.1.1447","false","DQ016716.1.1447","DQ016716.1.1447"
"strong","0.0","JQ447821.1.1420","0","JQ447821.1.1420","false","JQ447821.1.1420","JQ447821.1.1420"
"strong","0.0","JQ448053.1.1401","0","JQ448053.1.1401","false","JQ448053.1.1401","JQ448053.1.1401"
"strong","0.0","JQ474008.1.1251","0","JQ474008.1.1251","false","JQ474008.1.1251","JQ474008.1.1251"
"strong","1.0","AF550650.1.1555","1","AF550650.1.1555","false","AF550650.1.1555","AF550650.1.1555"
"strong","1.0","JF241929.1.1349","1","JF241929.1.1349","false","JF241929.1.1349","JF241929.1.1349"
"strong","1.0","AY323228.1.1374","1","AY323228.1.1374","false","AY323228.1.1374","AY323228.1.1374"
"strong","0.0","JF220365.1.1371","0","JF220365.1.1371","false","JF220365.1.1371","JF220365.1.1371"
"strong","1.0","JQ452653.1.1393","1","JQ452653.1.1393","false","JQ452653.1.1393","JQ452653.1.1393"
"strong","1.0","JF231403.1.1360","1","JF231403.1.1360","false","JF231403.1.1360","JF231403.1.1360"
"strong","0.0","JF231450.1.1376","0","JF231450.1.1376","false","JF231450.1.1376","JF231450.1.1376"
"strong","1.0","GU413658.1.1224","1","GU413658.1.1224","false","GU413658.1.1224","GU413658.1.1224"
"strong","1.0","JQ460464.1.1400","1","JQ460464.1.1400","false","JQ460464.1.1400","JQ460464.1.1400"
"strong","1.0","JQ460232.1.1325","1","JQ460232.1.1325","false","JQ460232.1.1325","JQ460232.1.1325"
"strong","1.0","JQ452399.1.1408","1","JQ452399.1.1408","false","JQ452399.1.1408","JQ452399.1.1408"
"strong","1.0","EF398318.1.1492","1","EF398318.1.1492","false","EF398318.1.1492","EF398318.1.1492"
"strong","0.0","JF238916.1.1371","0","JF238916.1.1371","false","JF238916.1.1371","JF238916.1.1371"
"strong","1.0","GU227192.1.1474","1","GU227192.1.1474","false","GU227192.1.1474","GU227192.1.1474"
"strong","1.0","JQ455381.1.1314","1","JQ455381.1.1314","false","JQ455381.1.1314","JQ455381.1.1314"
"strong","1.0","JQ450352.1.1377","1","JQ450352.1.1377","false","JQ450352.1.1377","JQ450352.1.1377"
"strong","0.0","JQ467321.1.1393","0","JQ467321.1.1393","false","JQ467321.1.1393","JQ467321.1.1393"
"strong","1.0","JQ467268.1.1377","1","JQ467268.1.1377","false","JQ467268.1.1377","JQ467268.1.1377"
"strong","0.0","JQ456596.1.1360","0","JQ456596.1.1360","false","JQ456596.1.1360","JQ456596.1.1360"
"strong","0.0","AB002520.1.1377","0","AB002520.1.1377","false","AB002520.1.1377","AB002520.1.1377"
"strong","1.0","JQ458048.1.1399","1","JQ458048.1.1399","false","JQ458048.1.1399","JQ458048.1.1399"
"strong","1.0","HQ767656.1.1441","1","HQ767656.1.1441","false","HQ767656.1.1441","HQ767656.1.1441"
"strong","0.0","JQ453331.1.1427","0","JQ453331.1.1427","false","JQ453331.1.1427","JQ453331.1.1427"
"strong","1.0","DQ798181.1.1398","1","DQ798181.1.1398","false","DQ798181.1.1398","DQ798181.1.1398"
"strong","1.0","DQ793884.1.1391","1","DQ793884.1.1391","false","DQ793884.1.1391","DQ793884.1.1391"
"strong","1.0","FJ371726.1.1358","1","FJ371726.1.1358","false","FJ371726.1.1358","FJ371726.1.1358"
"strong","1.0","JF047012.1.1369","1","JF047012.1.1369","false","JF047012.1.1369","JF047012.1.1369"
"strong","1.0","JF000204.1.1365","1","JF000204.1.1365","false","JF000204.1.1365","JF000204.1.1365"
"strong","0.0","JQ463508.1.1424","0","JQ463508.1.1424","false","JQ463508.1.1424","JQ463508.1.1424"
"strong","1.0","JQ454720.1.1398","1","JQ454720.1.1398","false","JQ454720.1.1398","JQ454720.1.1398"
"strong","1.0","JQ455434.1.1437","1","JQ455434.1.1437","false","JQ455434.1.1437","JQ455434.1.1437"
"strong","0.0","JQ452987.1.1399","0","JQ452987.1.1399","false","JQ452987.1.1399","JQ452987.1.1399"
"strong","1.0","JQ474837.1.1402","1","JQ474837.1.1402","false","JQ474837.1.1402","JQ474837.1.1402"
"strong","0.0","JQ456725.1.1406","0","JQ456725.1.1406","false","JQ456725.1.1406","JQ456725.1.1406"
"strong","1.0","FJ557967.1.1399","1","FJ557967.1.1399","false","FJ557967.1.1399","FJ557967.1.1399"
"strong","1.0","JQ462350.1.1310","1","JQ462350.1.1310","false","JQ462350.1.1310","JQ462350.1.1310"
"strong","0.0","JQ475598.1.1396","0","JQ475598.1.1396","false","JQ475598.1.1396","JQ475598.1.1396"
"strong","0.0","JQ452455.1.1354","0","JQ452455.1.1354","false","JQ452455.1.1354","JQ452455.1.1354"
"strong","1.0","JF115339.1.1339","1","JF115339.1.1339","false","JF115339.1.1339","JF115339.1.1339"
"strong","1.0","JQ855614.1.1252","1","JQ855614.1.1252","false","JQ855614.1.1252","JQ855614.1.1252"
"strong","1.0","JF116233.1.1347","1","JF116233.1.1347","false","JF116233.1.1347","JF116233.1.1347"
"strong","1.0","EU762681.1.1284","1","EU762681.1.1284","false","EU762681.1.1284","EU762681.1.1284"
"strong","1.0","AY850116.1.1431","1","AY850116.1.1431","false","AY850116.1.1431","AY850116.1.1431"
"strong","0.0","JQ472197.1.1406","0","JQ472197.1.1406","false","JQ472197.1.1406","JQ472197.1.1406"
"strong","1.0","FJ823141.1.1435","1","FJ823141.1.1435","false","FJ823141.1.1435","FJ823141.1.1435"
"strong","0.0","JQ450584.1.1399","0","JQ450584.1.1399","false","JQ450584.1.1399","JQ450584.1.1399"
"strong","1.0","JF160083.1.1354","1","JF160083.1.1354","false","JF160083.1.1354","JF160083.1.1354"
"strong","1.0","JF220935.1.1372","1","JF220935.1.1372","false","JF220935.1.1372","JF220935.1.1372"
"strong","1.0","JF139927.1.1372","1","JF139927.1.1372","false","JF139927.1.1372","JF139927.1.1372"
"strong","1.0","JF058121.1.1279","1","JF058121.1.1279","false","JF058121.1.1279","JF058121.1.1279"
"strong","1.0","JF118670.1.1349","1","JF118670.1.1349","false","JF118670.1.1349","JF118670.1.1349"
"strong","1.0","JQ469086.1.1416","1","JQ469086.1.1416","false","JQ469086.1.1416","JQ469086.1.1416"
"strong","0.0","JQ474225.1.1386","0","JQ474225.1.1386","false","JQ474225.1.1386","JQ474225.1.1386"
"strong","1.0","ACON01000003.712136.713636","1","ACON01000003.712136.713636","false","ACON01000003.712136.713636","ACON01000003.712136.713636"
"strong","1.0","FJ470579.1.1493","1","FJ470579.1.1493","false","FJ470579.1.1493","FJ470579.1.1493"
"strong","1.0","AY253728.1.1441","1","AY253728.1.1441","false","AY253728.1.1441","AY253728.1.1441"
"strong","1.0","EU681966.1.1347","1","EU681966.1.1347","false","EU681966.1.1347","EU681966.1.1347"
"strong","1.0","JQ456289.1.1338","1","JQ456289.1.1338","false","JQ456289.1.1338","JQ456289.1.1338"
"strong","1.0","DQ798038.1.1408","1","DQ798038.1.1408","false","DQ798038.1.1408","DQ798038.1.1408"
"strong","1.0","JQ459484.1.1409","1","JQ459484.1.1409","false","JQ459484.1.1409","JQ459484.1.1409"
"strong","1.0","EF091840.1.1407","1","EF091840.1.1407","false","EF091840.1.1407","EF091840.1.1407"
"strong","1.0","KF385053.1.1517","1","KF385053.1.1517","false","KF385053.1.1517","KF385053.1.1517"
"strong","1.0","EU790198.1.1235","1","EU790198.1.1235","false","EU790198.1.1235","EU790198.1.1235"
"strong","1.0","FJ503749.1.1320","1","FJ503749.1.1320","false","FJ503749.1.1320","FJ503749.1.1320"
"strong","0.0","FJ470415.1.1512","0","FJ470415.1.1512","false","FJ470415.1.1512","FJ470415.1.1512"
"strong","1.0","JQ466881.1.1344","1","JQ466881.1.1344","false","JQ466881.1.1344","JQ466881.1.1344"
"strong","1.0","JQ452435.1.1382","1","JQ452435.1.1382","false","JQ452435.1.1382","JQ452435.1.1382"
"strong","1.0","JQ452441.1.1350","1","JQ452441.1.1350","false","JQ452441.1.1350","JQ452441.1.1350"
"strong","0.0","JQ450183.1.1376","0","JQ450183.1.1376","false","JQ450183.1.1376","JQ450183.1.1376"
"strong","1.0","GU227181.1.1453","1","GU227181.1.1453","false","GU227181.1.1453","GU227181.1.1453"
"strong","0.0","JQ467944.1.1397","0","JQ467944.1.1397","false","JQ467944.1.1397","JQ467944.1.1397"
"strong","0.0","GU400649.1.1435","0","GU400649.1.1435","false","GU400649.1.1435","GU400649.1.1435"
"strong","0.0","JF240333.1.1372","0","JF240333.1.1372","false","JF240333.1.1372","JF240333.1.1372"
"strong","1.0","JQ467983.1.1392","1","JQ467983.1.1392","false","JQ467983.1.1392","JQ467983.1.1392"
"strong","0.0","EU669566.1.1536","0","EU669566.1.1536","false","EU669566.1.1536","EU669566.1.1536"
"strong","1.0","FJ470503.1.1504","1","FJ470503.1.1504","false","FJ470503.1.1504","FJ470503.1.1504"
"strong","0.0","JF803528.1.1394","0","JF803528.1.1394","false","JF803528.1.1394","JF803528.1.1394"
"strong","1.0","JQ452522.1.1379","1","JQ452522.1.1379","false","JQ452522.1.1379","JQ452522.1.1379"
"strong","0.0","AB643464.1.1414","0","AB643464.1.1414","false","AB643464.1.1414","AB643464.1.1414"
"strong","1.0","GQ010645.1.1361","1","GQ010645.1.1361","false","GQ010645.1.1361","GQ010645.1.1361"
"strong","1.0","JQ451290.1.1409","1","JQ451290.1.1409","false","JQ451290.1.1409","JQ451290.1.1409"
"strong","0.0","JQ455449.1.1379","0","JQ455449.1.1379","false","JQ455449.1.1379","JQ455449.1.1379"
"strong","0.0","JQ462618.1.1403","0","JQ462618.1.1403","false","JQ462618.1.1403","JQ462618.1.1403"
"strong","0.0","JQ475515.1.1389","0","JQ475515.1.1389","false","JQ475515.1.1389","JQ475515.1.1389"
"strong","1.0","EF517956.1.1666","1","EF517956.1.1666","false","EF517956.1.1666","EF517956.1.1666"
"strong","1.0","DQ824571.1.1393","1","DQ824571.1.1393","false","DQ824571.1.1393","DQ824571.1.1393"
"strong","1.0","AM420251.1.1246","1","AM420251.1.1246","false","AM420251.1.1246","AM420251.1.1246"
"strong","1.0","AM980448.1.1422","1","AM980448.1.1422","false","AM980448.1.1422","AM980448.1.1422"
"strong","1.0","HE681352.1.1518","1","HE681352.1.1518","false","HE681352.1.1518","HE681352.1.1518"
"strong","0.0","JQ465148.1.1398","0","JQ465148.1.1398","false","JQ465148.1.1398","JQ465148.1.1398"
"strong","1.0","DQ797298.1.1291","1","DQ797298.1.1291","false","DQ797298.1.1291","DQ797298.1.1291"
"strong","1.0","DQ809018.1.1280","1","DQ809018.1.1280","false","DQ809018.1.1280","DQ809018.1.1280"
"strong","1.0","HQ762278.1.1450","1","HQ762278.1.1450","false","HQ762278.1.1450","HQ762278.1.1450"
"strong","1.0","AJZS01000099.7315.8789","1","AJZS01000099.7315.8789","false","AJZS01000099.7315.8789","AJZS01000099.7315.8789"
"strong","1.0","GQ338720.1.1529","1","GQ338720.1.1529","false","GQ338720.1.1529","GQ338720.1.1529"
"strong","1.0","JQ475259.1.1382","1","JQ475259.1.1382","false","JQ475259.1.1382","JQ475259.1.1382"
"strong","0.0","AJ010963.1.1494","0","AJ010963.1.1494","false","AJ010963.1.1494","AJ010963.1.1494"
"strong","0.0","JF134055.1.1368","0","JF134055.1.1368","false","JF134055.1.1368","JF134055.1.1368"
"strong","1.0","AF287780.1.1494","1","AF287780.1.1494","false","AF287780.1.1494","AF287780.1.1494"
"strong","1.0","JQ453474.1.1347","1","JQ453474.1.1347","false","JQ453474.1.1347","JQ453474.1.1347"
"strong","1.0","JQ467884.1.1404","1","JQ467884.1.1404","false","JQ467884.1.1404","JQ467884.1.1404"
"strong","0.0","JQ461335.1.1385","0","JQ461335.1.1385","false","JQ461335.1.1385","JQ461335.1.1385"
"strong","1.0","JQ448506.1.1413","1","JQ448506.1.1413","false","JQ448506.1.1413","JQ448506.1.1413"
"strong","1.0","DQ824105.1.1398","1","DQ824105.1.1398","false","DQ824105.1.1398","DQ824105.1.1398"
"strong","1.0","EU236222.1.1374","1","EU236222.1.1374","false","EU236222.1.1374","EU236222.1.1374"
"strong","0.0","JQ447690.1.1420","0","JQ447690.1.1420","false","JQ447690.1.1420","JQ447690.1.1420"
"strong","1.0","JF709905.1.1429","1","JF709905.1.1429","false","JF709905.1.1429","JF709905.1.1429"
"strong","1.0","AF366269.1.1534","1","AF366269.1.1534","false","AF366269.1.1534","AF366269.1.1534"
"strong","1.0","JQ463941.1.1379","1","JQ463941.1.1379","false","JQ463941.1.1379","JQ463941.1.1379"
"strong","0.0","JQ452508.1.1385","0","JQ452508.1.1385","false","JQ452508.1.1385","JQ452508.1.1385"
"strong","1.0","GQ158076.1.1476","1","GQ158076.1.1476","false","GQ158076.1.1476","GQ158076.1.1476"
"strong","0.0","HQ799702.1.1442","0","HQ799702.1.1442","false","HQ799702.1.1442","HQ799702.1.1442"
"strong","0.0","HM312822.1.1357","0","HM312822.1.1357","false","HM312822.1.1357","HM312822.1.1357"
"strong","1.0","JQ463435.1.1396","1","JQ463435.1.1396","false","JQ463435.1.1396","JQ463435.1.1396"
"strong","1.0","AY953260.1.1527","1","AY953260.1.1527","false","AY953260.1.1527","AY953260.1.1527"
"strong","0.0","FM996957.1.1473","0","FM996957.1.1473","false","FM996957.1.1473","FM996957.1.1473"
"strong","1.0","JQ449973.1.1393","1","JQ449973.1.1393","false","JQ449973.1.1393","JQ449973.1.1393"
"strong","1.0","GQ010625.1.1348","1","GQ010625.1.1348","false","GQ010625.1.1348","GQ010625.1.1348"
"strong","1.0","JF803601.1.1386","1","JF803601.1.1386","false","JF803601.1.1386","JF803601.1.1386"
"strong","1.0","JQ466224.1.1311","1","JQ466224.1.1311","false","JQ466224.1.1311","JQ466224.1.1311"
"strong","1.0","JQ472032.1.1340","1","JQ472032.1.1340","false","JQ472032.1.1340","JQ472032.1.1340"
"strong","1.0","EF511159.1.1419","1","EF511159.1.1419","false","EF511159.1.1419","EF511159.1.1419"
"strong","0.0","JQ467220.1.1402","0","JQ467220.1.1402","false","JQ467220.1.1402","JQ467220.1.1402"
"strong","1.0","JQ447706.1.1383","1","JQ447706.1.1383","false","JQ447706.1.1383","JQ447706.1.1383"
"strong","1.0","JQ465727.1.1352","1","JQ465727.1.1352","false","JQ465727.1.1352","JQ465727.1.1352"
"strong","1.0","JF140904.1.1363","1","JF140904.1.1363","false","JF140904.1.1363","JF140904.1.1363"
"strong","1.0","JQ469831.1.1349","1","JQ469831.1.1349","false","JQ469831.1.1349","JQ469831.1.1349"
"strong","1.0","AF538861.1.1476","1","AF538861.1.1476","false","AF538861.1.1476","AF538861.1.1476"
"strong","0.0","JQ474147.1.1380","0","JQ474147.1.1380","false","JQ474147.1.1380","JQ474147.1.1380"
"strong","1.0","JF175191.1.1373","1","JF175191.1.1373","false","JF175191.1.1373","JF175191.1.1373"
"strong","0.0","EF511181.1.1499","0","EF511181.1.1499","false","EF511181.1.1499","EF511181.1.1499"
"strong","0.0","JQ452670.1.1361","0","JQ452670.1.1361","false","JQ452670.1.1361","JQ452670.1.1361"
"strong","0.0","JQ456138.1.1363","0","JQ456138.1.1363","false","JQ456138.1.1363","JQ456138.1.1363"
"strong","1.0","JQ477249.1.1397","1","JQ477249.1.1397","false","JQ477249.1.1397","JQ477249.1.1397"
"strong","1.0","HE681362.1.1508","1","HE681362.1.1508","false","HE681362.1.1508","HE681362.1.1508"
"strong","1.0","FJ470510.1.1487","1","FJ470510.1.1487","false","FJ470510.1.1487","FJ470510.1.1487"
"strong","0.0","FJ470471.1.1535","0","FJ470471.1.1535","false","FJ470471.1.1535","FJ470471.1.1535"
"strong","1.0","HM294535.1.1353","1","HM294535.1.1353","false","HM294535.1.1353","HM294535.1.1353"
"strong","1.0","JQ467148.1.1286","1","JQ467148.1.1286","false","JQ467148.1.1286","JQ467148.1.1286"
"strong","1.0","JF177519.1.1333","1","JF177519.1.1333","false","JF177519.1.1333","JF177519.1.1333"
"strong","1.0","JN713378.1.1525","1","JN713378.1.1525","false","JN713378.1.1525","JN713378.1.1525"
"strong","1.0","AY134905.1.1504","1","AY134905.1.1504","false","AY134905.1.1504","AY134905.1.1504"
"strong","1.0","FJ557307.1.1402","1","FJ557307.1.1402","false","FJ557307.1.1402","FJ557307.1.1402"
"strong","0.0","JQ452301.1.1384","0","JQ452301.1.1384","false","JQ452301.1.1384","JQ452301.1.1384"
"strong","1.0","FJ470511.1.1458","1","FJ470511.1.1458","false","FJ470511.1.1458","FJ470511.1.1458"
"strong","1.0","GQ047360.1.1358","1","GQ047360.1.1358","false","GQ047360.1.1358","GQ047360.1.1358"
"strong","0.0","JQ468030.1.1401","0","JQ468030.1.1401","false","JQ468030.1.1401","JQ468030.1.1401"
"strong","1.0","DQ805884.1.1399","1","DQ805884.1.1399","false","DQ805884.1.1399","DQ805884.1.1399"
"strong","1.0","EU764628.1.1356","1","EU764628.1.1356","false","EU764628.1.1356","EU764628.1.1356"
"strong","1.0","FJ557325.1.1390","1","FJ557325.1.1390","false","FJ557325.1.1390","FJ557325.1.1390"
"strong","1.0","AF385517.1.1525","1","AF385517.1.1525","false","AF385517.1.1525","AF385517.1.1525"
"strong","1.0","JF151430.1.1347","1","JF151430.1.1347","false","JF151430.1.1347","JF151430.1.1347"
"strong","0.0","JQ477578.1.1386","0","JQ477578.1.1386","false","JQ477578.1.1386","JQ477578.1.1386"
"strong","0.0","JQ460155.1.1401","0","JQ460155.1.1401","false","JQ460155.1.1401","JQ460155.1.1401"
"strong","0.0","GQ030562.1.1369","0","GQ030562.1.1369","false","GQ030562.1.1369","GQ030562.1.1369"
"strong","0.0","HQ805158.1.1469","0","HQ805158.1.1469","false","HQ805158.1.1469","HQ805158.1.1469"
"strong","1.0","AXUQ01000035.65.1481","1","AXUQ01000035.65.1481","false","AXUQ01000035.65.1481","AXUQ01000035.65.1481"
"strong","1.0","JQ478180.1.1372","1","JQ478180.1.1372","false","JQ478180.1.1372","JQ478180.1.1372"
"strong","1.0","JQ469155.1.1380","1","JQ469155.1.1380","false","JQ469155.1.1380","JQ469155.1.1380"
"strong","1.0","GU400587.1.1441","1","GU400587.1.1441","false","GU400587.1.1441","GU400587.1.1441"
"strong","0.0","HE681248.1.1520","0","HE681248.1.1520","false","HE681248.1.1520","HE681248.1.1520"
"strong","0.0","JQ654183.1.1495","0","JQ654183.1.1495","false","JQ654183.1.1495","JQ654183.1.1495"
"strong","1.0","JQ467910.1.1405","1","JQ467910.1.1405","false","JQ467910.1.1405","JQ467910.1.1405"
"strong","1.0","EF154271.1.1419","1","EF154271.1.1419","false","EF154271.1.1419","EF154271.1.1419"
"strong","0.0","JQ468479.1.1415","0","JQ468479.1.1415","false","JQ468479.1.1415","JQ468479.1.1415"
"strong","0.0","JX294354.1.1467","0","JX294354.1.1467","false","JX294354.1.1467","JX294354.1.1467"
"strong","0.0","FM997533.1.1446","0","FM997533.1.1446","false","FM997533.1.1446","FM997533.1.1446"
"strong","1.0","GU409549.1.1209","1","GU409549.1.1209","false","GU409549.1.1209","GU409549.1.1209"
"strong","0.0","JQ467793.1.1389","0","JQ467793.1.1389","false","JQ467793.1.1389","JQ467793.1.1389"
"strong","1.0","JQ465904.1.1391","1","JQ465904.1.1391","false","JQ465904.1.1391","JQ465904.1.1391"
"strong","1.0","JQ453458.1.1382","1","JQ453458.1.1382","false","JQ453458.1.1382","JQ453458.1.1382"
"strong","0.0","JQ467789.1.1279","0","JQ467789.1.1279","false","JQ467789.1.1279","JQ467789.1.1279"
"strong","1.0","JQ471117.1.1399","1","JQ471117.1.1399","false","JQ471117.1.1399","JQ471117.1.1399"
"strong","0.0","ACZS01000106.131.1559","0","ACZS01000106.131.1559","false","ACZS01000106.131.1559","ACZS01000106.131.1559"
"strong","1.0","JQ472834.1.1394","1","JQ472834.1.1394","false","JQ472834.1.1394","JQ472834.1.1394"
"strong","1.0","JQ457812.1.1407","1","JQ457812.1.1407","false","JQ457812.1.1407","JQ457812.1.1407"
"strong","0.0","EU762705.1.1383","0","EU762705.1.1383","false","EU762705.1.1383","EU762705.1.1383"
"strong","0.0","AY188348.1.1545","0","AY188348.1.1545","false","AY188348.1.1545","AY188348.1.1545"
"strong","1.0","JF151842.1.1344","1","JF151842.1.1344","false","JF151842.1.1344","JF151842.1.1344"
"strong","1.0","JF155347.1.1355","1","JF155347.1.1355","false","JF155347.1.1355","JF155347.1.1355"
"strong","1.0","JQ454765.1.1354","1","JQ454765.1.1354","false","JQ454765.1.1354","JQ454765.1.1354"
"strong","1.0","JQ450631.1.1396","1","JQ450631.1.1396","false","JQ450631.1.1396","JQ450631.1.1396"
"strong","1.0","AY207050.1.1452","1","AY207050.1.1452","false","AY207050.1.1452","AY207050.1.1452"
"strong","1.0","DQ808859.1.1280","1","DQ808859.1.1280","false","DQ808859.1.1280","DQ808859.1.1280"
"strong","1.0","DQ798189.1.1370","1","DQ798189.1.1370","false","DQ798189.1.1370","DQ798189.1.1370"
"strong","1.0","EU765443.1.1348","1","EU765443.1.1348","false","EU765443.1.1348","EU765443.1.1348"
"strong","0.0","JQ463641.1.1385","0","JQ463641.1.1385","false","JQ463641.1.1385","JQ463641.1.1385"
"strong","0.0","JQ452519.1.1326","0","JQ452519.1.1326","false","JQ452519.1.1326","JQ452519.1.1326"
"strong","1.0","AY922111.1.1395","1","AY922111.1.1395","false","AY922111.1.1395","AY922111.1.1395"
"strong","1.0","GU118178.1.1404","1","GU118178.1.1404","false","GU118178.1.1404","GU118178.1.1404"
"strong","1.0","EF399991.1.1493","1","EF399991.1.1493","false","EF399991.1.1493","EF399991.1.1493"
"strong","1.0","HQ774884.1.1441","1","HQ774884.1.1441","false","HQ774884.1.1441","HQ774884.1.1441"
"strong","1.0","JQ462826.1.1403","1","JQ462826.1.1403","false","JQ462826.1.1403","JQ462826.1.1403"
"strong","1.0","JQ463667.1.1394","1","JQ463667.1.1394","false","JQ463667.1.1394","JQ463667.1.1394"
"strong","1.0","JQ472095.1.1364","1","JQ472095.1.1364","false","JQ472095.1.1364","JQ472095.1.1364"
"strong","0.0","HQ807557.1.1454","0","HQ807557.1.1454","false","HQ807557.1.1454","HQ807557.1.1454"
"strong","1.0","EU452588.1.1419","1","EU452588.1.1419","false","EU452588.1.1419","EU452588.1.1419"
"strong","1.0","JF002739.1.1368","1","JF002739.1.1368","false","JF002739.1.1368","JF002739.1.1368"
"strong","1.0","EF096151.1.1341","1","EF096151.1.1341","false","EF096151.1.1341","EF096151.1.1341"
"strong","1.0","KF312691.1.1439","1","KF312691.1.1439","false","KF312691.1.1439","KF312691.1.1439"
"strong","1.0","EU451649.1.1430","1","EU451649.1.1430","false","EU451649.1.1430","EU451649.1.1430"
"strong","1.0","HQ744682.1.1460","1","HQ744682.1.1460","false","HQ744682.1.1460","HQ744682.1.1460"
"strong","1.0","JF240084.1.1380","1","JF240084.1.1380","false","JF240084.1.1380","JF240084.1.1380"
"strong","0.0","CP003368.578899.580323","0","CP003368.578899.580323","false","CP003368.578899.580323","CP003368.578899.580323"
"strong","1.0","JF191777.1.1369","1","JF191777.1.1369","false","JF191777.1.1369","JF191777.1.1369"
"strong","1.0","JF160877.1.1344","1","JF160877.1.1344","false","JF160877.1.1344","JF160877.1.1344"
"strong","1.0","JQ451158.1.1406","1","JQ451158.1.1406","false","JQ451158.1.1406","JQ451158.1.1406"
"strong","1.0","JQ452687.1.1398","1","JQ452687.1.1398","false","JQ452687.1.1398","JQ452687.1.1398"
"strong","1.0","JF105591.1.1361","1","JF105591.1.1361","false","JF105591.1.1361","JF105591.1.1361"
"strong","1.0","X87152.1.1478","1","X87152.1.1478","false","X87152.1.1478","X87152.1.1478"
"strong","1.0","JF133435.1.1362","1","JF133435.1.1362","false","JF133435.1.1362","JF133435.1.1362"
"strong","0.0","FJ558235.1.1235","0","FJ558235.1.1235","false","FJ558235.1.1235","FJ558235.1.1235"
"strong","1.0","FJ983016.1.1511","1","FJ983016.1.1511","false","FJ983016.1.1511","FJ983016.1.1511"
"strong","1.0","JQ475425.1.1237","1","JQ475425.1.1237","false","JQ475425.1.1237","JQ475425.1.1237"
"strong","0.0","JF193379.1.1369","0","JF193379.1.1369","false","JF193379.1.1369","JF193379.1.1369"
"strong","1.0","GQ072867.1.1313","1","GQ072867.1.1313","false","GQ072867.1.1313","GQ072867.1.1313"
"strong","1.0","AF385500.1.1353","1","AF385500.1.1353","false","AF385500.1.1353","AF385500.1.1353"
"strong","1.0","JQ472773.1.1326","1","JQ472773.1.1326","false","JQ472773.1.1326","JQ472773.1.1326"
"strong","1.0","JF163338.1.1313","1","JF163338.1.1313","false","JF163338.1.1313","JF163338.1.1313"
"strong","0.0","AZGQ01000004.321752.323280","0","AZGQ01000004.321752.323280","false","AZGQ01000004.321752.323280","AZGQ01000004.321752.323280"
"strong","1.0","JF235588.1.1357","1","JF235588.1.1357","false","JF235588.1.1357","JF235588.1.1357"
"strong","0.0","HQ799607.1.1424","0","HQ799607.1.1424","false","HQ799607.1.1424","HQ799607.1.1424"
"strong","1.0","JQ460060.1.1314","1","JQ460060.1.1314","false","JQ460060.1.1314","JQ460060.1.1314"
"strong","0.0","JQ204964.1.1359","0","JQ204964.1.1359","false","JQ204964.1.1359","JQ204964.1.1359"
"strong","1.0","JQ453528.1.1345","1","JQ453528.1.1345","false","JQ453528.1.1345","JQ453528.1.1345"
"strong","0.0","GU086183.1.1312","0","GU086183.1.1312","false","GU086183.1.1312","GU086183.1.1312"
"strong","1.0","AF366272.1.1505","1","AF366272.1.1505","false","AF366272.1.1505","AF366272.1.1505"
"strong","1.0","DQ093274.1.1273","1","DQ093274.1.1273","false","DQ093274.1.1273","DQ093274.1.1273"
"strong","0.0","JF125962.1.1359","0","JF125962.1.1359","false","JF125962.1.1359","JF125962.1.1359"
"strong","1.0","EF608513.1.1443","1","EF608513.1.1443","false","EF608513.1.1443","EF608513.1.1443"
"strong","1.0","HQ407225.1.1417","1","HQ407225.1.1417","false","HQ407225.1.1417","HQ407225.1.1417"
"strong","1.0","JQ467261.1.1383","1","JQ467261.1.1383","false","JQ467261.1.1383","JQ467261.1.1383"
"strong","0.0","JQ454603.1.1399","0","JQ454603.1.1399","false","JQ454603.1.1399","JQ454603.1.1399"
"strong","1.0","JF150125.1.1382","1","JF150125.1.1382","false","JF150125.1.1382","JF150125.1.1382"
"strong","1.0","JQ454965.1.1419","1","JQ454965.1.1419","false","JQ454965.1.1419","JQ454965.1.1419"
"strong","1.0","JQ462206.1.1399","1","JQ462206.1.1399","false","JQ462206.1.1399","JQ462206.1.1399"
"strong","0.0","EF510743.1.1459","0","EF510743.1.1459","false","EF510743.1.1459","EF510743.1.1459"
"strong","0.0","JQ449393.1.1397","0","JQ449393.1.1397","false","JQ449393.1.1397","JQ449393.1.1397"
"strong","1.0","HQ778326.1.1469","1","HQ778326.1.1469","false","HQ778326.1.1469","HQ778326.1.1469"
"strong","0.0","JQ958870.1.1334","0","JQ958870.1.1334","false","JQ958870.1.1334","JQ958870.1.1334"
"strong","1.0","DQ808638.1.1397","1","DQ808638.1.1397","false","DQ808638.1.1397","DQ808638.1.1397"
"strong","1.0","JX048138.1.1422","1","JX048138.1.1422","false","JX048138.1.1422","JX048138.1.1422"
"strong","1.0","JX543478.1.1514","1","JX543478.1.1514","false","JX543478.1.1514","JX543478.1.1514"
"strong","1.0","DQ798111.1.1398","1","DQ798111.1.1398","false","DQ798111.1.1398","DQ798111.1.1398"
"strong","1.0","JF146273.1.1371","1","JF146273.1.1371","false","JF146273.1.1371","JF146273.1.1371"
"strong","0.0","JQ448754.1.1389","0","JQ448754.1.1389","false","JQ448754.1.1389","JQ448754.1.1389"
"strong","1.0","JF091426.1.1366","1","JF091426.1.1366","false","JF091426.1.1366","JF091426.1.1366"
"strong","0.0","FJ558013.1.1408","0","FJ558013.1.1408","false","FJ558013.1.1408","FJ558013.1.1408"
"strong","1.0","FJ557792.1.1403","1","FJ557792.1.1403","false","FJ557792.1.1403","FJ557792.1.1403"
"strong","1.0","FJ557871.1.1402","1","FJ557871.1.1402","false","FJ557871.1.1402","FJ557871.1.1402"
"strong","1.0","AF537212.1.1453","1","AF537212.1.1453","false","AF537212.1.1453","AF537212.1.1453"
"strong","1.0","AUFQ01000046.32.1280","1","AUFQ01000046.32.1280","false","AUFQ01000046.32.1280","AUFQ01000046.32.1280"
"strong","0.0","JF156452.1.1372","0","JF156452.1.1372","false","JF156452.1.1372","JF156452.1.1372"
"strong","0.0","JF146388.1.1355","0","JF146388.1.1355","false","JF146388.1.1355","JF146388.1.1355"
"strong","1.0","JF082022.1.1250","1","JF082022.1.1250","false","JF082022.1.1250","JF082022.1.1250"
"strong","0.0","JQ467466.1.1366","0","JQ467466.1.1366","false","JQ467466.1.1366","JQ467466.1.1366"
"strong","0.0","JQ454843.1.1296","0","JQ454843.1.1296","false","JQ454843.1.1296","JQ454843.1.1296"
"strong","0.0","JQ450291.1.1417","0","JQ450291.1.1417","false","JQ450291.1.1417","JQ450291.1.1417"
"strong","1.0","JQ453072.1.1419","1","JQ453072.1.1419","false","JQ453072.1.1419","JQ453072.1.1419"
"strong","1.0","AY349379.1.1524","1","AY349379.1.1524","false","AY349379.1.1524","AY349379.1.1524"
"strong","1.0","JF189706.1.1349","1","JF189706.1.1349","false","JF189706.1.1349","JF189706.1.1349"
"strong","1.0","JF133250.1.1372","1","JF133250.1.1372","false","JF133250.1.1372","JF133250.1.1372"
"strong","1.0","JQ450016.1.1358","1","JQ450016.1.1358","false","JQ450016.1.1358","JQ450016.1.1358"
"strong","0.0","AB547696.1.1280","0","AB547696.1.1280","false","AB547696.1.1280","AB547696.1.1280"
"strong","1.0","HQ743718.1.1468","1","HQ743718.1.1468","false","HQ743718.1.1468","HQ743718.1.1468"
"strong","1.0","HQ749447.1.1476","1","HQ749447.1.1476","false","HQ749447.1.1476","HQ749447.1.1476"
"strong","0.0","JQ452430.1.1385","0","JQ452430.1.1385","false","JQ452430.1.1385","JQ452430.1.1385"
"strong","1.0","GU413690.1.1212","1","GU413690.1.1212","false","GU413690.1.1212","GU413690.1.1212"
"strong","1.0","CP001750.2605730.2607248","1","CP001750.2605730.2607248","false","CP001750.2605730.2607248","CP001750.2605730.2607248"
"strong","0.0","JQ470946.1.1394","0","JQ470946.1.1394","false","JQ470946.1.1394","JQ470946.1.1394"
"strong","1.0","JQ460386.1.1400","1","JQ460386.1.1400","false","JQ460386.1.1400","JQ460386.1.1400"
"strong","1.0","JN867258.1.1326","1","JN867258.1.1326","false","JN867258.1.1326","JN867258.1.1326"
"strong","0.0","JQ475394.1.1428","0","JQ475394.1.1428","false","JQ475394.1.1428","JQ475394.1.1428"
"strong","1.0","APVK01000098.3358.4834","1","APVK01000098.3358.4834","false","APVK01000098.3358.4834","APVK01000098.3358.4834"
"strong","1.0","APCF01000172.2485.4022","1","APCF01000172.2485.4022","false","APCF01000172.2485.4022","APCF01000172.2485.4022"
"strong","0.0","JQ473934.1.1322","0","JQ473934.1.1322","false","JQ473934.1.1322","JQ473934.1.1322"
"strong","1.0","JQ452602.1.1388","1","JQ452602.1.1388","false","JQ452602.1.1388","JQ452602.1.1388"
"strong","1.0","JQ454235.1.1442","1","JQ454235.1.1442","false","JQ454235.1.1442","JQ454235.1.1442"
"strong","1.0","JQ467950.1.1436","1","JQ467950.1.1436","false","JQ467950.1.1436","JQ467950.1.1436"
"strong","1.0","EF509096.1.1462","1","EF509096.1.1462","false","EF509096.1.1462","EF509096.1.1462"
"strong","0.0","AF385494.1.1501","0","AF385494.1.1501","false","AF385494.1.1501","AF385494.1.1501"
"strong","1.0","JQ449267.1.1375","1","JQ449267.1.1375","false","JQ449267.1.1375","JQ449267.1.1375"
"strong","1.0","JQ453445.1.1411","1","JQ453445.1.1411","false","JQ453445.1.1411","JQ453445.1.1411"
"strong","1.0","JQ460952.1.1398","1","JQ460952.1.1398","false","JQ460952.1.1398","JQ460952.1.1398"
"strong","0.0","JQ473916.1.1409","0","JQ473916.1.1409","false","JQ473916.1.1409","JQ473916.1.1409"
"strong","0.0","JQ466076.1.1330","0","JQ466076.1.1330","false","JQ466076.1.1330","JQ466076.1.1330"
"strong","0.0","AM420255.1.1205","0","AM420255.1.1205","false","AM420255.1.1205","AM420255.1.1205"
"strong","0.0","FJ470442.1.1491","0","FJ470442.1.1491","false","FJ470442.1.1491","FJ470442.1.1491"
"strong","1.0","JQ460144.1.1407","1","JQ460144.1.1407","false","JQ460144.1.1407","JQ460144.1.1407"
"strong","1.0","AY005050.1.1491","1","AY005050.1.1491","false","AY005050.1.1491","AY005050.1.1491"
"strong","1.0","DQ798116.1.1389","1","DQ798116.1.1389","false","DQ798116.1.1389","DQ798116.1.1389"
"strong","1.0","EU779078.1.1293","1","EU779078.1.1293","false","EU779078.1.1293","EU779078.1.1293"
"strong","0.0","FJ976298.1.1352","0","FJ976298.1.1352","false","FJ976298.1.1352","FJ976298.1.1352"
"strong","0.0","JF142842.1.1376","0","JF142842.1.1376","false","JF142842.1.1376","JF142842.1.1376"
"strong","1.0","HQ775782.1.1450","1","HQ775782.1.1450","false","HQ775782.1.1450","HQ775782.1.1450"
"strong","0.0","HM840615.1.1355","0","HM840615.1.1355","false","HM840615.1.1355","HM840615.1.1355"
"strong","0.0","JQ451282.1.1368","0","JQ451282.1.1368","false","JQ451282.1.1368","JQ451282.1.1368"
"strong","1.0","JQ467142.1.1299","1","JQ467142.1.1299","false","JQ467142.1.1299","JQ467142.1.1299"
"strong","1.0","JQ452462.1.1238","1","JQ452462.1.1238","false","JQ452462.1.1238","JQ452462.1.1238"
"strong","0.0","JQ451787.1.1399","0","JQ451787.1.1399","false","JQ451787.1.1399","JQ451787.1.1399"
"strong","1.0","JF146210.1.1369","1","JF146210.1.1369","false","JF146210.1.1369","JF146210.1.1369"
"strong","0.0","FJ976372.1.1351","0","FJ976372.1.1351","false","FJ976372.1.1351","FJ976372.1.1351"
"strong","1.0","JF189563.1.1375","1","JF189563.1.1375","false","JF189563.1.1375","JF189563.1.1375"
"strong","0.0","HM258797.1.1375","0","HM258797.1.1375","false","HM258797.1.1375","HM258797.1.1375"
"strong","1.0","EU432416.1.1359","1","EU432416.1.1359","false","EU432416.1.1359","EU432416.1.1359"
"strong","1.0","JF216619.1.1327","1","JF216619.1.1327","false","JF216619.1.1327","JF216619.1.1327"
"strong","1.0","JQ456394.1.1359","1","JQ456394.1.1359","false","JQ456394.1.1359","JQ456394.1.1359"
"strong","1.0","EU768425.1.1355","1","EU768425.1.1355","false","EU768425.1.1355","EU768425.1.1355"
"strong","1.0","AGXT01000001.2.1241","1","AGXT01000001.2.1241","false","AGXT01000001.2.1241","AGXT01000001.2.1241"
"strong","0.0","JQ476837.1.1392","0","JQ476837.1.1392","false","JQ476837.1.1392","JQ476837.1.1392"
"strong","0.0","ATCI01000003.3713.5218","0","ATCI01000003.3713.5218","false","ATCI01000003.3713.5218","ATCI01000003.3713.5218"
"strong","1.0","U42009.1.1450","1","U42009.1.1450","false","U42009.1.1450","U42009.1.1450"
"strong","0.0","GU561421.1.1427","0","GU561421.1.1427","false","GU561421.1.1427","GU561421.1.1427"
"strong","1.0","JQ454705.1.1394","1","JQ454705.1.1394","false","JQ454705.1.1394","JQ454705.1.1394"
"strong","1.0","JQ451948.1.1388","1","JQ451948.1.1388","false","JQ451948.1.1388","JQ451948.1.1388"
"strong","0.0","JQ467407.1.1370","0","JQ467407.1.1370","false","JQ467407.1.1370","JQ467407.1.1370"
"strong","0.0","JQ463863.1.1350","0","JQ463863.1.1350","false","JQ463863.1.1350","JQ463863.1.1350"
"strong","0.0","JQ468465.1.1385","0","JQ468465.1.1385","false","JQ468465.1.1385","JQ468465.1.1385"
"strong","0.0","GZ223358.1.1493","0","GZ223358.1.1493","false","GZ223358.1.1493","GZ223358.1.1493"
"strong","1.0","JQ475612.1.1415","1","JQ475612.1.1415","false","JQ475612.1.1415","JQ475612.1.1415"
"strong","1.0","FJ470414.1.1528","1","FJ470414.1.1528","false","FJ470414.1.1528","FJ470414.1.1528"
"strong","1.0","JX548465.1.1499","1","JX548465.1.1499","false","JX548465.1.1499","JX548465.1.1499"
"strong","0.0","HQ616378.1.1270","0","HQ616378.1.1270","false","HQ616378.1.1270","HQ616378.1.1270"
"strong","1.0","AB639140.1.1432","1","AB639140.1.1432","false","AB639140.1.1432","AB639140.1.1432"
"strong","1.0","KC677617.1.1481","1","KC677617.1.1481","false","KC677617.1.1481","KC677617.1.1481"
"strong","1.0","JQ406541.1.1371","1","JQ406541.1.1371","false","JQ406541.1.1371","JQ406541.1.1371"
"strong","1.0","JQ468640.1.1349","1","JQ468640.1.1349","false","JQ468640.1.1349","JQ468640.1.1349"
"strong","0.0","JQ456184.1.1331","0","JQ456184.1.1331","false","JQ456184.1.1331","JQ456184.1.1331"
"strong","0.0","JQ453535.1.1340","0","JQ453535.1.1340","false","JQ453535.1.1340","JQ453535.1.1340"
"strong","1.0","JQ468003.1.1391","1","JQ468003.1.1391","false","JQ468003.1.1391","JQ468003.1.1391"
"strong","0.0","JQ464583.1.1260","0","JQ464583.1.1260","false","JQ464583.1.1260","JQ464583.1.1260"
"strong","0.0","CP002390.719678.721200","0","CP002390.719678.721200","false","CP002390.719678.721200","CP002390.719678.721200"
"strong","1.0","HQ681980.1.1394","1","HQ681980.1.1394","false","HQ681980.1.1394","HQ681980.1.1394"
"strong","0.0","EU775648.1.1303","0","EU775648.1.1303","false","EU775648.1.1303","EU775648.1.1303"
"strong","1.0","U13039.1.1496","1","U13039.1.1496","false","U13039.1.1496","U13039.1.1496"
"strong","1.0","DQ807372.1.1409","1","DQ807372.1.1409","false","DQ807372.1.1409","DQ807372.1.1409"
"strong","0.0","HQ813265.1.1435","0","HQ813265.1.1435","false","HQ813265.1.1435","HQ813265.1.1435"
"strong","0.0","FM997674.1.1430","0","FM997674.1.1430","false","FM997674.1.1430","FM997674.1.1430"
"strong","0.0","JQ455623.1.1405","0","JQ455623.1.1405","false","JQ455623.1.1405","JQ455623.1.1405"
"strong","0.0","JF105817.1.1333","0","JF105817.1.1333","false","JF105817.1.1333","JF105817.1.1333"
"strong","0.0","JQ456132.1.1407","0","JQ456132.1.1407","false","JQ456132.1.1407","JQ456132.1.1407"
"strong","1.0","JQ462645.1.1392","1","JQ462645.1.1392","false","JQ462645.1.1392","JQ462645.1.1392"
"strong","1.0","JQ460128.1.1386","1","JQ460128.1.1386","false","JQ460128.1.1386","JQ460128.1.1386"
"strong","1.0","FJ505183.1.1387","1","FJ505183.1.1387","false","FJ505183.1.1387","FJ505183.1.1387"
"strong","1.0","AJ289173.1.1446","1","AJ289173.1.1446","false","AJ289173.1.1446","AJ289173.1.1446"
"strong","1.0","JF023891.1.1327","1","JF023891.1.1327","false","JF023891.1.1327","JF023891.1.1327"
"strong","0.0","JQ072793.1.1400","0","JQ072793.1.1400","false","JQ072793.1.1400","JQ072793.1.1400"
"strong","1.0","HM255858.1.1357","1","HM255858.1.1357","false","HM255858.1.1357","HM255858.1.1357"
"strong","1.0","JF148200.1.1342","1","JF148200.1.1342","false","JF148200.1.1342","JF148200.1.1342"
"strong","0.0","JQ463832.1.1395","0","JQ463832.1.1395","false","JQ463832.1.1395","JQ463832.1.1395"
"strong","1.0","JQ461032.1.1398","1","JQ461032.1.1398","false","JQ461032.1.1398","JQ461032.1.1398"
"strong","0.0","JQ459733.1.1395","0","JQ459733.1.1395","false","JQ459733.1.1395","JQ459733.1.1395"
"strong","0.0","FJ982973.1.1482","0","FJ982973.1.1482","false","FJ982973.1.1482","FJ982973.1.1482"
"strong","1.0","FJ470501.1.1496","1","FJ470501.1.1496","false","FJ470501.1.1496","FJ470501.1.1496"
"strong","0.0","JQ451051.1.1370","0","JQ451051.1.1370","false","JQ451051.1.1370","JQ451051.1.1370"
"strong","1.0","JQ712529.1.1355","1","JQ712529.1.1355","false","JQ712529.1.1355","JQ712529.1.1355"
"strong","1.0","JQ452465.1.1368","1","JQ452465.1.1368","false","JQ452465.1.1368","JQ452465.1.1368"
"strong","1.0","HG800468.1.1200","1","HG800468.1.1200","false","HG800468.1.1200","HG800468.1.1200"
"strong","1.0","AY959127.1.1545","1","AY959127.1.1545","false","AY959127.1.1545","AY959127.1.1545"
"strong","1.0","JQ452503.1.1385","1","JQ452503.1.1385","false","JQ452503.1.1385","JQ452503.1.1385"
"strong","0.0","HE681264.1.1643","0","HE681264.1.1643","false","HE681264.1.1643","HE681264.1.1643"
"strong","1.0","JX010943.1.1435","1","JX010943.1.1435","false","JX010943.1.1435","JX010943.1.1435"
"strong","1.0","HM099652.1.1386","1","HM099652.1.1386","false","HM099652.1.1386","HM099652.1.1386"
"strong","0.0","AF285117.1.1447","0","AF285117.1.1447","false","AF285117.1.1447","AF285117.1.1447"
"strong","0.0","JQ467967.1.1380","0","JQ467967.1.1380","false","JQ467967.1.1380","JQ467967.1.1380"
"strong","0.0","JQ471026.1.1395","0","JQ471026.1.1395","false","JQ471026.1.1395","JQ471026.1.1395"
"strong","1.0","JQ453510.1.1363","1","JQ453510.1.1363","false","JQ453510.1.1363","JQ453510.1.1363"
"strong","0.0","AF201978.1.1370","0","AF201978.1.1370","false","AF201978.1.1370","AF201978.1.1370"
"strong","1.0","JQ449392.1.1397","1","JQ449392.1.1397","false","JQ449392.1.1397","JQ449392.1.1397"
"strong","0.0","AXNV01000069.49.1299","0","AXNV01000069.49.1299","false","AXNV01000069.49.1299","AXNV01000069.49.1299"
"strong","0.0","JQ448443.1.1413","0","JQ448443.1.1413","false","JQ448443.1.1413","JQ448443.1.1413"
"strong","1.0","JF141846.1.1344","1","JF141846.1.1344","false","JF141846.1.1344","JF141846.1.1344"
"strong","1.0","GU374045.1.1513","1","GU374045.1.1513","false","GU374045.1.1513","GU374045.1.1513"
"strong","1.0","JF198642.1.1348","1","JF198642.1.1348","false","JF198642.1.1348","JF198642.1.1348"
"strong","1.0","JF089542.1.1348","1","JF089542.1.1348","false","JF089542.1.1348","JF089542.1.1348"
"strong","1.0","AY976005.1.1361","1","AY976005.1.1361","false","AY976005.1.1361","AY976005.1.1361"
"strong","1.0","JX048244.1.1393","1","JX048244.1.1393","false","JX048244.1.1393","JX048244.1.1393"
"strong","1.0","AY976633.1.1359","1","AY976633.1.1359","false","AY976633.1.1359","AY976633.1.1359"
"strong","1.0","JQ456320.1.1335","1","JQ456320.1.1335","false","JQ456320.1.1335","JQ456320.1.1335"
"strong","0.0","FJ470467.1.1477","0","FJ470467.1.1477","false","FJ470467.1.1477","FJ470467.1.1477"
"strong","1.0","JQ452123.1.1407","1","JQ452123.1.1407","false","JQ452123.1.1407","JQ452123.1.1407"
"strong","0.0","FJ470422.1.1476","0","FJ470422.1.1476","false","FJ470422.1.1476","FJ470422.1.1476"
"strong","1.0","JQ478192.1.1373","1","JQ478192.1.1373","false","JQ478192.1.1373","JQ478192.1.1373"
"strong","0.0","FM996759.1.1460","0","FM996759.1.1460","false","FM996759.1.1460","FM996759.1.1460"
"strong","1.0","JQ452710.1.1324","1","JQ452710.1.1324","false","JQ452710.1.1324","JQ452710.1.1324"
"strong","1.0","JQ474796.1.1382","1","JQ474796.1.1382","false","JQ474796.1.1382","JQ474796.1.1382"
"strong","0.0","JQ467817.1.1406","0","JQ467817.1.1406","false","JQ467817.1.1406","JQ467817.1.1406"
"strong","1.0","AF385556.1.1494","1","AF385556.1.1494","false","AF385556.1.1494","AF385556.1.1494"
"strong","1.0","JQ452830.1.1354","1","JQ452830.1.1354","false","JQ452830.1.1354","JQ452830.1.1354"
"strong","1.0","CP001682.12849.14352","1","CP001682.12849.14352","false","CP001682.12849.14352","CP001682.12849.14352"
"strong","0.0","JQ452107.1.1327","0","JQ452107.1.1327","false","JQ452107.1.1327","JQ452107.1.1327"
"strong","1.0","GQ037346.1.1385","1","GQ037346.1.1385","false","GQ037346.1.1385","GQ037346.1.1385"
"strong","1.0","JQ460715.1.1414","1","JQ460715.1.1414","false","JQ460715.1.1414","JQ460715.1.1414"
"strong","1.0","JQ460198.1.1393","1","JQ460198.1.1393","false","JQ460198.1.1393","JQ460198.1.1393"
"strong","0.0","JQ472564.1.1391","0","JQ472564.1.1391","false","JQ472564.1.1391","JQ472564.1.1391"
"strong","0.0","JQ451250.1.1415","0","JQ451250.1.1415","false","JQ451250.1.1415","JQ451250.1.1415"
"strong","1.0","JQ467877.1.1383","1","JQ467877.1.1383","false","JQ467877.1.1383","JQ467877.1.1383"
"strong","0.0","JQ464053.1.1368","0","JQ464053.1.1368","false","JQ464053.1.1368","JQ464053.1.1368"
"strong","1.0","JQ447739.1.1416","1","JQ447739.1.1416","false","JQ447739.1.1416","JQ447739.1.1416"
"strong","1.0","AM420099.1.1238","1","AM420099.1.1238","false","AM420099.1.1238","AM420099.1.1238"
"strong","0.0","JQ471759.1.1379","0","JQ471759.1.1379","false","JQ471759.1.1379","JQ471759.1.1379"
"strong","1.0","JF117968.1.1349","1","JF117968.1.1349","false","JF117968.1.1349","JF117968.1.1349"
"strong","1.0","JQ459838.1.1398","1","JQ459838.1.1398","false","JQ459838.1.1398","JQ459838.1.1398"
"strong","1.0","JQ693099.1.1454","1","JQ693099.1.1454","false","JQ693099.1.1454","JQ693099.1.1454"
"strong","0.0","JF106956.1.1362","0","JF106956.1.1362","false","JF106956.1.1362","JF106956.1.1362"
"strong","1.0","AB355609.1.1399","1","AB355609.1.1399","false","AB355609.1.1399","AB355609.1.1399"
"strong","0.0","AY349368.1.1507","0","AY349368.1.1507","false","AY349368.1.1507","AY349368.1.1507"
"strong","1.0","JF146357.1.1369","1","JF146357.1.1369","false","JF146357.1.1369","JF146357.1.1369"
"strong","1.0","AF385557.1.1477","1","AF385557.1.1477","false","AF385557.1.1477","AF385557.1.1477"
"strong","1.0","JQ474634.1.1404","1","JQ474634.1.1404","false","JQ474634.1.1404","JQ474634.1.1404"
"strong","1.0","EU762361.1.1358","1","EU762361.1.1358","false","EU762361.1.1358","EU762361.1.1358"
"strong","1.0","HE576037.1.1393","1","HE576037.1.1393","false","HE576037.1.1393","HE576037.1.1393"
"strong","1.0","HQ777409.1.1443","1","HQ777409.1.1443","false","HQ777409.1.1443","HQ777409.1.1443"
"strong","1.0","HM557179.1.1382","1","HM557179.1.1382","false","HM557179.1.1382","HM557179.1.1382"
"strong","1.0","KF817669.1.1395","1","KF817669.1.1395","false","KF817669.1.1395","KF817669.1.1395"
"strong","1.0","HQ728209.1.1508","1","HQ728209.1.1508","false","HQ728209.1.1508","HQ728209.1.1508"
"strong","1.0","EU776524.1.1264","1","EU776524.1.1264","false","EU776524.1.1264","EU776524.1.1264"
"strong","1.0","HM127020.1.1462","1","HM127020.1.1462","false","HM127020.1.1462","HM127020.1.1462"
"strong","1.0","KC001977.1.1372","1","KC001977.1.1372","false","KC001977.1.1372","KC001977.1.1372"
"strong","1.0","HQ799613.1.1443","1","HQ799613.1.1443","false","HQ799613.1.1443","HQ799613.1.1443"
"strong","1.0","AUFL01000034.2017.3448","1","AUFL01000034.2017.3448","false","AUFL01000034.2017.3448","AUFL01000034.2017.3448"
"strong","1.0","KC121039.1.1433","1","KC121039.1.1433","false","KC121039.1.1433","KC121039.1.1433"
"strong","1.0","BAAU01002937.1.1278","1","BAAU01002937.1.1278","false","BAAU01002937.1.1278","BAAU01002937.1.1278"
"strong","1.0","JF766421.1.1506","1","JF766421.1.1506","false","JF766421.1.1506","JF766421.1.1506"
"strong","1.0","EF679189.1.1505","1","EF679189.1.1505","false","EF679189.1.1505","EF679189.1.1505"
"strong","1.0","FJ370476.1.1379","1","FJ370476.1.1379","false","FJ370476.1.1379","FJ370476.1.1379"
"strong","0.0","FJ976421.1.1352","0","FJ976421.1.1352","false","FJ976421.1.1352","FJ976421.1.1352"
"strong","1.0","DQ797008.1.1389","1","DQ797008.1.1389","false","DQ797008.1.1389","DQ797008.1.1389"
"strong","1.0","AY916224.1.1350","1","AY916224.1.1350","false","AY916224.1.1350","AY916224.1.1350"
"strong","1.0","ADCY02000026.1167.2697","1","ADCY02000026.1167.2697","false","ADCY02000026.1167.2697","ADCY02000026.1167.2697"
"strong","1.0","HM332295.1.1333","1","HM332295.1.1333","false","HM332295.1.1333","HM332295.1.1333"
"strong","1.0","HE681353.1.1530","1","HE681353.1.1530","false","HE681353.1.1530","HE681353.1.1530"
"strong","0.0","AM420246.1.1424","0","AM420246.1.1424","false","AM420246.1.1424","AM420246.1.1424"
"strong","1.0","EF403362.1.1491","1","EF403362.1.1491","false","EF403362.1.1491","EF403362.1.1491"
"strong","1.0","EU765878.1.1370","1","EU765878.1.1370","false","EU765878.1.1370","EU765878.1.1370"
"strong","1.0","GQ091776.1.1369","1","GQ091776.1.1369","false","GQ091776.1.1369","GQ091776.1.1369"
"strong","0.0","GQ112919.1.1367","0","GQ112919.1.1367","false","GQ112919.1.1367","GQ112919.1.1367"
"strong","0.0","CP000767.1788521.1790233","0","CP000767.1788521.1790233","false","CP000767.1788521.1790233","CP000767.1788521.1790233"
"strong","1.0","JF189593.1.1367","1","JF189593.1.1367","false","JF189593.1.1367","JF189593.1.1367"
"strong","0.0","JF041547.1.1366","0","JF041547.1.1366","false","JF041547.1.1366","JF041547.1.1366"
"strong","0.0","JQ468007.1.1403","0","JQ468007.1.1403","false","JQ468007.1.1403","JQ468007.1.1403"
"strong","1.0","JQ478165.1.1383","1","JQ478165.1.1383","false","JQ478165.1.1383","JQ478165.1.1383"
"strong","1.0","EU775986.1.1401","1","EU775986.1.1401","false","EU775986.1.1401","EU775986.1.1401"
"strong","1.0","DQ801638.1.1318","1","DQ801638.1.1318","false","DQ801638.1.1318","DQ801638.1.1318"
"strong","0.0","JF089480.1.1367","0","JF089480.1.1367","false","JF089480.1.1367","JF089480.1.1367"
"strong","1.0","JF142042.1.1362","1","JF142042.1.1362","false","JF142042.1.1362","JF142042.1.1362"
"strong","1.0","JQ455502.1.1378","1","JQ455502.1.1378","false","JQ455502.1.1378","JQ455502.1.1378"
"strong","1.0","JQ452617.1.1368","1","JQ452617.1.1368","false","JQ452617.1.1368","JQ452617.1.1368"
"strong","1.0","FJ557775.1.1343","1","FJ557775.1.1343","false","FJ557775.1.1343","FJ557775.1.1343"
"strong","1.0","JF177614.1.1334","1","JF177614.1.1334","false","JF177614.1.1334","JF177614.1.1334"
"strong","1.0","DQ795720.1.1389","1","DQ795720.1.1389","false","DQ795720.1.1389","DQ795720.1.1389"
"strong","1.0","JQ452521.1.1351","1","JQ452521.1.1351","false","JQ452521.1.1351","JQ452521.1.1351"
"strong","0.0","JF117747.1.1361","0","JF117747.1.1361","false","JF117747.1.1361","JF117747.1.1361"
"strong","0.0","JQ474287.1.1402","0","JQ474287.1.1402","false","JQ474287.1.1402","JQ474287.1.1402"
"strong","0.0","JQ467996.1.1398","0","JQ467996.1.1398","false","JQ467996.1.1398","JQ467996.1.1398"
"strong","1.0","HQ742926.1.1451","1","HQ742926.1.1451","false","HQ742926.1.1451","HQ742926.1.1451"
"strong","0.0","JQ466159.1.1285","0","JQ466159.1.1285","false","JQ466159.1.1285","JQ466159.1.1285"
"strong","1.0","HG799936.1.1448","1","HG799936.1.1448","false","HG799936.1.1448","HG799936.1.1448"
"strong","1.0","JF071157.1.1362","1","JF071157.1.1362","false","JF071157.1.1362","JF071157.1.1362"
"strong","1.0","JF186440.1.1371","1","JF186440.1.1371","false","JF186440.1.1371","JF186440.1.1371"
"strong","1.0","JF241304.1.1372","1","JF241304.1.1372","false","JF241304.1.1372","JF241304.1.1372"
"strong","0.0","JQ452802.1.1368","0","JQ452802.1.1368","false","JQ452802.1.1368","JQ452802.1.1368"
"strong","0.0","JQ475732.1.1417","0","JQ475732.1.1417","false","JQ475732.1.1417","JQ475732.1.1417"
"strong","0.0","JX548443.1.1478","0","JX548443.1.1478","false","JX548443.1.1478","JX548443.1.1478"
"strong","1.0","GU731299.1.1390","1","GU731299.1.1390","false","GU731299.1.1390","GU731299.1.1390"
"strong","1.0","KC000258.1.1363","1","KC000258.1.1363","false","KC000258.1.1363","KC000258.1.1363"
"strong","1.0","EU706241.1.1234","1","EU706241.1.1234","false","EU706241.1.1234","EU706241.1.1234"
"strong","1.0","JQ462419.1.1392","1","JQ462419.1.1392","false","JQ462419.1.1392","JQ462419.1.1392"
"strong","1.0","JQ460182.1.1421","1","JQ460182.1.1421","false","JQ460182.1.1421","JQ460182.1.1421"
"strong","1.0","AF287808.1.1408","1","AF287808.1.1408","false","AF287808.1.1408","AF287808.1.1408"
"strong","0.0","DQ003618.1.1465","0","DQ003618.1.1465","false","DQ003618.1.1465","DQ003618.1.1465"
"strong","1.0","HM303837.1.1381","1","HM303837.1.1381","false","HM303837.1.1381","HM303837.1.1381"
"strong","1.0","JQ476717.1.1384","1","JQ476717.1.1384","false","JQ476717.1.1384","JQ476717.1.1384"
"strong","0.0","JQ467119.1.1385","0","JQ467119.1.1385","false","JQ467119.1.1385","JQ467119.1.1385"
"strong","0.0","JF134772.1.1333","0","JF134772.1.1333","false","JF134772.1.1333","JF134772.1.1333"
"strong","1.0","JQ474189.1.1410","1","JQ474189.1.1410","false","JQ474189.1.1410","JQ474189.1.1410"
"strong","0.0","JQ475289.1.1383","0","JQ475289.1.1383","false","JQ475289.1.1383","JQ475289.1.1383"
"strong","1.0","JQ475367.1.1393","1","JQ475367.1.1393","false","JQ475367.1.1393","JQ475367.1.1393"
"strong","1.0","EU772886.1.1397","1","EU772886.1.1397","false","EU772886.1.1397","EU772886.1.1397"
"strong","1.0","EF402032.1.1475","1","EF402032.1.1475","false","EF402032.1.1475","EF402032.1.1475"
"strong","1.0","EU467709.1.1380","1","EU467709.1.1380","false","EU467709.1.1380","EU467709.1.1380"
"strong","0.0","AFZF02000009.131503.133019","0","AFZF02000009.131503.133019","false","AFZF02000009.131503.133019","AFZF02000009.131503.133019"
"strong","0.0","JQ473014.1.1405","0","JQ473014.1.1405","false","JQ473014.1.1405","JQ473014.1.1405"
"strong","1.0","BAAV01001391.255.1549","1","BAAV01001391.255.1549","false","BAAV01001391.255.1549","BAAV01001391.255.1549"
"strong","1.0","EU535719.1.1397","1","EU535719.1.1397","false","EU535719.1.1397","EU535719.1.1397"
"strong","1.0","HM557329.1.1373","1","HM557329.1.1373","false","HM557329.1.1373","HM557329.1.1373"
"strong","1.0","JF148184.1.1360","1","JF148184.1.1360","false","JF148184.1.1360","JF148184.1.1360"
"strong","1.0","FM997525.1.1430","1","FM997525.1.1430","false","FM997525.1.1430","FM997525.1.1430"
"strong","0.0","HQ774970.1.1472","0","HQ774970.1.1472","false","HQ774970.1.1472","HQ774970.1.1472"
"strong","1.0","JF142767.1.1369","1","JF142767.1.1369","false","JF142767.1.1369","JF142767.1.1369"
"strong","1.0","EU772975.1.1380","1","EU772975.1.1380","false","EU772975.1.1380","EU772975.1.1380"
"strong","1.0","HQ792937.1.1430","1","HQ792937.1.1430","false","HQ792937.1.1430","HQ792937.1.1430"
"strong","1.0","AY850110.1.1382","1","AY850110.1.1382","false","AY850110.1.1382","AY850110.1.1382"
"strong","0.0","FM997621.1.1433","0","FM997621.1.1433","false","FM997621.1.1433","FM997621.1.1433"
"strong","0.0","JF131062.1.1361","0","JF131062.1.1361","false","JF131062.1.1361","JF131062.1.1361"
"strong","0.0","FJ204241.1.1419","0","FJ204241.1.1419","false","FJ204241.1.1419","FJ204241.1.1419"
"strong","0.0","JF150501.1.1356","0","JF150501.1.1356","false","JF150501.1.1356","JF150501.1.1356"
"strong","0.0","HM021549.1.1459","0","HM021549.1.1459","false","HM021549.1.1459","HM021549.1.1459"
"strong","0.0","DQ012296.1.1485","0","DQ012296.1.1485","false","DQ012296.1.1485","DQ012296.1.1485"
"strong","0.0","ATFN01000012.285381.286903","0","ATFN01000012.285381.286903","false","ATFN01000012.285381.286903","ATFN01000012.285381.286903"
"strong","0.0","JQ452067.1.1395","0","JQ452067.1.1395","false","JQ452067.1.1395","JQ452067.1.1395"
"strong","0.0","JQ471193.1.1440","0","JQ471193.1.1440","false","JQ471193.1.1440","JQ471193.1.1440"
"strong","0.0","DQ003627.1.1460","0","DQ003627.1.1460","false","DQ003627.1.1460","DQ003627.1.1460"
"strong","0.0","GU940721.1.1398","0","GU940721.1.1398","false","GU940721.1.1398","GU940721.1.1398"
"strong","0.0","JF192767.1.1359","0","JF192767.1.1359","false","JF192767.1.1359","JF192767.1.1359"
"strong","0.0","JX993435.1.1404","0","JX993435.1.1404","false","JX993435.1.1404","JX993435.1.1404"
"strong","1.0","GQ007910.1.1347","1","GQ007910.1.1347","false","GQ007910.1.1347","GQ007910.1.1347"
"strong","1.0","JF058250.1.1351","1","JF058250.1.1351","false","JF058250.1.1351","JF058250.1.1351"
"strong","1.0","EU663606.1.1455","1","EU663606.1.1455","false","EU663606.1.1455","EU663606.1.1455"
"strong","1.0","AY944134.1.1453","1","AY944134.1.1453","false","AY944134.1.1453","AY944134.1.1453"
"strong","0.0","JN175349.1.1416","0","JN175349.1.1416","false","JN175349.1.1416","JN175349.1.1416"
"strong","0.0","JQ456217.1.1331","0","JQ456217.1.1331","false","JQ456217.1.1331","JQ456217.1.1331"
"strong","1.0","GQ025667.1.1361","1","GQ025667.1.1361","false","GQ025667.1.1361","GQ025667.1.1361"
"strong","0.0","JQ451834.1.1300","0","JQ451834.1.1300","false","JQ451834.1.1300","JQ451834.1.1300"
"strong","1.0","JQ476891.1.1391","1","JQ476891.1.1391","false","JQ476891.1.1391","JQ476891.1.1391"
"strong","0.0","GQ007787.1.1346","0","GQ007787.1.1346","false","GQ007787.1.1346","GQ007787.1.1346"
"strong","1.0","JQ455491.1.1361","1","JQ455491.1.1361","false","JQ455491.1.1361","JQ455491.1.1361"
"strong","0.0","KF444249.1.1337","0","KF444249.1.1337","false","KF444249.1.1337","KF444249.1.1337"
"strong","0.0","JQ456231.1.1256","0","JQ456231.1.1256","false","JQ456231.1.1256","JQ456231.1.1256"
"strong","1.0","JQ467015.1.1402","1","JQ467015.1.1402","false","JQ467015.1.1402","JQ467015.1.1402"
"strong","0.0","JF220976.1.1376","0","JF220976.1.1376","false","JF220976.1.1376","JF220976.1.1376"
"strong","0.0","GM884236.1.1496","0","GM884236.1.1496","false","GM884236.1.1496","GM884236.1.1496"
"strong","1.0","AY349409.1.1549","1","AY349409.1.1549","false","AY349409.1.1549","AY349409.1.1549"
"strong","1.0","DQ003615.1.1445","1","DQ003615.1.1445","false","DQ003615.1.1445","DQ003615.1.1445"
"strong","1.0","JQ452129.1.1342","1","JQ452129.1.1342","false","JQ452129.1.1342","JQ452129.1.1342"
"strong","1.0","AGZS01000006.219616.221143","1","AGZS01000006.219616.221143","false","AGZS01000006.219616.221143","AGZS01000006.219616.221143"
"strong","1.0","JF142142.1.1370","1","JF142142.1.1370","false","JF142142.1.1370","JF142142.1.1370"
"strong","1.0","JQ447642.1.1395","1","JQ447642.1.1395","false","JQ447642.1.1395","JQ447642.1.1395"
"strong","0.0","AGDV01000021.419013.420545","0","AGDV01000021.419013.420545","false","AGDV01000021.419013.420545","AGDV01000021.419013.420545"
"strong","1.0","DQ806057.1.1389","1","DQ806057.1.1389","false","DQ806057.1.1389","DQ806057.1.1389"
"strong","1.0","HQ794984.1.1445","1","HQ794984.1.1445","false","HQ794984.1.1445","HQ794984.1.1445"
"strong","1.0","AY349381.1.1530","1","AY349381.1.1530","false","AY349381.1.1530","AY349381.1.1530"
"strong","1.0","JQ451964.1.1414","1","JQ451964.1.1414","false","JQ451964.1.1414","JQ451964.1.1414"
"strong","1.0","JN379053.1.1485","1","JN379053.1.1485","false","JN379053.1.1485","JN379053.1.1485"
"strong","1.0","JQ457721.1.1392","1","JQ457721.1.1392","false","JQ457721.1.1392","JQ457721.1.1392"
"strong","1.0","JQ449530.1.1397","1","JQ449530.1.1397","false","JQ449530.1.1397","JQ449530.1.1397"
"strong","1.0","GQ011154.1.1359","1","GQ011154.1.1359","false","GQ011154.1.1359","GQ011154.1.1359"
"strong","0.0","JQ447633.1.1398","0","JQ447633.1.1398","false","JQ447633.1.1398","JQ447633.1.1398"
"strong","0.0","JQ448099.1.1406","0","JQ448099.1.1406","false","JQ448099.1.1406","JQ448099.1.1406"
"strong","1.0","JQ452700.1.1384","1","JQ452700.1.1384","false","JQ452700.1.1384","JQ452700.1.1384"
"strong","1.0","EU185432.1.1376","1","EU185432.1.1376","false","EU185432.1.1376","EU185432.1.1376"
"strong","0.0","HQ775013.1.1449","0","HQ775013.1.1449","false","HQ775013.1.1449","HQ775013.1.1449"
"strong","1.0","JQ478147.1.1397","1","JQ478147.1.1397","false","JQ478147.1.1397","JQ478147.1.1397"
"strong","0.0","JQ456698.1.1395","0","JQ456698.1.1395","false","JQ456698.1.1395","JQ456698.1.1395"
"strong","0.0","JQ464095.1.1368","0","JQ464095.1.1368","false","JQ464095.1.1368","JQ464095.1.1368"
"strong","1.0","AY980283.1.1354","1","AY980283.1.1354","false","AY980283.1.1354","AY980283.1.1354"
"strong","1.0","EF071236.1.1410","1","EF071236.1.1410","false","EF071236.1.1410","EF071236.1.1410"
"strong","1.0","BAIH01000157.3821.5173","1","BAIH01000157.3821.5173","false","BAIH01000157.3821.5173","BAIH01000157.3821.5173"
"strong","1.0","DQ807011.1.1390","1","DQ807011.1.1390","false","DQ807011.1.1390","DQ807011.1.1390"
"strong","0.0","JQ452600.1.1310","0","JQ452600.1.1310","false","JQ452600.1.1310","JQ452600.1.1310"
"strong","0.0","JQ452545.1.1417","0","JQ452545.1.1417","false","JQ452545.1.1417","JQ452545.1.1417"
"strong","0.0","AJ421779.1.1522","0","AJ421779.1.1522","false","AJ421779.1.1522","AJ421779.1.1522"
"strong","0.0","JQ468546.1.1400","0","JQ468546.1.1400","false","JQ468546.1.1400","JQ468546.1.1400"
"strong","0.0","JQ467292.1.1350","0","JQ467292.1.1350","false","JQ467292.1.1350","JQ467292.1.1350"
"strong","1.0","AX954527.16411.17939","1","AX954527.16411.17939","false","AX954527.16411.17939","AX954527.16411.17939"
"strong","1.0","GZ793541.182.1466","1","GZ793541.182.1466","false","GZ793541.182.1466","GZ793541.182.1466"
"strong","1.0","AB114256.1.1414","1","AB114256.1.1414","false","AB114256.1.1414","AB114256.1.1414"
"strong","1.0","AM990992.2181279.2182758","1","AM990992.2181279.2182758","false","AM990992.2181279.2182758","AM990992.2181279.2182758"
"strong","0.0","GU227177.1.1456","0","GU227177.1.1456","false","GU227177.1.1456","GU227177.1.1456"
"strong","0.0","JQ456223.1.1382","0","JQ456223.1.1382","false","JQ456223.1.1382","JQ456223.1.1382"
"strong","0.0","FJ976418.1.1327","0","FJ976418.1.1327","false","FJ976418.1.1327","FJ976418.1.1327"
"strong","0.0","HQ890331.1.1562","0","HQ890331.1.1562","false","HQ890331.1.1562","HQ890331.1.1562"
"strong","1.0","AY596468.1.1492","1","AY596468.1.1492","false","AY596468.1.1492","AY596468.1.1492"
"strong","1.0","HQ680854.1.1393","1","HQ680854.1.1393","false","HQ680854.1.1393","HQ680854.1.1393"
"strong","1.0","JQ470760.1.1401","1","JQ470760.1.1401","false","JQ470760.1.1401","JQ470760.1.1401"
"strong","1.0","AY331415.1.1454","1","AY331415.1.1454","false","AY331415.1.1454","AY331415.1.1454"
"strong","1.0","AB182485.1.1494","1","AB182485.1.1494","false","AB182485.1.1494","AB182485.1.1494"
"strong","1.0","JN713328.1.1506","1","JN713328.1.1506","false","JN713328.1.1506","JN713328.1.1506"
"strong","1.0","GU227213.1.1439","1","GU227213.1.1439","false","GU227213.1.1439","GU227213.1.1439"
"strong","0.0","JF177522.1.1335","0","JF177522.1.1335","false","JF177522.1.1335","JF177522.1.1335"
"strong","0.0","JQ450525.1.1381","0","JQ450525.1.1381","false","JQ450525.1.1381","JQ450525.1.1381"
"strong","0.0","JQ453043.1.1383","0","JQ453043.1.1383","false","JQ453043.1.1383","JQ453043.1.1383"
"strong","1.0","FJ558066.1.1408","1","FJ558066.1.1408","false","FJ558066.1.1408","FJ558066.1.1408"
"strong","0.0","HE681322.1.1627","0","HE681322.1.1627","false","HE681322.1.1627","HE681322.1.1627"
"strong","0.0","AF481207.1.1480","0","AF481207.1.1480","false","AF481207.1.1480","AF481207.1.1480"
"strong","0.0","HQ761535.1.1434","0","HQ761535.1.1434","false","HQ761535.1.1434","HQ761535.1.1434"
"strong","0.0","AF481220.1.1480","0","AF481220.1.1480","false","AF481220.1.1480","AF481220.1.1480"
"strong","0.0","HQ807545.1.1449","0","HQ807545.1.1449","false","HQ807545.1.1449","HQ807545.1.1449"
"strong","0.0","JQ454812.1.1398","0","JQ454812.1.1398","false","JQ454812.1.1398","JQ454812.1.1398"
"strong","0.0","GU086178.1.1311","0","GU086178.1.1311","false","GU086178.1.1311","GU086178.1.1311"
"strong","0.0","EU767381.1.1373","0","EU767381.1.1373","false","EU767381.1.1373","EU767381.1.1373"
"strong","1.0","HQ766686.1.1437","1","HQ766686.1.1437","false","HQ766686.1.1437","HQ766686.1.1437"
"strong","0.0","FJ470591.1.1499","0","FJ470591.1.1499","false","FJ470591.1.1499","FJ470591.1.1499"
"strong","1.0","JQ453189.1.1380","1","JQ453189.1.1380","false","JQ453189.1.1380","JQ453189.1.1380"
"strong","1.0","JF139928.1.1354","1","JF139928.1.1354","false","JF139928.1.1354","JF139928.1.1354"
"strong","1.0","JQ455294.1.1410","1","JQ455294.1.1410","false","JQ455294.1.1410","JQ455294.1.1410"
"strong","0.0","JQ467563.1.1401","0","JQ467563.1.1401","false","JQ467563.1.1401","JQ467563.1.1401"
"strong","0.0","AY282578.1.1283","0","AY282578.1.1283","false","AY282578.1.1283","AY282578.1.1283"
"strong","0.0","JQ467044.1.1421","0","JQ467044.1.1421","false","JQ467044.1.1421","JQ467044.1.1421"
"strong","0.0","HM269617.1.1370","0","HM269617.1.1370","false","HM269617.1.1370","HM269617.1.1370"
"strong","1.0","DQ341410.1.1477","1","DQ341410.1.1477","false","DQ341410.1.1477","DQ341410.1.1477"
"strong","1.0","HQ805067.1.1470","1","HQ805067.1.1470","false","HQ805067.1.1470","HQ805067.1.1470"
"strong","1.0","JF154482.1.1370","1","JF154482.1.1370","false","JF154482.1.1370","JF154482.1.1370"
"strong","1.0","FM996743.1.1462","1","FM996743.1.1462","false","FM996743.1.1462","FM996743.1.1462"
"strong","0.0","JQ462373.1.1304","0","JQ462373.1.1304","false","JQ462373.1.1304","JQ462373.1.1304"
"strong","1.0","HQ780549.1.1446","1","HQ780549.1.1446","false","HQ780549.1.1446","HQ780549.1.1446"
"strong","1.0","HQ759566.1.1442","1","HQ759566.1.1442","false","HQ759566.1.1442","HQ759566.1.1442"
"strong","1.0","DQ795473.1.1393","1","DQ795473.1.1393","false","DQ795473.1.1393","DQ795473.1.1393"
"strong","1.0","AY974850.1.1358","1","AY974850.1.1358","false","AY974850.1.1358","AY974850.1.1358"
"strong","1.0","FJ363204.1.1363","1","FJ363204.1.1363","false","FJ363204.1.1363","FJ363204.1.1363"
"strong","0.0","GU561366.1.1374","0","GU561366.1.1374","false","GU561366.1.1374","GU561366.1.1374"
"strong","0.0","JF219657.1.1381","0","JF219657.1.1381","false","JF219657.1.1381","JF219657.1.1381"
"strong","1.0","JF241367.1.1381","1","JF241367.1.1381","false","JF241367.1.1381","JF241367.1.1381"
"strong","1.0","HQ804994.1.1438","1","HQ804994.1.1438","false","HQ804994.1.1438","HQ804994.1.1438"
"strong","0.0","JQ468013.1.1397","0","JQ468013.1.1397","false","JQ468013.1.1397","JQ468013.1.1397"
"strong","0.0","JQ447614.1.1398","0","JQ447614.1.1398","false","JQ447614.1.1398","JQ447614.1.1398"
"strong","0.0","JQ452604.1.1398","0","JQ452604.1.1398","false","JQ452604.1.1398","JQ452604.1.1398"
"strong","1.0","JQ452818.1.1384","1","JQ452818.1.1384","false","JQ452818.1.1384","JQ452818.1.1384"
